"metres","GR"
84.1248,4.6123
84.2772,4.53
84.4296,4.0305
84.582,2.8578
84.7344,2.4914
84.8868,3.0107
85.0392,2.58
85.1916,2.53
85.344,3.0892
85.4964,3.1326
85.6488,2.92
85.8012,3.15
85.9536,3.7529
86.106,4.0822
86.2584,4.22
86.4108,4.1815
86.5632,3.5174
86.7156,2.7582
86.868,2.3431
87.0204,2.1828
87.1728,2.1276
87.3252,2.0607
87.4776,2.3158
87.63,2.9859
87.7824,3.1004
87.9348,3.1126
88.0872,2.8889
88.2396,2.9249
88.392,3.045
88.5444,3.1648
88.6968,3.3594
88.8492,3.1989
89.0016,2.6283
89.154,2.2023
89.3064,2.0854
89.4588,2.3452
89.6112,3.1671
89.7636,3.6836
89.916,3.4939
90.0684,2.9912
90.2208,2.8853
90.3732,3.2791
90.5256,3.585
90.678,3.9035
90.8304,4.0479
90.9828,3.9491
91.1352,4.293
91.2876,3.8535
91.44,2.8187
91.5924,2.3714
91.7448,2.822
91.8972,3.5539
92.0496,3.5533
92.202,4.0531
92.3544,4.397
92.5068,4.1398
92.6592,3.5643
92.8116,3.0864
92.964,3.4178
93.1164,3.3083
93.2688,3.8715
93.4212,4.2544
93.5736,4.0622
93.726,3.4233
93.8784,2.7766
94.0308,2.6334
94.1832,2.8224
94.3356,2.8357
94.488,3.6089
94.6404,4.4176
94.7928,5.2479
94.9452,4.8847
95.0976,5.0428
95.25,5.5725
95.4024,5.1413
95.5548,4.8244
95.7072,4.8307
95.8596,5.3828
96.012,5.375
96.1644,5.0952
96.3168,4.8089
96.4692,4.3298
96.6216,3.5397
96.774,3.8815
96.9264,4.1875
97.0788,4.0886
97.2312,3.8684
97.3836,4.7783
97.536,5.7731
97.6884,6.5468
97.8408,6.9367
97.9932,6.8343
98.1456,6.0823
98.298,5.4869
98.4504,5.701
98.6028,5.1764
98.7552,4.4261
98.9076,4.4034
99.06,5.0344
99.2124,4.8545
99.3648,4.6069
99.5172,5.5489
99.6696,6.394
99.822,5.5404
99.9744,5.0685
100.1268,5.4629
100.2792,6.5475
100.4316,6.6674
100.584,6.216
100.7364,5.6594
100.8888,5.2051
101.0412,5.02
101.1936,5.4398
101.346,5.9398
101.4984,5.7565
101.6508,4.8653
101.8032,4.9516
101.9556,5.848
102.108,5.544
102.2604,4.5927
102.4128,4.223
102.5652,4.3186
102.7176,4.07
102.87,4.1448
103.0224,4.5898
103.1748,5.1109
103.3272,5.5938
103.4796,5.7778
103.632,6.0703
103.7844,5.7951
103.9368,5.5835
104.0892,5.9995
104.2416,5.4885
104.394,5.2401
104.5464,5.4324
104.6988,5.5625
104.8512,5.7019
105.0036,5.8075
105.156,6.4556
105.3084,6.5608
105.4608,6.3197
105.6132,5.3119
105.7656,4.9492
105.918,5.2225
106.0704,5.3055
106.2228,5.0589
106.3752,4.9012
106.5276,5.8628
106.68,6.4237
106.8324,6.7472
106.9848,5.562
107.1372,4.5858
107.2896,4.7318
107.442,4.9843
107.5944,4.741
107.7468,4.3748
107.8992,4.3862
108.0516,5.5991
108.204,6.6822
108.3564,7.4025
108.5088,7.7348
108.6612,6.8797
108.8136,6.1042
108.966,5.7722
109.1184,5.3727
109.2708,5.4228
109.4232,6.3518
109.5756,5.9412
109.728,4.9562
109.8804,4.6722
110.0328,5.0231
110.1852,5.1777
110.3376,5.381
110.49,5.7245
110.6424,5.646
110.7948,5.715
110.9472,5.7823
111.0996,5.014
111.252,4.9783
111.4044,5.1565
111.5568,4.2224
111.7092,3.6844
111.8616,3.5977
112.014,3.9286
112.1664,4.0294
112.3188,4.2367
112.4712,4.8143
112.6236,4.7069
112.776,4.7405
112.9284,4.9124
113.0808,5.1165
113.2332,5.2342
113.3856,4.7429
113.538,5.3938
113.6904,5.9508
113.8428,5.8003
113.9952,5.5868
114.1476,6.0374
114.3,6.7183
114.4524,6.5302
114.6048,5.9
114.7572,6.0946
114.9096,6.384
115.062,5.5331
115.2144,4.975
115.3668,4.9634
115.5192,5.1746
115.6716,5.5503
115.824,5.9586
115.9764,6.2801
116.1288,6.246
116.2812,5.5214
116.4336,4.7569
116.586,3.7681
116.7384,4.9905
116.8908,5.6111
117.0432,6.0143
117.1956,6.2431
117.348,6.4238
117.5004,6.3704
117.6528,6.2019
117.8052,5.6732
117.9576,4.873
118.11,4.4076
118.2624,4.3236
118.4148,4.6393
118.5672,4.8269
118.7196,5.0619
118.872,5.242
119.0244,5.2088
119.1768,4.8561
119.3292,5.5047
119.4816,6.2094
119.634,6.3022
119.7864,6.9081
119.9388,7.8463
120.0912,8.0362
120.2436,8.7739
120.396,9.6848
120.5484,10.0447
120.7008,9.126
120.8532,8.1894
121.0056,8.0014
121.158,7.9902
121.3104,8.024
121.4628,8.0673
121.6152,8.1771
121.7676,8.1446
121.92,8.1121
122.0724,8.0796
122.2248,8.1477
122.3772,8.0572
122.5296,8.1963
122.682,6.8731
122.8344,6.2711
122.9868,6.4698
123.1392,6.9094
123.2916,7.3997
123.444,7.7869
123.5964,8.259
123.7488,8.975
123.9012,9.2542
124.0536,8.914
124.206,7.9672
124.3584,7.9019
124.5108,7.43
124.6632,9.264
124.8156,9.4016
124.968,8.427
125.1204,6.6976
125.2728,6.1636
125.4252,6.7879
125.5776,7.1057
125.73,6.3135
125.8824,6.6073
126.0348,7.23
126.1872,6.5959
126.3396,5.7701
126.492,5.5838
126.6444,6.6953
126.7968,7.7258
126.9492,8.0428
127.1016,8.1162
127.254,8.1154
127.4064,7.9099
127.5588,7.9173
127.7112,8.6963
127.8636,7.7118
128.016,7.3376
128.1684,7.2559
128.3208,6.9972
128.4732,7.4403
128.6256,8.7997
128.778,8.7702
128.9304,7.8324
129.0828,7.9473
129.2352,8.812
129.3876,8.8013
129.54,8.176
129.6924,8.5492
129.8448,9.4278
129.9972,10.1824
130.1496,10.0509
130.302,9.0279
130.4544,8.2419
130.6068,8.4179
130.7592,9.639
130.9116,10.1009
131.064,9.8994
131.2164,8.6513
131.3688,8.4438
131.5212,8.6802
131.6736,9.1069
131.826,9.5187
131.9784,9.9047
132.1308,10.6716
132.2832,12.2119
132.4356,12.7778
132.588,11.4726
132.7404,10.6147
132.8928,10.1071
133.0452,10.0315
133.1976,10.2916
133.35,11.1434
133.5024,11.8693
133.6548,12.2482
133.8072,12.3984
133.9596,12.2948
134.112,11.6357
134.2644,12.1058
134.4168,11.6803
134.5692,10.9035
134.7216,10.745
134.874,10.8829
135.0264,11.2233
135.1788,11.5144
135.3312,12.7794
135.4836,13.0577
135.636,13.3009
135.7884,13.2418
135.9408,13.1948
136.0932,13.99
136.2456,13.8086
136.398,11.9484
136.5504,11.1479
136.7028,11.0993
136.8552,10.4776
137.0076,9.4969
137.16,9.0325
137.3124,9.7159
137.4648,9.7617
137.6172,10.6921
137.7696,11.743
137.922,11.6561
138.0744,11.5388
138.2268,12.4672
138.3792,12.6872
138.5316,11.7453
138.684,10.676
138.8364,9.7636
138.9888,8.5227
139.1412,8.1324
139.2936,8.0355
139.446,7.3573
139.5984,7.5159
139.7508,7.8511
139.9032,8.0142
140.0556,8.0033
140.208,8.3901
140.3604,8.2914
140.5128,8.4262
140.6652,8.1983
140.8176,9.5191
140.97,11.0933
141.1224,11.1302
141.2748,11.0392
141.4272,10.713
141.5796,10.0311
141.732,10.3736
141.8844,10.7794
142.0368,11.351
142.1892,10.8124
142.3416,9.8935
142.494,9.6413
142.6464,10.0209
142.7988,8.9619
142.9512,8.2792
143.1036,7.8481
143.256,7.5804
143.4084,7.3258
143.5608,8.3563
143.7132,8.498
143.8656,8.3933
144.018,8.7298
144.1704,8.4324
144.3228,8.7444
144.4752,9.1691
144.6276,8.794
144.78,8.5758
144.9324,8.2306
145.0848,7.601
145.2372,7.5375
145.3896,8.3767
145.542,9.6405
145.6944,9.3902
145.8468,8.6517
145.9992,8.9159
146.1516,9.6835
146.304,8.728
146.4564,8.5995
146.6088,9.271
146.7612,10.6162
146.9136,11.2714
147.066,11.7982
147.2184,12.9684
147.3708,13.7314
147.5232,14.1072
147.6756,14.2848
147.828,14.4043
147.9804,14.4094
148.1328,15.8307
148.2852,16.2474
148.4376,15.6729
148.59,14.051
148.7424,13.3308
148.8948,10.8761
149.0472,10.2038
149.1996,9.9967
149.352,10.651
149.5044,10.7358
149.6568,10.7105
149.8092,11.5463
149.9616,13.0366
150.114,14.0964
150.2664,14.4519
150.4188,14.0824
150.5712,12.8562
150.7236,11.9362
150.876,11.3765
151.0284,11.1717
151.1808,11.5867
151.3332,11.6675
151.4856,11.1168
151.638,10.6591
151.7904,11.3728
151.9428,11.8154
152.0952,11.2581
152.2476,11.1776
152.4,11.976
152.5524,11.2494
152.7048,10.2321
152.8572,10.2556
153.0096,10.7813
153.162,11.3483
153.3144,11.4515
153.4668,11.203
153.6192,11.5855
153.7716,11.5332
153.924,10.691
154.0764,10.8063
154.2288,11.7287
154.3812,12.2569
154.5336,12.2434
154.686,11.9014
154.8384,11.7637
154.9908,12.6472
155.1432,12.9022
155.2956,12.5918
155.448,11.5364
155.6004,11.573
155.7528,11.5822
155.9052,12.3765
156.0576,12.5251
156.21,11.6555
156.3624,10.6784
156.5148,9.9934
156.6672,10.2992
156.8196,11.3795
156.972,12.7365
157.1244,13.2441
157.2768,13.2164
157.4292,12.8964
157.5816,12.5902
157.734,11.0466
157.8864,9.6595
158.0388,10.2422
158.1912,11.0748
158.3436,11.8351
158.496,12.1873
158.6484,11.7069
158.8008,10.7767
158.9532,10.6829
159.1056,11.6425
159.258,12.1875
159.4104,12.191
159.5628,11.7627
159.7152,11.2631
159.8676,10.9411
160.02,9.8848
160.1724,9.5367
160.3248,10.1269
160.4772,10.2432
160.6296,9.9619
160.782,8.9722
160.9344,8.1142
161.0868,10.6148
161.2392,11.4684
161.3916,11.4564
161.544,10.449
161.6964,9.6494
161.8488,9.4148
162.0012,10.283
162.1536,10.1112
162.306,9.9536
162.4584,9.936
162.6108,10.6626
162.7632,11.3214
162.9156,11.3552
163.068,10.4202
163.2204,10.2862
163.3728,9.9373
163.5252,9.3846
163.6776,9.5829
163.83,9.4828
163.9824,8.7707
164.1348,8.5579
164.2872,9.9972
164.4396,10.6715
164.592,10.6086
164.7444,10.2357
164.8968,11.0048
165.0492,11.0535
165.2016,11.1668
165.354,11.6238
165.5064,10.7882
165.6588,11.0226
165.8112,11.7637
165.9636,12.3609
166.116,12.8899
166.2684,13.0573
166.4208,12.3162
166.5732,11.5684
166.7256,11.1028
166.878,11.1925
167.0304,12.1345
167.1828,12.5005
167.3352,13.0935
167.4876,13.6872
167.64,13.5929
167.7924,13.9087
167.9448,14.2679
168.0972,13.7305
168.2496,13.8686
168.402,13.9467
168.5544,13.3196
168.7068,13.0768
168.8592,12.8391
169.0116,12.4667
169.164,12.2524
169.3164,11.9306
169.4688,11.412
169.6212,11.4757
169.7736,11.782
169.926,11.2592
170.0784,10.609
170.2308,9.7744
170.3832,8.7841
170.5356,8.86
170.688,9.3472
170.8404,8.9645
170.9928,8.3336
171.1452,8.4993
171.2976,8.9476
171.45,8.6152
171.6024,8.2719
171.7548,8.1519
171.9072,8.498
172.0596,7.9312
172.212,7.1753
172.3644,7.9929
172.5168,8.1593
172.6692,7.9369
172.8216,8.1069
172.974,8.7154
173.1264,9.666
173.2788,10.0138
173.4312,8.9926
173.5836,7.9047
173.736,7.8702
173.8884,8.956
174.0408,10.146
174.1932,11.028
174.3456,11.8331
174.498,12.1612
174.6504,11.1459
174.8028,11.3478
174.9552,11.6922
175.1076,10.708
175.26,10.6236
175.4124,10.6983
175.5648,10.8018
175.7172,10.9212
175.8696,10.7949
176.022,10.6597
176.1744,10.0512
176.3268,8.862
176.4792,8.0085
176.6316,7.7152
176.784,7.7345
176.9364,7.7691
177.0888,7.9951
177.2412,8.4834
177.3936,8.1411
177.546,7.7193
177.6984,7.8234
177.8508,8.072
178.0032,8.2742
178.1556,9.1714
178.308,9.9075
178.4604,9.7782
178.6128,9.974
178.7652,9.6646
178.9176,9.1898
179.07,9.1151
179.2224,8.4813
179.3748,7.7766
179.5272,7.8423
179.6796,9.6533
179.832,11.223
179.9844,11.5166
180.1368,11.6128
180.2892,11.6077
180.4416,11.7155
180.594,12.4015
180.7464,13.111
180.8988,12.7123
181.0512,11.9239
181.2036,12.6211
181.356,12.432
181.5084,11.0661
181.6608,10.585
181.8132,10.2149
181.9656,9.5272
182.118,9.7533
182.2704,10.6315
182.4228,11.0194
182.5752,10.9252
182.7276,10.6647
182.88,9.8762
183.0324,9.9024
183.1848,10.0712
183.3372,9.623
183.4896,9.732
183.642,10.1606
183.7944,10.1061
183.9468,9.3261
184.0992,8.8812
184.2516,8.7571
184.404,8.845
184.5564,9.0943
184.7088,9.1973
184.8612,8.985
185.0136,8.8927
185.166,8.5383
185.3184,7.6221
185.4708,8.5224
185.6232,8.5161
185.7756,7.7915
185.928,7.4683
186.0804,7.5197
186.2328,7.4915
186.3852,8.2395
186.5376,8.9706
186.69,9.7362
186.8424,10.4288
186.9948,10.6698
187.1472,10.1503
187.2996,10.1768
187.452,10.5174
187.6044,11.0467
187.7568,11.6405
187.9092,12.1589
188.0616,12.3307
188.214,11.0882
188.3664,11.0313
188.5188,10.0742
188.6712,8.6829
188.8236,8.0688
188.976,7.8728
189.1284,8.2227
189.2808,9.1245
189.4332,10.4727
189.5856,10.6926
189.738,9.8421
189.8904,9.1801
190.0428,10.334
190.1952,10.4114
190.3476,9.8029
190.5,9.3214
190.6524,9.5992
190.8048,9.6134
190.9572,8.2261
191.1096,7.623
191.262,8.0086
191.4144,9.0614
191.5668,8.6609
191.7192,7.6833
191.8716,7.6174
192.024,8.2068
192.1764,8.4692
192.3288,8.3766
192.4812,6.7779
192.6336,6.6397
192.786,6.5571
192.9384,6.5319
193.0908,6.5025
193.2432,6.4397
193.3956,6.6761
193.548,7.1514
193.7004,7.8656
193.8528,9.0123
194.0052,9.5915
194.1576,8.8197
194.31,7.6102
194.4624,7.0676
194.6148,7.1391
194.7672,7.5299
194.9196,8.0593
195.072,7.5413
195.2244,7.4084
195.3768,8.0997
195.5292,8.6378
195.6816,8.9881
195.834,9.3992
195.9864,9.0886
196.1388,9.0486
196.2912,9.0133
196.4436,8.3391
196.596,8.491
196.7484,9.1159
196.9008,9.2032
197.0532,8.6383
197.2056,8.0343
197.358,7.8146
197.5104,7.2964
197.6628,7.9225
197.8152,8.2519
197.9676,8.0253
198.12,7.7418
198.2724,7.8419
198.4248,7.5517
198.5772,6.9772
198.7296,6.9464
198.882,7.0215
199.0344,6.8827
199.1868,6.9043
199.3392,7.9617
199.4916,8.6532
199.644,9.1714
199.7964,9.2389
199.9488,8.8842
200.1012,9.1338
200.2536,9.156
200.406,8.7378
200.5584,9.3011
200.7108,9.9684
200.8632,9.5748
201.0156,9.0424
201.168,8.8094
201.3204,8.6885
201.4728,8.3203
201.6252,8.2976
201.7776,9.236
201.93,9.8127
202.0824,9.2881
202.2348,8.7386
202.3872,8.5671
202.5396,8.6465
202.692,8.2916
202.8444,7.7616
202.9968,8.1146
203.1492,8.4429
203.3016,8.0346
203.454,8.059
203.6064,7.7503
203.7588,8.5325
203.9112,9.0537
204.0636,8.7701
204.216,9.3724
204.3684,9.8804
204.5208,10.1304
204.6732,10.1586
204.8256,9.8497
204.978,8.9673
205.1304,8.0532
205.2828,8.2499
205.4352,8.6806
205.5876,8.5702
205.74,8.7646
205.8924,9.3269
206.0448,9.523
206.1972,8.9234
206.3496,7.1235
206.502,7.1529
206.6544,7.1366
206.8068,7.4387
206.9592,8.7346
207.1116,9.1162
207.264,9.3031
207.4164,9.4839
207.5688,9.7192
207.7212,9.9736
207.8736,10.2211
208.026,10.8645
208.1784,11.4746
208.3308,11.9638
208.4832,11.8443
208.6356,10.819
208.788,11.2062
208.9404,11.4172
209.0928,10.8366
209.2452,10.0257
209.3976,9.978
209.55,9.9443
209.7024,9.8826
209.8548,10.038
210.0072,10.0492
210.1596,9.4561
210.312,9.189
210.4644,8.5907
210.6168,8.1185
210.7692,8.3332
210.9216,9.136
211.074,8.7735
211.2264,8.6716
211.3788,8.3229
211.5312,7.8805
211.6836,8.2302
211.836,8.3705
211.9884,7.9223
212.1408,8.1732
212.2932,8.6115
212.4456,7.736
212.598,7.9122
212.7504,8.4724
212.9028,8.7981
213.0552,8.4559
213.2076,7.5863
213.36,7.8239
213.5124,8.4552
213.6648,9.4021
213.8172,10.6784
213.9696,12.8602
214.122,14.0994
214.2744,15.6433
214.4268,18.2437
214.5792,20.6059
214.7316,21.9784
214.884,22.0836
215.0364,19.86
215.1888,19.3515
215.3412,18.7703
215.4936,17.996
215.646,17.2598
215.7984,14.9471
215.9508,12.9413
216.1032,10.8699
216.2556,10.1981
216.408,10.8621
216.5604,11.752
216.7128,11.2499
216.8652,9.6026
217.0176,9.0892
217.17,9.1201
217.3224,8.0815
217.4748,7.4367
217.6272,7.5085
217.7796,7.7588
217.932,8.8663
218.0844,10.2512
218.2368,10.0348
218.3892,11.4933
218.5416,12.9219
218.694,12.6723
218.8464,10.7393
218.9988,9.9513
219.1512,9.5522
219.3036,9.012
219.456,8.9817
219.6084,9.4063
219.7608,8.888
219.9132,9.3993
220.0656,10.5331
220.218,10.6555
220.3704,9.4079
220.5228,8.7743
220.6752,8.9098
220.8276,9.3302
220.98,10.0117
221.1324,10.2393
221.2848,9.8357
221.4372,9.0785
221.5896,8.3142
221.742,7.9071
221.8944,8.4527
222.0468,8.4879
222.1992,7.9128
222.3516,8.0984
222.504,7.6905
222.6564,8.1366
222.8088,8.4455
222.9612,7.4543
223.1136,7.3082
223.266,8.1494
223.4184,8.8845
223.5708,8.8758
223.7232,7.5726
223.8756,6.6987
224.028,6.2249
224.1804,6.7176
224.3328,7.4349
224.4852,7.5254
224.6376,7.105
224.79,7.1371
224.9424,8.0348
225.0948,8.2349
225.2472,7.6609
225.3996,7.4456
225.552,8.144
225.7044,7.9161
225.8568,7.1514
226.0092,6.929
226.1616,7.0894
226.314,7.7019
226.4664,8.9853
226.6188,9.9904
226.7712,10.6767
226.9236,11.0474
227.076,11.2851
227.2284,10.8371
227.3808,11.9315
227.5332,11.743
227.6856,11.3227
227.838,10.8188
227.9904,9.9631
228.1428,7.8278
228.2952,7.2431
228.4476,7.0762
228.6,8.6608
228.7524,8.4834
228.9048,8.7948
229.0572,9.1625
229.2096,8.3107
229.362,7.67
229.5144,7.9566
229.6668,8.1852
229.8192,8.4356
229.9716,9.4439
230.124,10.96
230.2764,10.9797
230.4288,10.3104
230.5812,11.1898
230.7336,12.2605
230.886,11.5117
231.0384,11.4266
231.1908,11.3178
231.3432,10.8018
231.4956,9.8943
231.648,9.6095
231.8004,9.2215
231.9528,8.4251
232.1052,8.6188
232.2576,8.0556
232.41,7.289
232.5624,7.9946
232.7148,8.0727
232.8672,6.9085
233.0196,7.0445
233.172,7.3117
233.3244,7.5809
233.4768,7.4563
233.6292,7.3197
233.7816,7.5689
233.934,7.8316
234.0864,8.0283
234.2388,7.9644
234.3912,8.2079
234.5436,8.9586
234.696,9.8404
234.8484,10.4395
235.0008,10.8474
235.1532,10.9899
235.3056,10.9544
235.458,10.7128
235.6104,10.5864
235.7628,10.4586
235.9152,10.311
236.0676,10.2776
236.22,10.7782
236.3724,11.2774
236.5248,11.8121
236.6772,12.8549
236.8296,12.9478
236.982,12.1098
237.1344,11.5816
237.2868,12.2367
237.4392,12.0056
237.5916,11.2974
237.744,12.1329
237.8964,12.8329
238.0488,14.3702
238.2012,14.5404
238.3536,13.978
238.506,14.7689
238.6584,15.9726
238.8108,16.0146
238.9632,15.2182
239.1156,14.0935
239.268,13.2867
239.4204,13.9552
239.5728,14.9399
239.7252,15.0659
239.8776,14.204
240.03,14.4689
240.1824,14.8168
240.3348,16.2246
240.4872,16.4016
240.6396,15.873
240.792,14.7227
240.9444,14.2934
241.0968,15.6977
241.2492,16.1116
241.4016,15.9703
241.554,15.7965
241.7064,14.4837
241.8588,14.8861
242.0112,16.036
242.1636,17.2455
242.316,17.7397
242.4684,16.7082
242.6208,15.2917
242.7732,14.2816
242.9256,13.5692
243.078,13.7868
243.2304,13.9533
243.3828,13.93
243.5352,12.6033
243.6876,13.5696
243.84,14.6086
243.9924,15.3437
244.1448,14.1829
244.2972,14.6085
244.4496,15.0323
244.602,13.9273
244.7544,12.9793
244.9068,12.3137
245.0592,11.6156
245.2116,12.2486
245.364,13.4461
245.5164,13.9787
245.6688,15.0005
245.8212,15.8122
245.9736,16.2423
246.126,17.276
246.2784,17.5025
246.4308,16.3568
246.5832,15.9754
246.7356,15.6132
246.888,15.5132
247.0404,16.0931
247.1928,16.9263
247.3452,16.8098
247.4976,16.2881
247.65,16.6658
247.8024,16.1946
247.9548,14.8877
248.1072,14.241
248.2596,15.0004
248.412,15.7302
248.5644,15.9211
248.7168,14.9505
248.8692,14.0547
249.0216,13.832
249.174,13.0951
249.3264,11.7627
249.4788,10.8106
249.6312,10.6211
249.7836,10.7884
249.936,12.7811
250.0884,13.4526
250.2408,13.5299
250.3932,13.3188
250.5456,12.94
250.698,12.5163
250.8504,12.2759
251.0028,12.2304
251.1552,12.7353
251.3076,13.4519
251.46,13.677
251.6124,13.0547
251.7648,13.3991
251.9172,12.9054
252.0696,12.5232
252.222,12.7174
252.3744,11.47
252.5268,11.0385
252.6792,12.0278
252.8316,11.3362
252.984,10.8773
253.1364,10.7524
253.2888,11.3086
253.4412,11.8021
253.5936,11.5935
253.746,11.5922
253.8984,12.797
254.0508,13.3324
254.2032,13.5157
254.3556,13.9547
254.508,15.2103
254.6604,17.4256
254.8128,20.4478
254.9652,23.0503
255.1176,25.4929
255.27,25.7566
255.4224,22.3613
255.5748,18.0737
255.7272,13.9004
255.8796,11.3598
256.032,11.4037
256.1844,13.1576
256.3368,13.329
256.4892,12.3093
256.6416,11.3819
256.794,11.9909
256.9464,12.9739
257.0988,13.6822
257.2512,14.1542
257.4036,14.2697
257.556,14.1498
257.7084,12.9032
257.8608,11.1795
258.0132,10.8777
258.1656,11.5341
258.318,12.6599
258.4704,13.0404
258.6228,12.3521
258.7752,12.695
258.9276,13.2833
259.08,13.5334
259.2324,12.7558
259.3848,13.0468
259.5372,13.3955
259.6896,13.6646
259.842,13.7152
259.9944,13.9374
260.1468,14.0841
260.2992,12.7719
260.4516,12.4115
260.604,12.1213
260.7564,11.2768
260.9088,11.2121
261.0612,11.4966
261.2136,11.6471
261.366,10.3069
261.5184,9.4419
261.6708,8.8417
261.8232,8.5401
261.9756,9.6389
262.128,10.8376
262.2804,12.029
262.4328,11.5378
262.5852,11.7998
262.7376,12.4484
262.89,12.9016
263.0424,12.8099
263.1948,12.4576
263.3472,12.0508
263.4996,12.915
263.652,14.3087
263.8044,13.7987
263.9568,13.4202
264.1092,13.4161
264.2616,13.7097
264.414,14.7049
264.5664,15.8551
264.7188,16.1615
264.8712,14.7894
265.0236,14.3184
265.176,14.4076
265.3284,13.6428
265.4808,13.1753
265.6332,13.3917
265.7856,13.5687
265.938,12.9763
266.0904,11.9807
266.2428,11.8546
266.3952,11.8496
266.5476,12.1339
266.7,12.5974
266.8524,13.9114
267.0048,17.1181
267.1572,19.0685
267.3096,21.5977
267.462,23.2257
267.6144,22.4414
267.7668,18.2181
267.9192,16.8977
268.0716,16.3569
268.224,14.9083
268.3764,13.8395
268.5288,14.5354
268.6812,14.9177
268.8336,13.5215
268.986,13.5479
269.1384,14.4091
269.2908,14.563
269.4432,13.5581
269.5956,12.8999
269.748,13.4649
269.9004,14.9642
270.0528,16.469
270.2052,17.339
270.3576,18.8392
270.51,19.9151
270.6624,18.9999
270.8148,20.4539
270.9672,20.48
271.1196,20.6713
271.272,21.7121
271.4244,22.382
271.5768,21.2585
271.7292,20.1479
271.8816,19.6091
272.034,19.3691
272.1864,19.1442
272.3388,16.5345
272.4912,15.3733
272.6436,14.0286
272.796,14.8778
272.9484,14.8655
273.1008,13.841
273.2532,12.5936
273.4056,12.0217
273.558,13.2549
273.7104,15.3259
273.8628,16.2772
274.0152,15.743
274.1676,15.1405
274.32,15.4072
274.4724,14.9937
274.6248,13.8426
274.7772,15.0281
274.9296,16.2448
275.082,16.324
275.2344,15.1754
275.3868,14.2549
275.5392,13.4197
275.6916,12.739
275.844,12.7347
275.9964,13.4118
276.1488,13.1935
276.3012,12.7469
276.4536,13.3665
276.606,13.1988
276.7584,11.0105
276.9108,10.5572
277.0632,10.0347
277.2156,9.5688
277.368,10.4365
277.5204,11.2585
277.6728,11.852
277.8252,12.4602
277.9776,13.3523
278.13,14.3339
278.2824,14.5912
278.4348,13.5146
278.5872,13.8092
278.7396,14.3619
278.892,14.5059
279.0444,13.6535
279.1968,13.9693
279.3492,14.5905
279.5016,14.9225
279.654,14.6366
279.8064,14.9044
279.9588,15.0762
280.1112,14.7213
280.2636,14.053
280.416,13.7294
280.5684,13.6294
280.7208,13.8942
280.8732,14.3762
281.0256,14.5139
281.178,14.3045
281.3304,13.8563
281.4828,13.7489
281.6352,14.7818
281.7876,15.753
281.94,16.4681
282.0924,16.5737
282.2448,15.1108
282.3972,14.4199
282.5496,14.6466
282.702,14.3613
282.8544,15.1021
283.0068,14.7072
283.1592,13.3494
283.3116,13.0019
283.464,12.9955
283.6164,12.8173
283.7688,13.0709
283.9212,12.5191
284.0736,12.835
284.226,14.252
284.3784,14.8553
284.5308,15.0752
284.6832,15.2237
284.8356,15.585
284.988,16.3001
285.1404,17.2348
285.2928,18.0604
285.4452,18.2096
285.5976,16.5187
285.75,14.4267
285.9024,13.4639
286.0548,13.1679
286.2072,12.9272
286.3596,12.7314
286.512,12.953
286.6644,13.3172
286.8168,11.9063
286.9692,11.316
287.1216,10.3263
287.274,11.4006
287.4264,12.5012
287.5788,13.0259
287.7312,13.6837
287.8836,14.0111
288.036,14.4371
288.1884,13.7627
288.3408,12.395
288.4932,13.3847
288.6456,13.6572
288.798,13.4066
288.9504,14.6211
289.1028,15.1855
289.2552,15.7908
289.4076,15.3468
289.56,14.3914
289.7124,13.9633
289.8648,14.2974
290.0172,15.8584
290.1696,17.0683
290.322,17.8315
290.4744,18.0356
290.6268,17.3822
290.7792,15.5589
290.9316,14.5914
291.084,14.3115
291.2364,14.1756
291.3888,13.8817
291.5412,13.0142
291.6936,13.4407
291.846,14.9482
291.9984,16.0765
292.1508,16.4502
292.3032,17.1121
292.4556,16.9777
292.608,16.3507
292.7604,15.203
292.9128,15.6719
293.0652,16.6195
293.2176,16.4862
293.37,17.0369
293.5224,17.8206
293.6748,17.5448
293.8272,17.3837
293.9796,19.0898
294.132,20.4149
294.2844,20.7893
294.4368,20.0588
294.5892,19.6673
294.7416,19.7073
294.894,19.7076
295.0464,18.7361
295.1988,19.3748
295.3512,19.4801
295.5036,16.6696
295.656,14.8767
295.8084,14.0484
295.9608,14.1658
296.1132,14.0948
296.2656,13.4153
296.418,11.2452
296.5704,10.8846
296.7228,11.6437
296.8752,12.4733
297.0276,12.3194
297.18,13.2558
297.3324,13.3239
297.4848,11.9972
297.6372,11.7435
297.7896,12.6609
297.942,13.933
298.0944,14.6774
298.2468,14.4753
298.3992,14.1127
298.5516,13.5281
298.704,12.8503
298.8564,12.5928
299.0088,13.3877
299.1612,12.8924
299.3136,12.252
299.466,12.4322
299.6184,12.1868
299.7708,11.4279
299.9232,11.7819
300.0756,13.4889
300.228,13.2924
300.3804,12.9482
300.5328,13.2283
300.6852,12.7283
300.8376,11.5862
300.99,10.6914
301.1424,11.7999
301.2948,12.951
301.4472,12.3955
301.5996,12.4022
301.752,13.5785
301.9044,13.9358
302.0568,13.9678
302.2092,13.901
302.3616,13.7439
302.514,13.4264
302.6664,12.2786
302.8188,11.0973
302.9712,10.6608
303.1236,12.0667
303.276,12.0463
303.4284,10.8318
303.5808,10.4875
303.7332,10.9302
303.8856,11.8687
304.038,10.7213
304.1904,10.5231
304.3428,10.9101
304.4952,10.7661
304.6476,10.3444
304.8,11.4879
304.9524,12.1187
305.1048,11.7448
305.2572,11.454
305.4096,11.6056
305.562,12.342
305.7144,12.8323
305.8668,12.8131
306.0192,12.3572
306.1716,11.4413
306.324,11.6479
306.4764,11.4654
306.6288,10.6936
306.7812,10.0462
306.9336,11.0302
307.086,12.0246
307.2384,10.094
307.3908,9.5076
307.5432,9.709
307.6956,10.2765
307.848,9.5471
308.0004,8.7311
308.1528,9.2873
308.3052,10.6265
308.4576,11.8823
308.61,10.9154
308.7624,10.7633
308.9148,10.9754
309.0672,9.8479
309.2196,9.2185
309.372,10.1716
309.5244,10.7667
309.6768,9.988
309.8292,8.8708
309.9816,9.1031
310.134,10.3892
310.2864,10.2859
310.4388,9.7302
310.5912,9.6117
310.7436,9.7548
310.896,10.6394
311.0484,10.9662
311.2008,10.2899
311.3532,10.1533
311.5056,10.4183
311.658,10.455
311.8104,10.064
311.9628,9.1631
312.1152,8.7952
312.2676,8.4735
312.42,8.2724
312.5724,8.9143
312.7248,10.4342
312.8772,10.1564
313.0296,9.2963
313.182,9.5258
313.3344,9.7906
313.4868,9.7513
313.6392,10.2031
313.7916,10.9469
313.944,11.4758
314.0964,12.0523
314.2488,9.9414
314.4012,9.303
314.5536,9.8022
314.706,10.8986
314.8584,11.2642
315.0108,9.4452
315.1632,8.9946
315.3156,8.7031
315.468,8.1481
315.6204,8.7017
315.7728,10.0712
315.9252,11.2855
316.0776,10.7463
316.23,9.1082
316.3824,8.6503
316.5348,8.7484
316.6872,9.3185
316.8396,10.4941
316.992,11.6853
317.1444,12.3797
317.2968,12.4092
317.4492,10.7404
317.6016,9.8351
317.754,10.4734
317.9064,10.2123
318.0588,10.6001
318.2112,10.8448
318.3636,10.4597
318.516,10.6548
318.6684,10.5841
318.8208,10.0202
318.9732,9.5378
319.1256,10.1184
319.278,11.1093
319.4304,13.0695
319.5828,11.8754
319.7352,10.7358
319.8876,9.9115
320.04,9.2698
320.1924,9.2785
320.3448,9.8791
320.4972,10.2875
320.6496,10.1643
320.802,10.9284
320.9544,11.583
321.1068,11.9748
321.2592,11.3715
321.4116,11.189
321.564,11.553
321.7164,12.0482
321.8688,12.5632
322.0212,13.1431
322.1736,12.2198
322.326,11.321
322.4784,11.1214
322.6308,11.3668
322.7832,11.489
322.9356,11.3436
323.088,11.0606
323.2404,11.2193
323.3928,10.7578
323.5452,9.8812
323.6976,9.4721
323.85,9.5126
324.0024,10.1199
324.1548,9.6736
324.3072,8.6219
324.4596,8.4148
324.612,8.644
324.7644,8.7989
324.9168,10.9866
325.0692,12.626
325.2216,13.6964
325.374,13.9235
325.5264,12.2011
325.6788,12.1857
325.8312,11.6775
325.9836,11.2584
326.136,11.3244
326.2884,11.2069
326.4408,11.1258
326.5932,11.2049
326.7456,11.9598
326.898,12.3595
327.0504,11.6051
327.2028,12.069
327.3552,11.7161
327.5076,10.6874
327.66,11.2987
327.8124,11.7957
327.9648,11.4763
328.1172,11.2924
328.2696,11.7303
328.422,12.9711
328.5744,12.766
328.7268,12.7906
328.8792,12.7833
329.0316,11.9304
329.184,11.2709
329.3364,11.4417
329.4888,12.5218
329.6412,13.3589
329.7936,13.1184
329.946,12.2434
330.0984,11.7443
330.2508,12.2107
330.4032,12.7755
330.5556,12.4734
330.708,12.1204
330.8604,11.7348
331.0128,11.3518
331.1652,10.9097
331.3176,11.6413
331.47,12.8552
331.6224,12.2006
331.7748,11.8907
331.9272,12.0742
332.0796,13.3162
332.232,12.8209
332.3844,11.6771
332.5368,12.9185
332.6892,13.4113
332.8416,12.984
332.994,12.5404
333.1464,11.1206
333.2988,10.0281
333.4512,9.2693
333.6036,9.3118
333.756,9.9055
333.9084,10.0637
334.0608,10.6933
334.2132,11.2687
334.3656,11.4349
334.518,11.6642
334.6704,11.9286
334.8228,12.0735
334.9752,11.333
335.1276,9.2029
335.28,8.5874
335.4324,11.0033
335.5848,12.545
335.7372,13.1633
335.8896,12.3676
336.042,11.4474
336.1944,11.3948
336.3468,11.2324
336.4992,10.3893
336.6516,9.6872
336.804,9.4952
336.9564,10.3269
337.1088,11.1681
337.2612,11.9952
337.4136,12.6468
337.566,11.7591
337.7184,11.8622
337.8708,11.9913
338.0232,12.0581
338.1756,12.7447
338.328,13.8045
338.4804,13.4409
338.6328,12.7641
338.7852,13.0117
338.9376,11.4205
339.09,10.4009
339.2424,10.1821
339.3948,10.0294
339.5472,10.6648
339.6996,11.0301
339.852,10.2119
340.0044,9.9597
340.1568,9.3926
340.3092,8.356
340.4616,7.9096
340.614,8.5243
340.7664,9.1609
340.9188,9.1322
341.0712,9.6338
341.2236,10.2709
341.376,10.3097
341.5284,10.0673
341.6808,10.2908
341.8332,11.3779
341.9856,11.5924
342.138,11.1835
342.2904,10.1103
342.4428,9.365
342.5952,9.7019
342.7476,10.6637
342.9,11.9186
343.0524,11.767
343.2048,11.1962
343.3572,10.2004
343.5096,10.5696
343.662,11.0494
343.8144,11.2599
343.9668,10.2854
344.1192,9.8303
344.2716,10.4214
344.424,11.1794
344.5764,11.7775
344.7288,12.4587
344.8812,13.0493
345.0336,12.5318
345.186,10.8576
345.3384,10.7465
345.4908,10.6841
345.6432,9.7867
345.7956,9.7289
345.948,10.6096
346.1004,11.6713
346.2528,12.0984
346.4052,11.7031
346.5576,12.2597
346.71,11.6233
346.8624,11.5909
347.0148,12.3885
347.1672,12.5079
347.3196,12.2617
347.472,12.7711
347.6244,12.5918
347.7768,11.9239
347.9292,11.4945
348.0816,11.0847
348.234,11.2696
348.3864,11.5759
348.5388,10.6517
348.6912,9.3364
348.8436,8.6276
348.996,8.9311
349.1484,10.1052
349.3008,11.2303
349.4532,12.0036
349.6056,12.6601
349.758,12.2419
349.9104,11.0691
350.0628,11.0181
350.2152,11.5181
350.3676,11.6564
350.52,12.1618
350.6724,12.0283
350.8248,11.5083
350.9772,12.319
351.1296,12.6617
351.282,11.5137
351.4344,11.453
351.5868,11.6625
351.7392,13.2002
351.8916,14.3024
352.044,14.4514
352.1964,13.7529
352.3488,13.8345
352.5012,13.0273
352.6536,12.3176
352.806,12.0512
352.9584,12.462
353.1108,12.5096
353.2632,12.0778
353.4156,12.8638
353.568,12.1216
353.7204,11.8166
353.8728,13.0306
354.0252,14.2036
354.1776,14.5664
354.33,14.4303
354.4824,13.4337
354.6348,12.7106
354.7872,12.7895
354.9396,13.3542
355.092,13.7249
355.2444,13.3548
355.3968,12.8629
355.5492,12.5334
355.7016,12.7506
355.854,13.3298
356.0064,14.6764
356.1588,14.8449
356.3112,14.3089
356.4636,12.2967
356.616,10.9095
356.7684,10.2048
356.9208,10.3594
357.0732,11.3625
357.2256,12.6188
357.378,13.2925
357.5304,13.3027
357.6828,13.3735
357.8352,13.5182
357.9876,12.1653
358.14,11.3321
358.2924,12.48
358.4448,14.0022
358.5972,13.9306
358.7496,13.1204
358.902,12.518
359.0544,12.4096
359.2068,12.7726
359.3592,13.3472
359.5116,12.9958
359.664,12.4933
359.8164,12.5997
359.9688,13.1069
360.1212,12.8789
360.2736,13.1549
360.426,12.9321
360.5784,12.0421
360.7308,11.0839
360.8832,10.9038
361.0356,11.6821
361.188,13.0632
361.3404,13.509
361.4928,13.8305
361.6452,14.0631
361.7976,14.2243
361.95,14.2996
362.1024,15.4802
362.2548,14.9562
362.4072,15.1582
362.5596,15.2189
362.712,14.7043
362.8644,13.5892
363.0168,12.9617
363.1692,14.4851
363.3216,13.7667
363.474,13.2384
363.6264,13.59
363.7788,15.1654
363.9312,15.2386
364.0836,14.2648
364.236,13.2904
364.3884,12.4387
364.5408,11.8093
364.6932,11.9401
364.8456,12.1048
364.998,12.4268
365.1504,12.7264
365.3028,13.1022
365.4552,13.5979
365.6076,12.0679
365.76,11.8702
365.9124,11.6664
366.0648,11.1304
366.2172,11.6482
366.3696,12.2793
366.522,13.5505
366.6744,14.4533
366.8268,14.4838
366.9792,13.4682
367.1316,13.8113
367.284,13.6237
367.4364,12.0426
367.5888,11.1342
367.7412,10.5986
367.8936,11.1617
368.046,12.0436
368.1984,12.3333
368.3508,11.2146
368.5032,10.1507
368.6556,9.8927
368.808,10.3963
368.9604,11.0553
369.1128,12.5065
369.2652,12.4475
369.4176,13.0434
369.57,11.5849
369.7224,10.2959
369.8748,10.1683
370.0272,9.598
370.1796,9.5987
370.332,10.3845
370.4844,10.5999
370.6368,10.7192
370.7892,11.3836
370.9416,10.9683
371.094,10.1001
371.2464,10.0093
371.3988,10.866
371.5512,10.703
371.7036,10.5433
371.856,10.6297
372.0084,11.6732
372.1608,12.3548
372.3132,12.1564
372.4656,10.8417
372.618,10.2524
372.7704,10.2456
372.9228,10.3261
373.0752,10.3696
373.2276,10.0555
373.38,10.0981
373.5324,10.2331
373.6848,10.1572
373.8372,10.2093
373.9896,11.6095
374.142,12.4993
374.2944,12.6368
374.4468,12.3447
374.5992,12.0616
374.7516,11.4526
374.904,10.7202
375.0564,10.8369
375.2088,9.8845
375.3612,9.2744
375.5136,9.5064
375.666,10.0761
375.8184,9.9271
375.9708,10.5078
376.1232,10.3575
376.2756,10.7882
376.428,10.3614
376.5804,11.1494
376.7328,10.8929
376.8852,10.7233
377.0376,10.8397
377.19,11.6482
377.3424,11.3003
377.4948,10.5173
377.6472,10.2811
377.7996,9.914
377.952,9.3627
378.1044,8.7749
378.2568,8.3138
378.4092,8.2842
378.5616,8.3848
378.714,9.0005
378.8664,9.8683
379.0188,10.703
379.1712,11.7787
379.3236,12.0845
379.476,10.9143
379.6284,10.5138
379.7808,10.0883
379.9332,9.6168
380.0856,9.5973
380.238,10.8467
380.3904,11.5558
380.5428,11.81
380.6952,11.3881
380.8476,10.8227
381,11.0548
381.1524,10.949
381.3048,11.0218
381.4572,11.2319
381.6096,10.6499
381.762,11.2057
381.9144,11.8242
382.0668,11.6378
382.2192,10.919
382.3716,10.5726
382.524,10.5754
382.6764,10.7129
382.8288,10.9554
382.9812,9.8612
383.1336,9.9579
383.286,10.4885
383.4384,10.7575
383.5908,10.6983
383.7432,9.8642
383.8956,10.3813
384.048,11.3891
384.2004,12.2971
384.3528,12.3435
384.5052,13.3293
384.6576,13.4248
384.81,11.7384
384.9624,10.8718
385.1148,10.9739
385.2672,11.967
385.4196,12.188
385.572,12.24
385.7244,12.7167
385.8768,12.6216
386.0292,11.8744
386.1816,10.9662
386.334,10.5548
386.4864,10.9715
386.6388,11.4967
386.7912,12.6352
386.9436,13.7041
387.096,14.6441
387.2484,13.813
387.4008,13.2963
387.5532,13.6861
387.7056,14.9976
387.858,17.1461
388.0104,17.9517
388.1628,19.3662
388.3152,17.7182
388.4676,16.9735
388.62,17.3421
388.7724,16.7918
388.9248,16.2773
389.0772,15.2664
389.2296,15.8255
389.382,14.1625
389.5344,13.189
389.6868,12.0948
389.8392,12.066
389.9916,12.7815
390.144,14.2364
390.2964,14.3279
390.4488,13.5978
390.6012,13.3896
390.7536,12.7069
390.906,11.6554
391.0584,11.8653
391.2108,12.1148
391.3632,12.0364
391.5156,12.2743
391.668,12.5967
391.8204,12.9301
391.9728,13.6934
392.1252,12.9804
392.2776,13.5353
392.43,13.4557
392.5824,12.932
392.7348,13.4502
392.8872,13.0396
393.0396,12.9022
393.192,12.7751
393.3444,13.3073
393.4968,12.4166
393.6492,11.623
393.8016,11.3694
393.954,11.3749
394.1064,11.8991
394.2588,12.5593
394.4112,13.2692
394.5636,13.161
394.716,12.0804
394.8684,11.3791
395.0208,10.9216
395.1732,11.8199
395.3256,12.6681
395.478,13.148
395.6304,13.3671
395.7828,13.9938
395.9352,14.8863
396.0876,15.3562
396.24,14.1263
396.3924,13.0613
396.5448,12.2062
396.6972,12.937
396.8496,12.8953
397.002,11.4343
397.1544,11.1227
397.3068,12.592
397.4592,12.0004
397.6116,11.6294
397.764,11.9389
397.9164,11.3831
398.0688,11.1788
398.2212,12.0945
398.3736,13.3773
398.526,14.0035
398.6784,12.9304
398.8308,12.342
398.9832,12.9861
399.1356,13.6842
399.288,14.2183
399.4404,14.28
399.5928,13.9576
399.7452,13.0667
399.8976,12.6053
400.05,11.4003
400.2024,10.6724
400.3548,10.7938
400.5072,11.1802
400.6596,11.0992
400.812,10.724
400.9644,10.6419
401.1168,11.3742
401.2692,10.9317
401.4216,11.6008
401.574,12.9319
401.7264,14.5505
401.8788,14.9287
402.0312,15.632
402.1836,15.8808
402.336,14.7684
402.4884,14.7254
402.6408,16.0142
402.7932,17.5572
402.9456,18.8637
403.098,19.2801
403.2504,18.349
403.4028,16.9158
403.5552,16.324
403.7076,16.0503
403.86,15.1035
404.0124,14.9248
404.1648,16.5195
404.3172,17.4456
404.4696,16.78
404.622,17.1035
404.7744,18.2755
404.9268,19.5738
405.0792,20.4302
405.2316,19.9448
405.384,20.2828
405.5364,19.9268
405.6888,20.0603
405.8412,20.7382
405.9936,21.794
406.146,22.4866
406.2984,21.9809
406.4508,21.2159
406.6032,20.5393
406.7556,20.4376
406.908,21.0519
407.0604,21.5635
407.2128,21.1575
407.3652,21.3998
407.5176,20.8026
407.67,20.6833
407.8224,20.7638
407.9748,20.7291
408.1272,20.2808
408.2796,21.5087
408.432,22.7684
408.5844,23.3057
408.7368,23.1957
408.8892,22.7484
409.0416,21.4212
409.194,20.879
409.3464,21.4808
409.4988,22.2589
409.6512,22.3848
409.8036,21.6664
409.956,20.9794
410.1084,20.7876
410.2608,20.7942
410.4132,20.2909
410.5656,19.4159
410.718,19.9682
410.8704,20.4517
411.0228,19.9275
411.1752,20.0342
411.3276,20.7089
411.48,20.9802
411.6324,20.5545
411.7848,18.3778
411.9372,17.6018
412.0896,17.9865
412.242,18.3604
412.3944,18.7993
412.5468,18.6077
412.6992,17.9441
412.8516,17.5024
413.004,18.4089
413.1564,19.9729
413.3088,20.3089
413.4612,19.9763
413.6136,18.8806
413.766,18.2323
413.9184,19.4702
414.0708,19.8811
414.2232,19.8248
414.3756,18.3664
414.528,17.1847
414.6804,17.1848
414.8328,17.2602
414.9852,16.6769
415.1376,18.4723
415.29,19.0828
415.4424,18.5607
415.5948,18.7485
415.7472,18.5287
415.8996,17.6006
416.052,17.7503
416.2044,17.6005
416.3568,16.8261
416.5092,16.0547
416.6616,15.6196
416.814,15.9768
416.9664,16.4074
417.1188,17.244
417.2712,18.2633
417.4236,18.2257
417.576,18.2006
417.7284,18.3969
417.8808,18.2495
418.0332,17.8529
418.1856,17.6421
418.338,17.4342
418.4904,17.0844
418.6428,17.3289
418.7952,16.7941
418.9476,17.8317
419.1,19.0263
419.2524,18.9615
419.4048,18.063
419.5572,18.2325
419.7096,17.9368
419.862,16.9697
420.0144,16.232
420.1668,15.6781
420.3192,15.3502
420.4716,15.633
420.624,16.5456
420.7764,17.7112
420.9288,17.0626
421.0812,16.6515
421.2336,16.7141
421.386,16.043
421.5384,16.0827
421.6908,16.8839
421.8432,18.8674
421.9956,17.9067
422.148,17.4831
422.3004,17.758
422.4528,17.2078
422.6052,17.0757
422.7576,18.627
422.91,18.2893
423.0624,18.0289
423.2148,18.2103
423.3672,18.5673
423.5196,18.8037
423.672,18.1346
423.8244,17.3557
423.9768,17.01
424.1292,16.5893
424.2816,15.9467
424.434,15.1916
424.5864,14.6002
424.7388,14.3147
424.8912,14.3992
425.0436,14.5997
425.196,14.3898
425.3484,14.4168
425.5008,15.0434
425.6532,15.8274
425.8056,15.2063
425.958,14.6307
426.1104,14.1429
426.2628,13.824
426.4152,13.432
426.5676,14.661
426.72,17.4805
426.8724,18.9147
427.0248,20.5609
427.1772,21.7133
427.3296,20.5603
427.482,19.5103
427.6344,18.6253
427.7868,17.7737
427.9392,17.6963
428.0916,17.1697
428.244,16.4431
428.3964,17.1686
428.5488,17.552
428.7012,17.0683
428.8536,17.0697
429.006,19.5235
429.1584,20.9949
429.3108,20.8027
429.4632,19.8097
429.6156,18.643
429.768,17.9505
429.9204,18.774
430.0728,20.0728
430.2252,20.1821
430.3776,18.45
430.53,18.2056
430.6824,19.0977
430.8348,20.2849
430.9872,21.7405
431.1396,23.0281
431.292,24.2869
431.4444,23.5669
431.5968,22.1343
431.7492,21.0572
431.9016,20.1022
432.054,19.1767
432.2064,18.5597
432.3588,20.4006
432.5112,21.5375
432.6636,21.6122
432.816,22.3215
432.9684,23.066
433.1208,23.637
433.2732,23.4613
433.4256,24.1053
433.578,23.6859
433.7304,23.8106
433.8828,23.9536
434.0352,22.3265
434.1876,20.781
434.34,19.3034
434.4924,18.4748
434.6448,19.0502
434.7972,20.062
434.9496,21.2612
435.102,22.2135
435.2544,22.9459
435.4068,23.1794
435.5592,22.9028
435.7116,23.3431
435.864,24.5165
436.0164,25.5904
436.1688,26.7818
436.3212,26.5991
436.4736,25.8068
436.626,25.258
436.7784,27.7112
436.9308,29.3292
437.0832,32.8391
437.2356,37.7869
437.388,41.5005
437.5404,39.1817
437.6928,37.3718
437.8452,38.2749
437.9976,36.5335
438.15,33.47
438.3024,31.6394
438.4548,31.2141
438.6072,30.9926
438.7596,30.3284
438.912,30.2925
439.0644,31.3335
439.2168,30.5189
439.3692,29.8785
439.5216,28.9498
439.674,27.7147
439.8264,27.4679
439.9788,27.4074
440.1312,28.1072
440.2836,27.6892
440.436,27.0357
440.5884,28.5355
440.7408,28.2107
440.8932,27.0818
441.0456,26.099
441.198,25.3343
441.3504,25.3082
441.5028,26.0296
441.6552,26.3361
441.8076,27.9818
441.96,29.726
442.1124,29.959
442.2648,29.5233
442.4172,29.2898
442.5696,29.0182
442.722,27.7407
442.8744,26.3654
443.0268,25.5001
443.1792,27.1065
443.3316,28.1875
443.484,27.7921
443.6364,28.7601
443.7888,30.1963
443.9412,28.3216
444.0936,26.9238
444.246,26.5608
444.3984,25.7314
444.5508,25.4139
444.7032,25.4209
444.8556,25.1329
445.008,25.7805
445.1604,27.831
445.3128,29.5499
445.4652,30.6302
445.6176,29.1982
445.77,27.9875
445.9224,29.5812
446.0748,30.2248
446.2272,29.4573
446.3796,29.2412
446.532,28.8409
446.6844,28.3955
446.8368,29.3103
446.9892,30.4938
447.1416,29.8005
447.294,29.9259
447.4464,30.3074
447.5988,29.6816
447.7512,28.947
447.9036,28.3761
448.056,29.2663
448.2084,26.5846
448.3608,25.8662
448.5132,25.9353
448.6656,26.5333
448.818,27.4253
448.9704,27.645
449.1228,26.8508
449.2752,26.8762
449.4276,27.5544
449.58,28.8443
449.7324,28.9374
449.8848,27.7613
450.0372,26.6344
450.1896,26.4405
450.342,27.4919
450.4944,25.4827
450.6468,23.9595
450.7992,25.0736
450.9516,26.0925
451.104,25.3448
451.2564,23.9517
451.4088,23.9509
451.5612,23.4757
451.7136,22.5094
451.866,23.041
452.0184,23.3838
452.1708,22.4962
452.3232,22.3919
452.4756,23.822
452.628,25.0854
452.7804,24.5164
452.9328,24.474
453.0852,24.3732
453.2376,23.6435
453.39,24.6144
453.5424,26.0421
453.6948,26.6931
453.8472,26.7728
453.9996,26.5647
454.152,26.8577
454.3044,27.8626
454.4568,27.8553
454.6092,27.6388
454.7616,27.9808
454.914,26.5169
455.0664,25.1202
455.2188,24.4358
455.3712,24.1678
455.5236,23.9299
455.676,23.8876
455.8284,25.7196
455.9808,24.9746
456.1332,23.1043
456.2856,20.7701
456.438,21.2103
456.5904,23.1043
456.7428,23.9403
456.8952,23.2276
457.0476,22.3018
457.2,22.0156
457.3524,21.7544
457.5048,22.2729
457.6572,22.8855
457.8096,23.4986
457.962,24.0489
458.1144,24.6788
458.2668,26.4147
458.4192,26.6223
458.5716,24.7856
458.724,21.4766
458.8764,20.2812
459.0288,19.8963
459.1812,21.104
459.3336,21.4346
459.486,23.4934
459.6384,25.4659
459.7908,25.1171
459.9432,24.8237
460.0956,25.275
460.248,26.6077
460.4004,27.186
460.5528,25.3752
460.7052,25.2248
460.8576,26.0852
461.01,25.0322
461.1624,25.3376
461.3148,25.6954
461.4672,24.1086
461.6196,23.0979
461.772,21.5816
461.9244,21.9176
462.0768,23.608
462.2292,24.2778
462.3816,25.5348
462.534,24.3228
462.6864,24.7341
462.8388,24.1242
462.9912,23.1439
463.1436,22.3571
463.296,23.0389
463.4484,24.1775
463.6008,23.5923
463.7532,23.4997
463.9056,24.519
464.058,25.8051
464.2104,27.319
464.3628,28.3194
464.5152,27.6648
464.6676,25.875
464.82,24.4403
464.9724,22.8929
465.1248,21.4479
465.2772,20.1479
465.4296,19.6536
465.582,20.8212
465.7344,22.3419
465.8868,23.1437
466.0392,23.9092
466.1916,22.8747
466.344,21.8318
466.4964,21.4604
466.6488,22.2775
466.8012,24.5105
466.9536,24.9648
467.106,23.8427
467.2584,24.2255
467.4108,24.2276
467.5632,23.0769
467.7156,21.5318
467.868,20.3167
468.0204,19.3675
468.1728,19.6703
468.3252,19.554
468.4776,19.6595
468.63,21.0492
468.7824,21.5239
468.9348,20.7309
469.0872,19.9318
469.2396,19.3061
469.392,19.9821
469.5444,21.2475
469.6968,20.8873
469.8492,19.406
470.0016,19.324
470.154,18.4745
470.3064,17.7626
470.4588,16.373
470.6112,17.4099
470.7636,18.082
470.916,17.1263
471.0684,17.1952
471.2208,17.9378
471.3732,18.6254
471.5256,20.3553
471.678,20.7181
471.8304,19.8835
471.9828,18.0936
472.1352,16.5724
472.2876,15.5895
472.44,16.5328
472.5924,18.3748
472.7448,19.0007
472.8972,16.8749
473.0496,14.7367
473.202,14.3704
473.3544,16.4439
473.5068,18.4069
473.6592,18.9583
473.8116,18.7087
473.964,18.7201
474.1164,19.1798
474.2688,20.6762
474.4212,21.2426
474.5736,21.9939
474.726,23.0741
474.8784,22.8961
475.0308,21.7982
475.1832,21.138
475.3356,22.6738
475.488,23.814
475.6404,23.7341
475.7928,24.1618
475.9452,23.3724
476.0976,22.7162
476.25,22.3485
476.4024,22.2417
476.5548,23.5085
476.7072,23.5289
476.8596,22.7644
477.012,22.364
477.1644,22.6278
477.3168,22.9774
477.4692,22.4353
477.6216,21.9417
477.774,21.4918
477.9264,20.9861
478.0788,21.9673
478.2312,24.2776
478.3836,25.1639
478.536,24.7971
478.6884,24.0641
478.8408,24.103
478.9932,24.862
479.1456,25.3715
479.298,23.9191
479.4504,22.8355
479.6028,23.683
479.7552,23.8788
479.9076,23.2318
480.06,22.9019
480.2124,22.6118
480.3648,21.9925
480.5172,22.7428
480.6696,23.7873
480.822,23.7719
480.9744,22.9737
481.1268,22.9348
481.2792,24.4866
481.4316,24.6426
481.584,23.0883
481.7364,21.3522
481.8888,19.4512
482.0412,19.0416
482.1936,19.7171
482.346,20.5803
482.4984,21.0693
482.6508,20.519
482.8032,21.3421
482.9556,22.574
483.108,23.7951
483.2604,23.1353
483.4128,21.7699
483.5652,22.1865
483.7176,22.7014
483.87,22.2148
484.0224,20.9724
484.1748,20.9478
484.3272,20.6131
484.4796,19.7471
484.632,19.0918
484.7844,17.9994
484.9368,18.1875
485.0892,19.1315
485.2416,20.6835
485.394,20.0677
485.5464,18.7484
485.6988,19.9382
485.8512,20.6585
486.0036,19.9088
486.156,20.0971
486.3084,21.4875
486.4608,20.9664
486.6132,21.25
486.7656,21.224
486.918,20.889
487.0704,20.1915
487.2228,19.9449
487.3752,21.6901
487.5276,21.8962
487.68,21.4307
487.8324,21.3082
487.9848,20.96
488.1372,20.2123
488.2896,19.3831
488.442,18.6643
488.5944,18.5193
488.7468,19.6635
488.8992,20.9032
489.0516,21.3211
489.204,22.3781
489.3564,23.4267
489.5088,22.7354
489.6612,20.5386
489.8136,19.9249
489.966,20.8238
490.1184,21.3798
490.2708,20.6692
490.4232,19.7598
490.5756,19.946
490.728,19.2516
490.8804,18.4263
491.0328,19.6271
491.1852,19.2398
491.3376,19.4682
491.49,20.9577
491.6424,22.6484
491.7948,21.7925
491.9472,20.7823
492.0996,20.6591
492.252,21.591
492.4044,22.7976
492.5568,23.7932
492.7092,22.6519
492.8616,21.7163
493.014,20.569
493.1664,19.8414
493.3188,20.4324
493.4712,21.0445
493.6236,20.6585
493.776,18.9595
493.9284,17.6197
494.0808,18.3657
494.2332,19.0493
494.3856,18.6034
494.538,18.6722
494.6904,20.2665
494.8428,21.5147
494.9952,22.1994
495.1476,22.1032
495.3,21.2181
495.4524,20.1718
495.6048,21.1997
495.7572,22.6506
495.9096,23.1098
496.062,22.6305
496.2144,22.5364
496.3668,23.9289
496.5192,23.8474
496.6716,22.548
496.824,21.4742
496.9764,22.3297
497.1288,22.474
497.2812,23.4232
497.4336,25.0962
497.586,26.5418
497.7384,27.3658
497.8908,26.6036
498.0432,24.9951
498.1956,24.8405
498.348,25.0918
498.5004,23.512
498.6528,22.1586
498.8052,23.8655
498.9576,24.8213
499.11,24.763
499.2624,24.5555
499.4148,25.6775
499.5672,27.0241
499.7196,28.1795
499.872,28.1793
500.0244,26.474
500.1768,26.0044
500.3292,25.2328
500.4816,24.3878
500.634,23.9999
500.7864,24.6816
500.9388,24.8992
501.0912,23.0753
501.2436,21.1337
501.396,19.5132
501.5484,20.6436
501.7008,22.1923
501.8532,22.8943
502.0056,22.1538
502.158,22.8897
502.3104,23.2255
502.4628,22.2079
502.6152,21.646
502.7676,23.0419
502.92,24.9911
503.0724,25.9924
503.2248,24.7224
503.3772,23.3336
503.5296,23.1242
503.682,24.2788
503.8344,23.6003
503.9868,23.4363
504.1392,24.9438
504.2916,25.4692
504.444,24.9377
504.5964,23.6376
504.7488,22.247
504.9012,22.2491
505.0536,22.7646
505.206,22.9993
505.3584,22.6129
505.5108,22.2579
505.6632,22.8683
505.8156,23.8249
505.968,23.4975
506.1204,24.3866
506.2728,22.9575
506.4252,23.1895
506.5776,25.7806
506.73,25.8114
506.8824,25.346
507.0348,26.0784
507.1872,28.969
507.3396,30.4541
507.492,30.1868
507.6444,28.6272
507.7968,27.4141
507.9492,26.7174
508.1016,26.1972
508.254,27.1742
508.4064,27.7393
508.5588,27.4328
508.7112,27.1691
508.8636,26.7102
509.016,25.8421
509.1684,25.2834
509.3208,24.758
509.4732,23.6935
509.6256,23.1653
509.778,23.6526
509.9304,24.4032
510.0828,24.9487
510.2352,24.1733
510.3876,23.3455
510.54,22.6654
510.6924,22.0471
510.8448,24.1068
510.9972,25.9761
511.1496,24.3855
511.302,23.3028
511.4544,22.9655
511.6068,22.0099
511.7592,20.8178
511.9116,21.3385
512.064,23.2773
512.2164,24.232
512.3688,24.6533
512.5212,24.8841
512.6736,23.84
512.826,21.9971
512.9784,21.3334
513.1308,20.3869
513.2832,19.8472
513.4356,20.7654
513.588,22.506
513.7404,23.7175
513.8928,24.0517
514.0452,23.7693
514.1976,23.1813
514.35,22.3124
514.5024,22.8746
514.6548,26.0581
514.8072,25.2084
514.9596,23.3635
515.112,22.3716
515.2644,22.0303
515.4168,22.1807
515.5692,21.6398
515.7216,24.3463
515.874,26.3011
516.0264,24.9727
516.1788,23.9699
516.3312,24.8681
516.4836,25.8564
516.636,27.4245
516.7884,29.2471
516.9408,30.4212
517.0932,30.838
517.2456,29.2241
517.398,28.8147
517.5504,29.6359
517.7028,28.277
517.8552,26.5178
518.0076,25.0533
518.16,24.668
518.3124,26.5359
518.4648,28.953
518.6172,28.9106
518.7696,28.8267
518.922,29.617
519.0744,31.1247
519.2268,32.6142
519.3792,32.636
519.5316,31.4489
519.684,31.4628
519.8364,31.0376
519.9888,30.0786
520.1412,29.2521
520.2936,29.2214
520.446,30.2333
520.5984,29.3863
520.7508,28.1969
520.9032,26.7742
521.0556,24.7945
521.208,22.5253
521.3604,20.4182
521.5128,19.2047
521.6652,19.8587
521.8176,21.1662
521.97,23.4673
522.1224,24.949
522.2748,25.921
522.4272,27.4224
522.5796,28.0114
522.732,28.1865
522.8844,28.8547
523.0368,29.5273
523.1892,29.3452
523.3416,30.7118
523.494,31.1979
523.6464,28.5899
523.7988,26.9065
523.9512,25.5781
524.1036,25.6437
524.256,25.1226
524.4084,25.0391
524.5608,23.3096
524.7132,22.4283
524.8656,23.7025
525.018,25.6944
525.1704,26.7426
525.3228,26.73
525.4752,25.1126
525.6276,24.4064
525.78,24.6084
525.9324,25.1644
526.0848,25.23
526.2372,25.2678
526.3896,26.529
526.542,26.1902
526.6944,27.5153
526.8468,27.5365
526.9992,28.5844
527.1516,30.5809
527.304,31.7354
527.4564,32.2198
527.6088,30.0723
527.7612,29.3761
527.9136,29.8665
528.066,29.1894
528.2184,28.5852
528.3708,28.0076
528.5232,26.8785
528.6756,26.7256
528.828,27.4444
528.9804,26.8819
529.1328,27.6972
529.2852,28.9092
529.4376,30.0501
529.59,30.1477
529.7424,29.6057
529.8948,30.2328
530.0472,30.4013
530.1996,29.4348
530.352,28.3196
530.5044,28.057
530.6568,29.6108
530.8092,30.7644
530.9616,31.0208
531.114,29.5718
531.2664,28.4387
531.4188,27.6303
531.5712,26.453
531.7236,25.9579
531.876,26.8693
532.0284,27.2077
532.1808,27.8741
532.3332,28.8493
532.4856,27.0413
532.638,27.2698
532.7904,27.8533
532.9428,26.53
533.0952,25.5687
533.2476,26.5151
533.4,25.234
533.5524,26.0226
533.7048,27.1913
533.8572,28.2399
534.0096,28.4166
534.162,29.6145
534.3144,29.0573
534.4668,29.9286
534.6192,29.6814
534.7716,29.0355
534.924,30.599
535.0764,30.5983
535.2288,30.736
535.3812,32.68
535.5336,34.0104
535.686,34.5604
535.8384,34.4014
535.9908,35.0158
536.1432,35.5816
536.2956,33.9526
536.448,32.4856
536.6004,31.7362
536.7528,31.0296
536.9052,30.3607
537.0576,31.6694
537.21,33.8018
537.3624,34.6851
537.5148,35.7179
537.6672,35.651
537.8196,34.2259
537.972,32.6918
538.1244,30.3525
538.2768,28.3073
538.4292,26.8407
538.5816,26.0454
538.734,25.3535
538.8864,26.894
539.0388,26.8771
539.1912,28.3941
539.3436,30.4524
539.496,30.06
539.6484,31.0523
539.8008,32.0911
539.9532,32.9141
540.1056,32.1434
540.258,30.774
540.4104,29.6943
540.5628,29.8686
540.7152,28.9088
540.8676,27.0477
541.02,25.8145
541.1724,24.9323
541.3248,23.946
541.4772,24.1597
541.6296,25.6426
541.782,26.1034
541.9344,24.2861
542.0868,22.4526
542.2392,21.6179
542.3916,23.7928
542.544,25.0921
542.6964,25.4607
542.8488,26.3457
543.0012,28.1972
543.1536,27.71
543.306,26.0531
543.4584,24.5607
543.6108,24.0765
543.7632,26.5904
543.9156,26.3943
544.068,24.8155
544.2204,23.7829
544.3728,23.1287
544.5252,21.9536
544.6776,17.0293
544.83,15.7772
544.9824,15.6613
545.1348,14.9373
545.2872,14.9712
545.4396,17.1143
545.592,19.1088
545.7444,21.083
545.8968,22.4991
546.0492,23.3672
546.2016,24.1211
546.354,24.0326
546.5064,25.5353
546.6588,27.7555
546.8112,29.5146
546.9636,30.6242
547.116,30.892
547.2684,30.7441
547.4208,31.878
547.5732,33.0423
547.7256,33.362
547.878,32.98
548.0304,32.2402
548.1828,31.0702
548.3352,29.7838
548.4876,28.6946
548.64,28.2846
548.7924,27.0098
548.9448,25.9992
549.0972,25.7261
549.2496,26.003
549.402,24.608
549.5544,22.6242
549.7068,21.0238
549.8592,19.5396
550.0116,19.2748
550.164,19.2469
550.3164,19.4527
550.4688,20.0359
550.6212,19.2923
550.7736,18.8977
550.926,19.2362
551.0784,19.0524
551.2308,18.5062
551.3832,19.4531
551.5356,21.0811
551.688,23.4417
551.8404,25.8787
551.9928,27.5044
552.1452,28.162
552.2976,28.1842
552.45,27.7255
552.6024,26.4559
552.7548,24.6956
552.9072,22.4441
553.0596,21.1316
553.212,20.0499
553.3644,20.2772
553.5168,19.9383
553.6692,17.884
553.8216,17.8525
553.974,17.5513
554.1264,17.5311
554.2788,19.9074
554.4312,21.9553
554.5836,24.2496
554.736,27.6755
554.8884,30.8307
555.0408,34.4888
555.1932,35.5802
555.3456,43.1596
555.498,43.0754
555.6504,36.0665
555.8028,27.958
555.9552,25.5066
556.1076,22.0174
556.26,20.7427
556.4124,19.6735
556.5648,17.9757
556.7172,18.2334
556.8696,19.7729
557.022,19.3769
557.1744,18.7958
557.3268,18.6962
557.4792,18.7874
557.6316,18.6918
557.784,18.5279
557.9364,18.8691
558.0888,19.7803
558.2412,20.889
558.3936,21.6954
558.546,21.3063
558.6984,20.1435
558.8508,19.7273
559.0032,19.4872
559.1556,19.128
559.308,20.2285
559.4604,20.1596
559.6128,19.2027
559.7652,19.3452
559.9176,19.6391
560.07,19.1926
560.2224,19.287
560.3748,20.054
560.5272,20.3565
560.6796,20.0946
560.832,19.4961
560.9844,19.1867
561.1368,19.2596
561.2892,18.9578
561.4416,18.5404
561.594,18.3284
561.7464,18.4475
561.8988,17.9445
562.0512,17.8362
562.2036,18.7578
562.356,18.8573
562.5084,18.4273
562.6608,18.2204
562.8132,18.7316
562.9656,19.8406
563.118,19.1797
563.2704,18.1086
563.4228,17.5782
563.5752,17.7308
563.7276,18.5168
563.88,18.7144
564.0324,18.3941
564.1848,18.5681
564.3372,19.7381
564.4896,20.7319
564.642,21.7716
564.7944,22.8921
564.9468,23.63
565.0992,22.8734
565.2516,21.4963
565.404,20.3133
565.5564,19.0719
565.7088,18.1844
565.8612,18.5347
566.0136,18.3398
566.166,18.6918
566.3184,20.1865
566.4708,21.043
566.6232,20.9156
566.7756,19.9908
566.928,20.2664
567.0804,21.5245
567.2328,19.5121
567.3852,17.7366
567.5376,16.1462
567.69,16.1834
567.8424,17.5645
567.9948,18.8091
568.1472,19.5151
568.2996,19.3357
568.452,19.3105
568.6044,19.4285
568.7568,19.2234
568.9092,18.7886
569.0616,19.0556
569.214,19.2372
569.3664,18.591
569.5188,18.2102
569.6712,18.1582
569.8236,18.1983
569.976,19.0484
570.1284,20.4399
570.2808,21.1386
570.4332,21.5355
570.5856,22.5409
570.738,23.4699
570.8904,22.4688
571.0428,21.1713
571.1952,20.292
571.3476,20.309
571.5,19.4918
571.6524,20.5897
571.8048,21.8416
571.9572,21.3387
572.1096,20.9411
572.262,21.3743
572.4144,22.3239
572.5668,23.5391
572.7192,23.6942
572.8716,22.9572
573.024,22.6862
573.1764,23.5086
573.3288,24.6637
573.4812,25.9085
573.6336,26.8121
573.786,26.736
573.9384,26.5967
574.0908,26.4621
574.2432,25.5956
574.3956,25.4964
574.548,24.3627
574.7004,22.6053
574.8528,21.7551
575.0052,22.3935
575.1576,23.2985
575.31,23.7028
575.4624,23.7183
575.6148,22.8439
575.7672,22.1626
575.9196,22.9795
576.072,24.7074
576.2244,25.6811
576.3768,24.5368
576.5292,24.1863
576.6816,23.9617
576.834,22.6322
576.9864,21.3275
577.1388,20.0626
577.2912,20.0226
577.4436,20.8659
577.596,21.0435
577.7484,20.3828
577.9008,20.3078
578.0532,19.9616
578.2056,17.6978
578.358,18.1497
578.5104,18.0153
578.6628,18.6333
578.8152,20.1593
578.9676,21.1367
579.12,21.1333
579.2724,20.0507
579.4248,19.4106
579.5772,18.9858
579.7296,19.3731
579.882,19.4144
580.0344,19.0959
580.1868,18.8678
580.3392,18.9945
580.4916,17.4852
580.644,16.3261
580.7964,16.6439
580.9488,18.0133
581.1012,18.1978
581.2536,19.8423
581.406,21.3539
581.5584,21.8359
581.7108,19.78
581.8632,19.2151
582.0156,18.6569
582.168,17.4457
582.3204,17.2062
582.4728,17.9484
582.6252,18.5861
582.7776,18.986
582.93,19.4926
583.0824,20.3473
583.2348,20.0891
583.3872,18.9082
583.5396,18.4769
583.692,18.9215
583.8444,19.7485
583.9968,20.7389
584.1492,21.5203
584.3016,21.8352
584.454,21.5319
584.6064,19.4103
584.7588,17.619
584.9112,16.4315
585.0636,15.9932
585.216,16.9925
585.3684,17.5655
585.5208,17.8866
585.6732,17.988
585.8256,17.643
585.978,16.5579
586.1304,14.8903
586.2828,15.1223
586.4352,18.0768
586.5876,18.1622
586.74,17.5923
586.8924,19.4059
587.0448,21.0111
587.1972,21.8468
587.3496,20.5892
587.502,20.2437
587.6544,19.9114
587.8068,19.2314
587.9592,19.678
588.1116,19.9207
588.264,20.3458
588.4164,21.6159
588.5688,21.7692
588.7212,22.2962
588.8736,21.7434
589.026,21.8058
589.1784,20.2531
589.3308,17.9443
589.4832,18.0437
589.6356,17.8977
589.788,17.2549
589.9404,16.8456
590.0928,17.0384
590.2452,17.0854
590.3976,17.4175
590.55,16.8111
590.7024,17.2049
590.8548,17.7193
591.0072,17.6394
591.1596,17.5795
591.312,18.1757
591.4644,19.7118
591.6168,21.2722
591.7692,22.5555
591.9216,23.291
592.074,22.8363
592.2264,22.6862
592.3788,22.2119
592.5312,21.3573
592.6836,22.411
592.836,22.3271
592.9884,21.0432
593.1408,19.8644
593.2932,18.5619
593.4456,17.8799
593.598,18.9938
593.7504,20.6807
593.9028,22.4671
594.0552,23.3378
594.2076,23.812
594.36,24.9864
594.5124,26.3163
594.6648,27.5774
594.8172,26.3127
594.9696,25.9111
595.122,26.1975
595.2744,25.6386
595.4268,24.676
595.5792,23.7012
595.7316,24.4856
595.884,26.5812
596.0364,26.8276
596.1888,26.1603
596.3412,25.8298
596.4936,26.4698
596.646,26.6922
596.7984,26.6687
596.9508,25.9648
597.1032,23.8294
597.2556,22.7658
597.408,21.8142
597.5604,20.2267
597.7128,18.4812
597.8652,17.2343
598.0176,17.51
598.17,18.3881
598.3224,19.576
598.4748,20.6828
598.6272,21.0596
598.7796,21.67
598.932,20.9985
599.0844,20.5877
599.2368,21.4955
599.3892,20.9808
599.5416,21.0582
599.694,22.0416
599.8464,20.6943
599.9988,18.8446
600.1512,19.4297
600.3036,21.0857
600.456,23.289
600.6084,24.428
600.7608,24.2069
600.9132,22.5121
601.0656,22.3536
601.218,20.6323
601.3704,19.1719
601.5228,19.005
601.6752,19.4079
601.8276,19.5111
601.98,19.5171
602.1324,20.2496
