metres,GR,helper
84.1248,4.6123,1
84.2772,4.53,1
84.4296,4.0305,1
84.582,2.8578,1
84.7344,2.4914,1
84.8868,3.0107,1
85.0392,2.58,1
85.1916,2.53,1
85.344,3.0892,1
85.4964,3.1326,1
85.6488,2.92,1
85.8012,3.15,1
85.9536,3.7529,1
86.106,4.0822,1
86.2584,4.22,1
86.4108,4.1815,1
86.5632,3.5174,1
86.7156,2.7582,1
86.868,2.3431,1
87.0204,2.1828,1
87.1728,2.1276,1
87.3252,2.0607,1
87.4776,2.3158,1
87.63,2.9859,1
87.7824,3.1004,1
87.9348,3.1126,1
88.0872,2.8889,1
88.2396,2.9249,1
88.392,3.045,1
88.5444,3.1648,1
88.6968,3.3594,1
88.8492,3.1989,1
89.0016,2.6283,1
89.154,2.2023,1
89.3064,2.0854,1
89.4588,2.3452,1
89.6112,3.1671,1
89.7636,3.6836,1
89.916,3.4939,1
90.0684,2.9912,1
90.2208,2.8853,1
90.3732,3.2791,1
90.5256,3.585,1
90.678,3.9035,1
90.8304,4.0479,1
90.9828,3.9491,1
91.1352,4.293,1
91.2876,3.8535,1
91.44,2.8187,1
91.5924,2.3714,1
91.7448,2.822,1
91.8972,3.5539,1
92.0496,3.5533,1
92.202,4.0531,1
92.3544,4.397,1
92.5068,4.1398,1
92.6592,3.5643,1
92.8116,3.0864,1
92.964,3.4178,1
93.1164,3.3083,1
93.2688,3.8715,1
93.4212,4.2544,1
93.5736,4.0622,1
93.726,3.4233,1
93.8784,2.7766,1
94.0308,2.6334,1
94.1832,2.8224,1
94.3356,2.8357,1
94.488,3.6089,1
94.6404,4.4176,1
94.7928,5.2479,1
94.9452,4.8847,1
95.0976,5.0428,1
95.25,5.5725,1
95.4024,5.1413,1
95.5548,4.8244,1
95.7072,4.8307,1
95.8596,5.3828,1
96.012,5.375,1
96.1644,5.0952,1
96.3168,4.8089,1
96.4692,4.3298,1
96.6216,3.5397,1
96.774,3.8815,1
96.9264,4.1875,1
97.0788,4.0886,1
97.2312,3.8684,1
97.3836,4.7783,1
97.536,5.7731,1
97.6884,6.5468,1
97.8408,6.9367,1
97.9932,6.8343,1
98.1456,6.0823,1
98.298,5.4869,1
98.4504,5.701,1
98.6028,5.1764,1
98.7552,4.4261,1
98.9076,4.4034,1
99.06,5.0344,1
99.2124,4.8545,1
99.3648,4.6069,1
99.5172,5.5489,1
99.6696,6.394,1
99.822,5.5404,1
99.9744,5.0685,1
100.1268,5.4629,1
100.2792,6.5475,1
100.4316,6.6674,1
100.584,6.216,1
100.7364,5.6594,1
100.8888,5.2051,1
101.0412,5.02,1
101.1936,5.4398,1
101.346,5.9398,1
101.4984,5.7565,1
101.6508,4.8653,1
101.8032,4.9516,1
101.9556,5.848,1
102.108,5.544,1
102.2604,4.5927,1
102.4128,4.223,1
102.5652,4.3186,1
102.7176,4.07,1
102.87,4.1448,1
103.0224,4.5898,1
103.1748,5.1109,1
103.3272,5.5938,1
103.4796,5.7778,1
103.632,6.0703,1
103.7844,5.7951,1
103.9368,5.5835,1
104.0892,5.9995,1
104.2416,5.4885,1
104.394,5.2401,1
104.5464,5.4324,1
104.6988,5.5625,1
104.8512,5.7019,1
105.0036,5.8075,1
105.156,6.4556,1
105.3084,6.5608,1
105.4608,6.3197,1
105.6132,5.3119,1
105.7656,4.9492,1
105.918,5.2225,1
106.0704,5.3055,1
106.2228,5.0589,1
106.3752,4.9012,1
106.5276,5.8628,1
106.68,6.4237,1
106.8324,6.7472,1
106.9848,5.562,1
107.1372,4.5858,1
107.2896,4.7318,1
107.442,4.9843,1
107.5944,4.741,1
107.7468,4.3748,1
107.8992,4.3862,1
108.0516,5.5991,1
108.204,6.6822,1
108.3564,7.4025,1
108.5088,7.7348,1
108.6612,6.8797,1
108.8136,6.1042,1
108.966,5.7722,1
109.1184,5.3727,1
109.2708,5.4228,1
109.4232,6.3518,1
109.5756,5.9412,1
109.728,4.9562,1
109.8804,4.6722,1
110.0328,5.0231,1
110.1852,5.1777,1
110.3376,5.381,1
110.49,5.7245,1
110.6424,5.646,1
110.7948,5.715,1
110.9472,5.7823,1
111.0996,5.014,1
111.252,4.9783,1
111.4044,5.1565,1
111.5568,4.2224,1
111.7092,3.6844,1
111.8616,3.5977,1
112.014,3.9286,1
112.1664,4.0294,1
112.3188,4.2367,1
112.4712,4.8143,1
112.6236,4.7069,1
112.776,4.7405,1
112.9284,4.9124,1
113.0808,5.1165,1
113.2332,5.2342,1
113.3856,4.7429,1
113.538,5.3938,1
113.6904,5.9508,1
113.8428,5.8003,1
113.9952,5.5868,1
114.1476,6.0374,1
114.3,6.7183,1
114.4524,6.5302,1
114.6048,5.9,1
114.7572,6.0946,1
114.9096,6.384,1
115.062,5.5331,1
115.2144,4.975,1
115.3668,4.9634,1
115.5192,5.1746,1
115.6716,5.5503,1
115.824,5.9586,1
115.9764,6.2801,1
116.1288,6.246,1
116.2812,5.5214,1
116.4336,4.7569,1
116.586,3.7681,1
116.7384,4.9905,1
116.8908,5.6111,1
117.0432,6.0143,1
117.1956,6.2431,1
117.348,6.4238,1
117.5004,6.3704,1
117.6528,6.2019,1
117.8052,5.6732,1
117.9576,4.873,1
118.11,4.4076,1
118.2624,4.3236,1
118.4148,4.6393,1
118.5672,4.8269,1
118.7196,5.0619,1
118.872,5.242,1
119.0244,5.2088,1
119.1768,4.8561,1
119.3292,5.5047,1
119.4816,6.2094,1
119.634,6.3022,1
119.7864,6.9081,1
119.9388,7.8463,1
120.0912,8.0362,1
120.2436,8.7739,1
120.396,9.6848,1
120.5484,10.0447,1
120.7008,9.126,1
120.8532,8.1894,1
121.0056,8.0014,1
121.158,7.9902,1
121.3104,8.024,1
121.4628,8.0673,1
121.6152,8.1771,1
121.7676,8.1446,1
121.92,8.1121,1
122.0724,8.0796,1
122.2248,8.1477,1
122.3772,8.0572,1
122.5296,8.1963,1
122.682,6.8731,1
122.8344,6.2711,1
122.9868,6.4698,1
123.1392,6.9094,1
123.2916,7.3997,1
123.444,7.7869,1
123.5964,8.259,1
123.7488,8.975,1
123.9012,9.2542,1
124.0536,8.914,1
124.206,7.9672,1
124.3584,7.9019,1
124.5108,7.43,1
124.6632,9.264,1
124.8156,9.4016,1
124.968,8.427,1
125.1204,6.6976,1
125.2728,6.1636,1
125.4252,6.7879,1
125.5776,7.1057,1
125.73,6.3135,1
125.8824,6.6073,1
126.0348,7.23,1
126.1872,6.5959,1
126.3396,5.7701,1
126.492,5.5838,1
126.6444,6.6953,1
126.7968,7.7258,1
126.9492,8.0428,1
127.1016,8.1162,1
127.254,8.1154,1
127.4064,7.9099,1
127.5588,7.9173,1
127.7112,8.6963,1
127.8636,7.7118,1
128.016,7.3376,1
128.1684,7.2559,1
128.3208,6.9972,1
128.4732,7.4403,1
128.6256,8.7997,1
128.778,8.7702,1
128.9304,7.8324,1
129.0828,7.9473,1
129.2352,8.812,1
129.3876,8.8013,1
129.54,8.176,1
129.6924,8.5492,1
129.8448,9.4278,1
129.9972,10.1824,1
130.1496,10.0509,1
130.302,9.0279,1
130.4544,8.2419,1
130.6068,8.4179,1
130.7592,9.639,1
130.9116,10.1009,1
131.064,9.8994,1
131.2164,8.6513,1
131.3688,8.4438,1
131.5212,8.6802,1
131.6736,9.1069,1
131.826,9.5187,1
131.9784,9.9047,1
132.1308,10.6716,1
132.2832,12.2119,1
132.4356,12.7778,1
132.588,11.4726,1
132.7404,10.6147,1
132.8928,10.1071,1
133.0452,10.0315,1
133.1976,10.2916,1
133.35,11.1434,1
133.5024,11.8693,1
133.6548,12.2482,1
133.8072,12.3984,1
133.9596,12.2948,1
134.112,11.6357,1
134.2644,12.1058,1
134.4168,11.6803,1
134.5692,10.9035,1
134.7216,10.745,1
134.874,10.8829,1
135.0264,11.2233,1
135.1788,11.5144,1
135.3312,12.7794,1
135.4836,13.0577,1
135.636,13.3009,1
135.7884,13.2418,1
135.9408,13.1948,1
136.0932,13.99,1
136.2456,13.8086,1
136.398,11.9484,1
136.5504,11.1479,1
136.7028,11.0993,1
136.8552,10.4776,1
137.0076,9.4969,1
137.16,9.0325,1
137.3124,9.7159,1
137.4648,9.7617,1
137.6172,10.6921,1
137.7696,11.743,1
137.922,11.6561,1
138.0744,11.5388,1
138.2268,12.4672,1
138.3792,12.6872,1
138.5316,11.7453,1
138.684,10.676,1
138.8364,9.7636,1
138.9888,8.5227,1
139.1412,8.1324,1
139.2936,8.0355,1
139.446,7.3573,1
139.5984,7.5159,1
139.7508,7.8511,1
139.9032,8.0142,1
140.0556,8.0033,1
140.208,8.3901,1
140.3604,8.2914,1
140.5128,8.4262,1
140.6652,8.1983,1
140.8176,9.5191,1
140.97,11.0933,1
141.1224,11.1302,1
141.2748,11.0392,1
141.4272,10.713,1
141.5796,10.0311,1
141.732,10.3736,1
141.8844,10.7794,1
142.0368,11.351,1
142.1892,10.8124,1
142.3416,9.8935,1
142.494,9.6413,1
142.6464,10.0209,1
142.7988,8.9619,1
142.9512,8.2792,1
143.1036,7.8481,1
143.256,7.5804,1
143.4084,7.3258,1
143.5608,8.3563,1
143.7132,8.498,1
143.8656,8.3933,1
144.018,8.7298,1
144.1704,8.4324,1
144.3228,8.7444,1
144.4752,9.1691,1
144.6276,8.794,1
144.78,8.5758,1
144.9324,8.2306,1
145.0848,7.601,1
145.2372,7.5375,1
145.3896,8.3767,1
145.542,9.6405,1
145.6944,9.3902,1
145.8468,8.6517,1
145.9992,8.9159,1
146.1516,9.6835,1
146.304,8.728,1
146.4564,8.5995,1
146.6088,9.271,1
146.7612,10.6162,1
146.9136,11.2714,1
147.066,11.7982,1
147.2184,12.9684,1
147.3708,13.7314,1
147.5232,14.1072,1
147.6756,14.2848,1
147.828,14.4043,1
147.9804,14.4094,1
148.1328,15.8307,1
148.2852,16.2474,1
148.4376,15.6729,1
148.59,14.051,1
148.7424,13.3308,1
148.8948,10.8761,1
149.0472,10.2038,1
149.1996,9.9967,1
149.352,10.651,1
149.5044,10.7358,1
149.6568,10.7105,1
149.8092,11.5463,1
149.9616,13.0366,1
150.114,14.0964,1
150.2664,14.4519,1
150.4188,14.0824,1
150.5712,12.8562,1
150.7236,11.9362,1
150.876,11.3765,1
151.0284,11.1717,1
151.1808,11.5867,1
151.3332,11.6675,1
151.4856,11.1168,1
151.638,10.6591,1
151.7904,11.3728,1
151.9428,11.8154,1
152.0952,11.2581,1
152.2476,11.1776,1
152.4,11.976,1
152.5524,11.2494,1
152.7048,10.2321,1
152.8572,10.2556,1
153.0096,10.7813,1
153.162,11.3483,1
153.3144,11.4515,1
153.4668,11.203,1
153.6192,11.5855,1
153.7716,11.5332,1
153.924,10.691,1
154.0764,10.8063,1
154.2288,11.7287,1
154.3812,12.2569,1
154.5336,12.2434,1
154.686,11.9014,1
154.8384,11.7637,1
154.9908,12.6472,1
155.1432,12.9022,1
155.2956,12.5918,1
155.448,11.5364,1
155.6004,11.573,1
155.7528,11.5822,1
155.9052,12.3765,1
156.0576,12.5251,1
156.21,11.6555,1
156.3624,10.6784,1
156.5148,9.9934,1
156.6672,10.2992,1
156.8196,11.3795,1
156.972,12.7365,1
157.1244,13.2441,1
157.2768,13.2164,1
157.4292,12.8964,1
157.5816,12.5902,1
157.734,11.0466,1
157.8864,9.6595,1
158.0388,10.2422,1
158.1912,11.0748,1
158.3436,11.8351,1
158.496,12.1873,1
158.6484,11.7069,1
158.8008,10.7767,1
158.9532,10.6829,1
159.1056,11.6425,1
159.258,12.1875,1
159.4104,12.191,1
159.5628,11.7627,1
159.7152,11.2631,1
159.8676,10.9411,1
160.02,9.8848,1
160.1724,9.5367,1
160.3248,10.1269,1
160.4772,10.2432,1
160.6296,9.9619,1
160.782,8.9722,1
160.9344,8.1142,1
161.0868,10.6148,1
161.2392,11.4684,1
161.3916,11.4564,1
161.544,10.449,1
161.6964,9.6494,1
161.8488,9.4148,1
162.0012,10.283,1
162.1536,10.1112,1
162.306,9.9536,1
162.4584,9.936,1
162.6108,10.6626,1
162.7632,11.3214,1
162.9156,11.3552,1
163.068,10.4202,1
163.2204,10.2862,1
163.3728,9.9373,1
163.5252,9.3846,1
163.6776,9.5829,1
163.83,9.4828,1
163.9824,8.7707,1
164.1348,8.5579,1
164.2872,9.9972,1
164.4396,10.6715,1
164.592,10.6086,1
164.7444,10.2357,1
164.8968,11.0048,1
165.0492,11.0535,1
165.2016,11.1668,1
165.354,11.6238,1
165.5064,10.7882,1
165.6588,11.0226,1
165.8112,11.7637,1
165.9636,12.3609,1
166.116,12.8899,1
166.2684,13.0573,1
166.4208,12.3162,1
166.5732,11.5684,1
166.7256,11.1028,1
166.878,11.1925,1
167.0304,12.1345,1
167.1828,12.5005,1
167.3352,13.0935,1
167.4876,13.6872,1
167.64,13.5929,1
167.7924,13.9087,1
167.9448,14.2679,1
168.0972,13.7305,1
168.2496,13.8686,1
168.402,13.9467,1
168.5544,13.3196,1
168.7068,13.0768,1
168.8592,12.8391,1
169.0116,12.4667,1
169.164,12.2524,1
169.3164,11.9306,1
169.4688,11.412,1
169.6212,11.4757,1
169.7736,11.782,1
169.926,11.2592,1
170.0784,10.609,1
170.2308,9.7744,1
170.3832,8.7841,1
170.5356,8.86,1
170.688,9.3472,1
170.8404,8.9645,1
170.9928,8.3336,1
171.1452,8.4993,1
171.2976,8.9476,1
171.45,8.6152,1
171.6024,8.2719,1
171.7548,8.1519,1
171.9072,8.498,1
172.0596,7.9312,1
172.212,7.1753,1
172.3644,7.9929,1
172.5168,8.1593,1
172.6692,7.9369,1
172.8216,8.1069,1
172.974,8.7154,1
173.1264,9.666,1
173.2788,10.0138,1
173.4312,8.9926,1
173.5836,7.9047,1
173.736,7.8702,1
173.8884,8.956,1
174.0408,10.146,1
174.1932,11.028,1
174.3456,11.8331,1
174.498,12.1612,1
174.6504,11.1459,1
174.8028,11.3478,1
174.9552,11.6922,1
175.1076,10.708,1
175.26,10.6236,1
175.4124,10.6983,1
175.5648,10.8018,1
175.7172,10.9212,1
175.8696,10.7949,1
176.022,10.6597,1
176.1744,10.0512,1
176.3268,8.862,1
176.4792,8.0085,1
176.6316,7.7152,1
176.784,7.7345,1
176.9364,7.7691,1
177.0888,7.9951,1
177.2412,8.4834,1
177.3936,8.1411,1
177.546,7.7193,1
177.6984,7.8234,1
177.8508,8.072,1
178.0032,8.2742,1
178.1556,9.1714,1
178.308,9.9075,1
178.4604,9.7782,1
178.6128,9.974,1
178.7652,9.6646,1
178.9176,9.1898,1
179.07,9.1151,1
179.2224,8.4813,1
179.3748,7.7766,1
179.5272,7.8423,1
179.6796,9.6533,1
179.832,11.223,1
179.9844,11.5166,1
180.1368,11.6128,1
180.2892,11.6077,1
180.4416,11.7155,1
180.594,12.4015,1
180.7464,13.111,1
180.8988,12.7123,1
181.0512,11.9239,1
181.2036,12.6211,1
181.356,12.432,1
181.5084,11.0661,1
181.6608,10.585,1
181.8132,10.2149,1
181.9656,9.5272,1
182.118,9.7533,1
182.2704,10.6315,1
182.4228,11.0194,1
182.5752,10.9252,1
182.7276,10.6647,1
182.88,9.8762,1
183.0324,9.9024,1
183.1848,10.0712,1
183.3372,9.623,1
183.4896,9.732,1
183.642,10.1606,1
183.7944,10.1061,1
183.9468,9.3261,1
184.0992,8.8812,1
184.2516,8.7571,1
184.404,8.845,1
184.5564,9.0943,1
184.7088,9.1973,1
184.8612,8.985,1
185.0136,8.8927,1
185.166,8.5383,1
185.3184,7.6221,1
185.4708,8.5224,1
185.6232,8.5161,1
185.7756,7.7915,1
185.928,7.4683,1
186.0804,7.5197,1
186.2328,7.4915,1
186.3852,8.2395,1
186.5376,8.9706,1
186.69,9.7362,1
186.8424,10.4288,1
186.9948,10.6698,1
187.1472,10.1503,1
187.2996,10.1768,1
187.452,10.5174,1
187.6044,11.0467,1
187.7568,11.6405,1
187.9092,12.1589,1
188.0616,12.3307,1
188.214,11.0882,1
188.3664,11.0313,1
188.5188,10.0742,1
188.6712,8.6829,1
188.8236,8.0688,1
188.976,7.8728,1
189.1284,8.2227,1
189.2808,9.1245,1
189.4332,10.4727,1
189.5856,10.6926,1
189.738,9.8421,1
189.8904,9.1801,1
190.0428,10.334,1
190.1952,10.4114,1
190.3476,9.8029,1
190.5,9.3214,1
190.6524,9.5992,1
190.8048,9.6134,1
190.9572,8.2261,1
191.1096,7.623,1
191.262,8.0086,1
191.4144,9.0614,1
191.5668,8.6609,1
191.7192,7.6833,1
191.8716,7.6174,1
192.024,8.2068,1
192.1764,8.4692,1
192.3288,8.3766,1
192.4812,6.7779,1
192.6336,6.6397,1
192.786,6.5571,1
192.9384,6.5319,1
193.0908,6.5025,1
193.2432,6.4397,1
193.3956,6.6761,1
193.548,7.1514,1
193.7004,7.8656,1
193.8528,9.0123,1
194.0052,9.5915,1
194.1576,8.8197,1
194.31,7.6102,1
194.4624,7.0676,1
194.6148,7.1391,1
194.7672,7.5299,1
194.9196,8.0593,1
195.072,7.5413,1
195.2244,7.4084,1
195.3768,8.0997,1
195.5292,8.6378,1
195.6816,8.9881,1
195.834,9.3992,1
195.9864,9.0886,1
196.1388,9.0486,1
196.2912,9.0133,1
196.4436,8.3391,1
196.596,8.491,1
196.7484,9.1159,1
196.9008,9.2032,1
197.0532,8.6383,1
197.2056,8.0343,1
197.358,7.8146,1
197.5104,7.2964,1
197.6628,7.9225,1
197.8152,8.2519,1
197.9676,8.0253,1
198.12,7.7418,1
198.2724,7.8419,1
198.4248,7.5517,1
198.5772,6.9772,1
198.7296,6.9464,1
198.882,7.0215,1
199.0344,6.8827,1
199.1868,6.9043,1
199.3392,7.9617,1
199.4916,8.6532,1
199.644,9.1714,1
199.7964,9.2389,1
199.9488,8.8842,1
200.1012,9.1338,1
200.2536,9.156,1
200.406,8.7378,1
200.5584,9.3011,1
200.7108,9.9684,1
200.8632,9.5748,1
201.0156,9.0424,1
201.168,8.8094,1
201.3204,8.6885,1
201.4728,8.3203,1
201.6252,8.2976,1
201.7776,9.236,1
201.93,9.8127,1
202.0824,9.2881,1
202.2348,8.7386,1
202.3872,8.5671,1
202.5396,8.6465,1
202.692,8.2916,1
202.8444,7.7616,1
202.9968,8.1146,1
203.1492,8.4429,1
203.3016,8.0346,1
203.454,8.059,1
203.6064,7.7503,1
203.7588,8.5325,1
203.9112,9.0537,1
204.0636,8.7701,1
204.216,9.3724,1
204.3684,9.8804,1
204.5208,10.1304,1
204.6732,10.1586,1
204.8256,9.8497,1
204.978,8.9673,1
205.1304,8.0532,1
205.2828,8.2499,1
205.4352,8.6806,1
205.5876,8.5702,1
205.74,8.7646,1
205.8924,9.3269,1
206.0448,9.523,1
206.1972,8.9234,1
206.3496,7.1235,1
206.502,7.1529,1
206.6544,7.1366,1
206.8068,7.4387,1
206.9592,8.7346,1
207.1116,9.1162,1
207.264,9.3031,1
207.4164,9.4839,1
207.5688,9.7192,1
207.7212,9.9736,1
207.8736,10.2211,1
208.026,10.8645,1
208.1784,11.4746,1
208.3308,11.9638,1
208.4832,11.8443,1
208.6356,10.819,1
208.788,11.2062,1
208.9404,11.4172,1
209.0928,10.8366,1
209.2452,10.0257,1
209.3976,9.978,1
209.55,9.9443,1
209.7024,9.8826,1
209.8548,10.038,1
210.0072,10.0492,1
210.1596,9.4561,1
210.312,9.189,1
210.4644,8.5907,1
210.6168,8.1185,1
210.7692,8.3332,1
210.9216,9.136,1
211.074,8.7735,1
211.2264,8.6716,1
211.3788,8.3229,1
211.5312,7.8805,1
211.6836,8.2302,1
211.836,8.3705,1
211.9884,7.9223,1
212.1408,8.1732,1
212.2932,8.6115,1
212.4456,7.736,1
212.598,7.9122,1
212.7504,8.4724,1
212.9028,8.7981,1
213.0552,8.4559,1
213.2076,7.5863,1
213.36,7.8239,1
213.5124,8.4552,1
213.6648,9.4021,1
213.8172,10.6784,1
213.9696,12.8602,1
214.122,14.0994,1
214.2744,15.6433,1
214.4268,18.2437,1
214.5792,20.6059,1
214.7316,21.9784,1
214.884,22.0836,1
215.0364,19.86,1
215.1888,19.3515,1
215.3412,18.7703,1
215.4936,17.996,1
215.646,17.2598,1
215.7984,14.9471,1
215.9508,12.9413,1
216.1032,10.8699,1
216.2556,10.1981,1
216.408,10.8621,1
216.5604,11.752,1
216.7128,11.2499,1
216.8652,9.6026,1
217.0176,9.0892,1
217.17,9.1201,1
217.3224,8.0815,1
217.4748,7.4367,1
217.6272,7.5085,1
217.7796,7.7588,1
217.932,8.8663,1
218.0844,10.2512,1
218.2368,10.0348,1
218.3892,11.4933,1
218.5416,12.9219,1
218.694,12.6723,1
218.8464,10.7393,1
218.9988,9.9513,1
219.1512,9.5522,1
219.3036,9.012,1
219.456,8.9817,1
219.6084,9.4063,1
219.7608,8.888,1
219.9132,9.3993,1
220.0656,10.5331,2
220.218,10.6555,2
220.3704,9.4079,2
220.5228,8.7743,2
220.6752,8.9098,2
220.8276,9.3302,2
220.98,10.0117,2
221.1324,10.2393,2
221.2848,9.8357,2
221.4372,9.0785,2
221.5896,8.3142,2
221.742,7.9071,2
221.8944,8.4527,2
222.0468,8.4879,2
222.1992,7.9128,2
222.3516,8.0984,2
222.504,7.6905,2
222.6564,8.1366,2
222.8088,8.4455,2
222.9612,7.4543,2
223.1136,7.3082,2
223.266,8.1494,2
223.4184,8.8845,2
223.5708,8.8758,2
223.7232,7.5726,2
223.8756,6.6987,2
224.028,6.2249,2
224.1804,6.7176,2
224.3328,7.4349,2
224.4852,7.5254,2
224.6376,7.105,2
224.79,7.1371,2
224.9424,8.0348,2
225.0948,8.2349,2
225.2472,7.6609,2
225.3996,7.4456,2
225.552,8.144,2
225.7044,7.9161,2
225.8568,7.1514,2
226.0092,6.929,2
226.1616,7.0894,2
226.314,7.7019,2
226.4664,8.9853,2
226.6188,9.9904,2
226.7712,10.6767,2
226.9236,11.0474,2
227.076,11.2851,2
227.2284,10.8371,2
227.3808,11.9315,2
227.5332,11.743,2
227.6856,11.3227,2
227.838,10.8188,2
227.9904,9.9631,2
228.1428,7.8278,2
228.2952,7.2431,2
228.4476,7.0762,2
228.6,8.6608,2
228.7524,8.4834,2
228.9048,8.7948,2
229.0572,9.1625,2
229.2096,8.3107,2
229.362,7.67,2
229.5144,7.9566,2
229.6668,8.1852,2
229.8192,8.4356,2
229.9716,9.4439,2
230.124,10.96,2
230.2764,10.9797,2
230.4288,10.3104,2
230.5812,11.1898,2
230.7336,12.2605,2
230.886,11.5117,2
231.0384,11.4266,2
231.1908,11.3178,2
231.3432,10.8018,2
231.4956,9.8943,2
231.648,9.6095,2
231.8004,9.2215,2
231.9528,8.4251,2
232.1052,8.6188,2
232.2576,8.0556,2
232.41,7.289,2
232.5624,7.9946,2
232.7148,8.0727,2
232.8672,6.9085,2
233.0196,7.0445,2
233.172,7.3117,2
233.3244,7.5809,2
233.4768,7.4563,2
233.6292,7.3197,2
233.7816,7.5689,2
233.934,7.8316,2
234.0864,8.0283,2
234.2388,7.9644,2
234.3912,8.2079,2
234.5436,8.9586,2
234.696,9.8404,2
234.8484,10.4395,2
235.0008,10.8474,2
235.1532,10.9899,2
235.3056,10.9544,2
235.458,10.7128,2
235.6104,10.5864,2
235.7628,10.4586,2
235.9152,10.311,2
236.0676,10.2776,2
236.22,10.7782,2
236.3724,11.2774,2
236.5248,11.8121,2
236.6772,12.8549,2
236.8296,12.9478,2
236.982,12.1098,2
237.1344,11.5816,2
237.2868,12.2367,2
237.4392,12.0056,2
237.5916,11.2974,2
237.744,12.1329,2
237.8964,12.8329,2
238.0488,14.3702,2
238.2012,14.5404,2
238.3536,13.978,2
238.506,14.7689,2
238.6584,15.9726,2
238.8108,16.0146,2
238.9632,15.2182,2
239.1156,14.0935,2
239.268,13.2867,2
239.4204,13.9552,2
239.5728,14.9399,2
239.7252,15.0659,2
239.8776,14.204,2
240.03,14.4689,2
240.1824,14.8168,2
240.3348,16.2246,2
240.4872,16.4016,2
240.6396,15.873,2
240.792,14.7227,2
240.9444,14.2934,2
241.0968,15.6977,2
241.2492,16.1116,2
241.4016,15.9703,2
241.554,15.7965,2
241.7064,14.4837,2
241.8588,14.8861,2
242.0112,16.036,2
242.1636,17.2455,2
242.316,17.7397,2
242.4684,16.7082,2
242.6208,15.2917,2
242.7732,14.2816,2
242.9256,13.5692,2
243.078,13.7868,2
243.2304,13.9533,2
243.3828,13.93,2
243.5352,12.6033,2
243.6876,13.5696,2
243.84,14.6086,2
243.9924,15.3437,2
244.1448,14.1829,2
244.2972,14.6085,2
244.4496,15.0323,2
244.602,13.9273,2
244.7544,12.9793,2
244.9068,12.3137,2
245.0592,11.6156,2
245.2116,12.2486,2
245.364,13.4461,2
245.5164,13.9787,2
245.6688,15.0005,2
245.8212,15.8122,2
245.9736,16.2423,2
246.126,17.276,2
246.2784,17.5025,2
246.4308,16.3568,2
246.5832,15.9754,2
246.7356,15.6132,2
246.888,15.5132,2
247.0404,16.0931,2
247.1928,16.9263,2
247.3452,16.8098,2
247.4976,16.2881,2
247.65,16.6658,2
247.8024,16.1946,2
247.9548,14.8877,2
248.1072,14.241,2
248.2596,15.0004,2
248.412,15.7302,2
248.5644,15.9211,2
248.7168,14.9505,2
248.8692,14.0547,2
249.0216,13.832,2
249.174,13.0951,2
249.3264,11.7627,2
249.4788,10.8106,2
249.6312,10.6211,2
249.7836,10.7884,2
249.936,12.7811,2
250.0884,13.4526,2
250.2408,13.5299,2
250.3932,13.3188,2
250.5456,12.94,2
250.698,12.5163,2
250.8504,12.2759,2
251.0028,12.2304,2
251.1552,12.7353,2
251.3076,13.4519,2
251.46,13.677,2
251.6124,13.0547,2
251.7648,13.3991,2
251.9172,12.9054,2
252.0696,12.5232,2
252.222,12.7174,2
252.3744,11.47,2
252.5268,11.0385,2
252.6792,12.0278,2
252.8316,11.3362,2
252.984,10.8773,2
253.1364,10.7524,2
253.2888,11.3086,2
253.4412,11.8021,2
253.5936,11.5935,2
253.746,11.5922,2
253.8984,12.797,2
254.0508,13.3324,2
254.2032,13.5157,2
254.3556,13.9547,2
254.508,15.2103,2
254.6604,17.4256,2
254.8128,20.4478,2
254.9652,23.0503,2
255.1176,25.4929,2
255.27,25.7566,2
255.4224,22.3613,2
255.5748,18.0737,2
255.7272,13.9004,2
255.8796,11.3598,2
256.032,11.4037,2
256.1844,13.1576,2
256.3368,13.329,2
256.4892,12.3093,2
256.6416,11.3819,2
256.794,11.9909,2
256.9464,12.9739,2
257.0988,13.6822,2
257.2512,14.1542,2
257.4036,14.2697,2
257.556,14.1498,2
257.7084,12.9032,2
257.8608,11.1795,2
258.0132,10.8777,2
258.1656,11.5341,2
258.318,12.6599,2
258.4704,13.0404,2
258.6228,12.3521,2
258.7752,12.695,2
258.9276,13.2833,2
259.08,13.5334,2
259.2324,12.7558,2
259.3848,13.0468,2
259.5372,13.3955,2
259.6896,13.6646,2
259.842,13.7152,2
259.9944,13.9374,2
260.1468,14.0841,2
260.2992,12.7719,2
260.4516,12.4115,2
260.604,12.1213,2
260.7564,11.2768,2
260.9088,11.2121,2
261.0612,11.4966,2
261.2136,11.6471,2
261.366,10.3069,2
261.5184,9.4419,2
261.6708,8.8417,2
261.8232,8.5401,2
261.9756,9.6389,2
262.128,10.8376,2
262.2804,12.029,2
262.4328,11.5378,2
262.5852,11.7998,2
262.7376,12.4484,2
262.89,12.9016,2
263.0424,12.8099,2
263.1948,12.4576,2
263.3472,12.0508,2
263.4996,12.915,2
263.652,14.3087,2
263.8044,13.7987,2
263.9568,13.4202,2
264.1092,13.4161,2
264.2616,13.7097,2
264.414,14.7049,2
264.5664,15.8551,2
264.7188,16.1615,2
264.8712,14.7894,2
265.0236,14.3184,2
265.176,14.4076,2
265.3284,13.6428,2
265.4808,13.1753,2
265.6332,13.3917,2
265.7856,13.5687,2
265.938,12.9763,2
266.0904,11.9807,2
266.2428,11.8546,2
266.3952,11.8496,2
266.5476,12.1339,2
266.7,12.5974,2
266.8524,13.9114,2
267.0048,17.1181,2
267.1572,19.0685,2
267.3096,21.5977,2
267.462,23.2257,2
267.6144,22.4414,2
267.7668,18.2181,2
267.9192,16.8977,2
268.0716,16.3569,2
268.224,14.9083,2
268.3764,13.8395,2
268.5288,14.5354,2
268.6812,14.9177,2
268.8336,13.5215,2
268.986,13.5479,2
269.1384,14.4091,2
269.2908,14.563,2
269.4432,13.5581,2
269.5956,12.8999,2
269.748,13.4649,2
269.9004,14.9642,2
270.0528,16.469,2
270.2052,17.339,2
270.3576,18.8392,2
270.51,19.9151,2
270.6624,18.9999,2
270.8148,20.4539,2
270.9672,20.48,2
271.1196,20.6713,2
271.272,21.7121,2
271.4244,22.382,2
271.5768,21.2585,2
271.7292,20.1479,2
271.8816,19.6091,2
272.034,19.3691,2
272.1864,19.1442,2
272.3388,16.5345,2
272.4912,15.3733,2
272.6436,14.0286,2
272.796,14.8778,2
272.9484,14.8655,2
273.1008,13.841,2
273.2532,12.5936,2
273.4056,12.0217,2
273.558,13.2549,2
273.7104,15.3259,2
273.8628,16.2772,2
274.0152,15.743,2
274.1676,15.1405,2
274.32,15.4072,2
274.4724,14.9937,2
274.6248,13.8426,2
274.7772,15.0281,2
274.9296,16.2448,2
275.082,16.324,2
275.2344,15.1754,2
275.3868,14.2549,2
275.5392,13.4197,2
275.6916,12.739,2
275.844,12.7347,2
275.9964,13.4118,2
276.1488,13.1935,2
276.3012,12.7469,2
276.4536,13.3665,2
276.606,13.1988,2
276.7584,11.0105,2
276.9108,10.5572,2
277.0632,10.0347,2
277.2156,9.5688,2
277.368,10.4365,2
277.5204,11.2585,2
277.6728,11.852,2
277.8252,12.4602,2
277.9776,13.3523,2
278.13,14.3339,2
278.2824,14.5912,2
278.4348,13.5146,2
278.5872,13.8092,2
278.7396,14.3619,2
278.892,14.5059,2
279.0444,13.6535,2
279.1968,13.9693,2
279.3492,14.5905,2
279.5016,14.9225,2
279.654,14.6366,2
279.8064,14.9044,2
279.9588,15.0762,2
280.1112,14.7213,2
280.2636,14.053,2
280.416,13.7294,2
280.5684,13.6294,2
280.7208,13.8942,2
280.8732,14.3762,2
281.0256,14.5139,2
281.178,14.3045,2
281.3304,13.8563,2
281.4828,13.7489,2
281.6352,14.7818,2
281.7876,15.753,2
281.94,16.4681,2
282.0924,16.5737,2
282.2448,15.1108,2
282.3972,14.4199,2
282.5496,14.6466,2
282.702,14.3613,2
282.8544,15.1021,2
283.0068,14.7072,2
283.1592,13.3494,2
283.3116,13.0019,2
283.464,12.9955,2
283.6164,12.8173,2
283.7688,13.0709,2
283.9212,12.5191,2
284.0736,12.835,2
284.226,14.252,2
284.3784,14.8553,2
284.5308,15.0752,2
284.6832,15.2237,2
284.8356,15.585,2
284.988,16.3001,2
285.1404,17.2348,2
285.2928,18.0604,2
285.4452,18.2096,2
285.5976,16.5187,2
285.75,14.4267,2
285.9024,13.4639,2
286.0548,13.1679,2
286.2072,12.9272,2
286.3596,12.7314,2
286.512,12.953,2
286.6644,13.3172,2
286.8168,11.9063,2
286.9692,11.316,2
287.1216,10.3263,2
287.274,11.4006,2
287.4264,12.5012,2
287.5788,13.0259,2
287.7312,13.6837,2
287.8836,14.0111,2
288.036,14.4371,2
288.1884,13.7627,2
288.3408,12.395,2
288.4932,13.3847,2
288.6456,13.6572,2
288.798,13.4066,2
288.9504,14.6211,2
289.1028,15.1855,2
289.2552,15.7908,2
289.4076,15.3468,2
289.56,14.3914,2
289.7124,13.9633,2
289.8648,14.2974,2
290.0172,15.8584,2
290.1696,17.0683,2
290.322,17.8315,2
290.4744,18.0356,2
290.6268,17.3822,2
290.7792,15.5589,2
290.9316,14.5914,2
291.084,14.3115,2
291.2364,14.1756,2
291.3888,13.8817,2
291.5412,13.0142,2
291.6936,13.4407,2
291.846,14.9482,2
291.9984,16.0765,2
292.1508,16.4502,2
292.3032,17.1121,2
292.4556,16.9777,2
292.608,16.3507,2
292.7604,15.203,2
292.9128,15.6719,2
293.0652,16.6195,2
293.2176,16.4862,2
293.37,17.0369,2
293.5224,17.8206,2
293.6748,17.5448,2
293.8272,17.3837,2
293.9796,19.0898,2
294.132,20.4149,2
294.2844,20.7893,2
294.4368,20.0588,2
294.5892,19.6673,2
294.7416,19.7073,2
294.894,19.7076,2
295.0464,18.7361,2
295.1988,19.3748,2
295.3512,19.4801,2
295.5036,16.6696,2
295.656,14.8767,2
295.8084,14.0484,2
295.9608,14.1658,2
296.1132,14.0948,2
296.2656,13.4153,2
296.418,11.2452,2
296.5704,10.8846,2
296.7228,11.6437,2
296.8752,12.4733,2
297.0276,12.3194,2
297.18,13.2558,2
297.3324,13.3239,2
297.4848,11.9972,2
297.6372,11.7435,2
297.7896,12.6609,2
297.942,13.933,2
298.0944,14.6774,2
298.2468,14.4753,2
298.3992,14.1127,2
298.5516,13.5281,2
298.704,12.8503,2
298.8564,12.5928,2
299.0088,13.3877,2
299.1612,12.8924,2
299.3136,12.252,2
299.466,12.4322,2
299.6184,12.1868,2
299.7708,11.4279,2
299.9232,11.7819,2
300.0756,13.4889,2
300.228,13.2924,2
300.3804,12.9482,2
300.5328,13.2283,2
300.6852,12.7283,2
300.8376,11.5862,2
300.99,10.6914,2
301.1424,11.7999,2
301.2948,12.951,2
301.4472,12.3955,2
301.5996,12.4022,2
301.752,13.5785,2
301.9044,13.9358,2
302.0568,13.9678,2
302.2092,13.901,2
302.3616,13.7439,2
302.514,13.4264,2
302.6664,12.2786,2
302.8188,11.0973,2
302.9712,10.6608,2
303.1236,12.0667,2
303.276,12.0463,2
303.4284,10.8318,2
303.5808,10.4875,2
303.7332,10.9302,2
303.8856,11.8687,2
304.038,10.7213,2
304.1904,10.5231,2
304.3428,10.9101,2
304.4952,10.7661,2
304.6476,10.3444,2
304.8,11.4879,2
304.9524,12.1187,2
305.1048,11.7448,2
305.2572,11.454,2
305.4096,11.6056,2
305.562,12.342,2
305.7144,12.8323,2
305.8668,12.8131,2
306.0192,12.3572,2
306.1716,11.4413,2
306.324,11.6479,2
306.4764,11.4654,2
306.6288,10.6936,2
306.7812,10.0462,2
306.9336,11.0302,2
307.086,12.0246,2
307.2384,10.094,2
307.3908,9.5076,2
307.5432,9.709,2
307.6956,10.2765,2
307.848,9.5471,2
308.0004,8.7311,2
308.1528,9.2873,2
308.3052,10.6265,2
308.4576,11.8823,2
308.61,10.9154,2
308.7624,10.7633,2
308.9148,10.9754,2
309.0672,9.8479,2
309.2196,9.2185,2
309.372,10.1716,2
309.5244,10.7667,2
309.6768,9.988,2
309.8292,8.8708,2
309.9816,9.1031,2
310.134,10.3892,2
310.2864,10.2859,2
310.4388,9.7302,2
310.5912,9.6117,2
310.7436,9.7548,2
310.896,10.6394,2
311.0484,10.9662,2
311.2008,10.2899,2
311.3532,10.1533,2
311.5056,10.4183,2
311.658,10.455,2
311.8104,10.064,2
311.9628,9.1631,2
312.1152,8.7952,2
312.2676,8.4735,2
312.42,8.2724,2
312.5724,8.9143,2
312.7248,10.4342,2
312.8772,10.1564,2
313.0296,9.2963,2
313.182,9.5258,2
313.3344,9.7906,2
313.4868,9.7513,2
313.6392,10.2031,2
313.7916,10.9469,2
313.944,11.4758,2
314.0964,12.0523,2
314.2488,9.9414,2
314.4012,9.303,2
314.5536,9.8022,2
314.706,10.8986,2
314.8584,11.2642,2
315.0108,9.4452,2
315.1632,8.9946,2
315.3156,8.7031,2
315.468,8.1481,2
315.6204,8.7017,2
315.7728,10.0712,2
315.9252,11.2855,2
316.0776,10.7463,2
316.23,9.1082,2
316.3824,8.6503,2
316.5348,8.7484,2
316.6872,9.3185,2
316.8396,10.4941,2
316.992,11.6853,2
317.1444,12.3797,2
317.2968,12.4092,2
317.4492,10.7404,2
317.6016,9.8351,2
317.754,10.4734,2
317.9064,10.2123,2
318.0588,10.6001,2
318.2112,10.8448,2
318.3636,10.4597,2
318.516,10.6548,2
318.6684,10.5841,2
318.8208,10.0202,2
318.9732,9.5378,2
319.1256,10.1184,2
319.278,11.1093,2
319.4304,13.0695,2
319.5828,11.8754,2
319.7352,10.7358,2
319.8876,9.9115,2
320.04,9.2698,2
320.1924,9.2785,2
320.3448,9.8791,2
320.4972,10.2875,2
320.6496,10.1643,2
320.802,10.9284,2
320.9544,11.583,2
321.1068,11.9748,2
321.2592,11.3715,2
321.4116,11.189,2
321.564,11.553,2
321.7164,12.0482,2
321.8688,12.5632,2
322.0212,13.1431,2
322.1736,12.2198,2
322.326,11.321,2
322.4784,11.1214,2
322.6308,11.3668,2
322.7832,11.489,2
322.9356,11.3436,2
323.088,11.0606,2
323.2404,11.2193,2
323.3928,10.7578,2
323.5452,9.8812,2
323.6976,9.4721,2
323.85,9.5126,2
324.0024,10.1199,2
324.1548,9.6736,2
324.3072,8.6219,2
324.4596,8.4148,2
324.612,8.644,2
324.7644,8.7989,2
324.9168,10.9866,2
325.0692,12.626,2
325.2216,13.6964,2
325.374,13.9235,2
325.5264,12.2011,2
325.6788,12.1857,2
325.8312,11.6775,2
325.9836,11.2584,2
326.136,11.3244,2
326.2884,11.2069,2
326.4408,11.1258,2
326.5932,11.2049,2
326.7456,11.9598,2
326.898,12.3595,2
327.0504,11.6051,2
327.2028,12.069,2
327.3552,11.7161,2
327.5076,10.6874,2
327.66,11.2987,2
327.8124,11.7957,2
327.9648,11.4763,2
328.1172,11.2924,2
328.2696,11.7303,2
328.422,12.9711,2
328.5744,12.766,2
328.7268,12.7906,2
328.8792,12.7833,2
329.0316,11.9304,2
329.184,11.2709,2
329.3364,11.4417,2
329.4888,12.5218,2
329.6412,13.3589,2
329.7936,13.1184,2
329.946,12.2434,2
330.0984,11.7443,3
330.2508,12.2107,3
330.4032,12.7755,3
330.5556,12.4734,3
330.708,12.1204,3
330.8604,11.7348,3
331.0128,11.3518,3
331.1652,10.9097,3
331.3176,11.6413,3
331.47,12.8552,3
331.6224,12.2006,3
331.7748,11.8907,3
331.9272,12.0742,3
332.0796,13.3162,3
332.232,12.8209,3
332.3844,11.6771,3
332.5368,12.9185,3
332.6892,13.4113,3
332.8416,12.984,3
332.994,12.5404,3
333.1464,11.1206,3
333.2988,10.0281,3
333.4512,9.2693,3
333.6036,9.3118,3
333.756,9.9055,3
333.9084,10.0637,3
334.0608,10.6933,3
334.2132,11.2687,3
334.3656,11.4349,3
334.518,11.6642,3
334.6704,11.9286,3
334.8228,12.0735,3
334.9752,11.333,3
335.1276,9.2029,3
335.28,8.5874,3
335.4324,11.0033,3
335.5848,12.545,3
335.7372,13.1633,3
335.8896,12.3676,3
336.042,11.4474,3
336.1944,11.3948,3
336.3468,11.2324,3
336.4992,10.3893,3
336.6516,9.6872,3
336.804,9.4952,3
336.9564,10.3269,3
337.1088,11.1681,3
337.2612,11.9952,3
337.4136,12.6468,3
337.566,11.7591,3
337.7184,11.8622,3
337.8708,11.9913,3
338.0232,12.0581,3
338.1756,12.7447,3
338.328,13.8045,3
338.4804,13.4409,3
338.6328,12.7641,3
338.7852,13.0117,3
338.9376,11.4205,3
339.09,10.4009,3
339.2424,10.1821,3
339.3948,10.0294,3
339.5472,10.6648,3
339.6996,11.0301,3
339.852,10.2119,3
340.0044,9.9597,3
340.1568,9.3926,3
340.3092,8.356,3
340.4616,7.9096,3
340.614,8.5243,3
340.7664,9.1609,3
340.9188,9.1322,3
341.0712,9.6338,3
341.2236,10.2709,3
341.376,10.3097,3
341.5284,10.0673,3
341.6808,10.2908,3
341.8332,11.3779,3
341.9856,11.5924,3
342.138,11.1835,3
342.2904,10.1103,3
342.4428,9.365,3
342.5952,9.7019,3
342.7476,10.6637,3
342.9,11.9186,3
343.0524,11.767,3
343.2048,11.1962,3
343.3572,10.2004,3
343.5096,10.5696,3
343.662,11.0494,3
343.8144,11.2599,3
343.9668,10.2854,3
344.1192,9.8303,3
344.2716,10.4214,3
344.424,11.1794,3
344.5764,11.7775,3
344.7288,12.4587,3
344.8812,13.0493,3
345.0336,12.5318,3
345.186,10.8576,3
345.3384,10.7465,3
345.4908,10.6841,3
345.6432,9.7867,3
345.7956,9.7289,3
345.948,10.6096,3
346.1004,11.6713,3
346.2528,12.0984,3
346.4052,11.7031,3
346.5576,12.2597,3
346.71,11.6233,3
346.8624,11.5909,3
347.0148,12.3885,3
347.1672,12.5079,3
347.3196,12.2617,3
347.472,12.7711,3
347.6244,12.5918,3
347.7768,11.9239,3
347.9292,11.4945,3
348.0816,11.0847,3
348.234,11.2696,3
348.3864,11.5759,3
348.5388,10.6517,3
348.6912,9.3364,3
348.8436,8.6276,3
348.996,8.9311,3
349.1484,10.1052,3
349.3008,11.2303,3
349.4532,12.0036,3
349.6056,12.6601,3
349.758,12.2419,3
349.9104,11.0691,3
350.0628,11.0181,3
350.2152,11.5181,3
350.3676,11.6564,3
350.52,12.1618,3
350.6724,12.0283,3
350.8248,11.5083,3
350.9772,12.319,3
351.1296,12.6617,3
351.282,11.5137,3
351.4344,11.453,3
351.5868,11.6625,3
351.7392,13.2002,3
351.8916,14.3024,3
352.044,14.4514,3
352.1964,13.7529,3
352.3488,13.8345,3
352.5012,13.0273,3
352.6536,12.3176,3
352.806,12.0512,3
352.9584,12.462,3
353.1108,12.5096,3
353.2632,12.0778,3
353.4156,12.8638,3
353.568,12.1216,3
353.7204,11.8166,3
353.8728,13.0306,3
354.0252,14.2036,3
354.1776,14.5664,3
354.33,14.4303,3
354.4824,13.4337,3
354.6348,12.7106,3
354.7872,12.7895,3
354.9396,13.3542,3
355.092,13.7249,3
355.2444,13.3548,3
355.3968,12.8629,3
355.5492,12.5334,3
355.7016,12.7506,3
355.854,13.3298,3
356.0064,14.6764,3
356.1588,14.8449,3
356.3112,14.3089,3
356.4636,12.2967,3
356.616,10.9095,3
356.7684,10.2048,3
356.9208,10.3594,3
357.0732,11.3625,3
357.2256,12.6188,3
357.378,13.2925,3
357.5304,13.3027,3
357.6828,13.3735,3
357.8352,13.5182,3
357.9876,12.1653,3
358.14,11.3321,3
358.2924,12.48,3
358.4448,14.0022,3
358.5972,13.9306,3
358.7496,13.1204,3
358.902,12.518,3
359.0544,12.4096,3
359.2068,12.7726,3
359.3592,13.3472,3
359.5116,12.9958,3
359.664,12.4933,3
359.8164,12.5997,3
359.9688,13.1069,3
360.1212,12.8789,3
360.2736,13.1549,3
360.426,12.9321,3
360.5784,12.0421,3
360.7308,11.0839,3
360.8832,10.9038,3
361.0356,11.6821,3
361.188,13.0632,3
361.3404,13.509,3
361.4928,13.8305,3
361.6452,14.0631,3
361.7976,14.2243,3
361.95,14.2996,3
362.1024,15.4802,3
362.2548,14.9562,3
362.4072,15.1582,3
362.5596,15.2189,3
362.712,14.7043,3
362.8644,13.5892,3
363.0168,12.9617,3
363.1692,14.4851,3
363.3216,13.7667,3
363.474,13.2384,3
363.6264,13.59,3
363.7788,15.1654,3
363.9312,15.2386,3
364.0836,14.2648,3
364.236,13.2904,3
364.3884,12.4387,3
364.5408,11.8093,3
364.6932,11.9401,3
364.8456,12.1048,3
364.998,12.4268,3
365.1504,12.7264,3
365.3028,13.1022,3
365.4552,13.5979,3
365.6076,12.0679,3
365.76,11.8702,3
365.9124,11.6664,3
366.0648,11.1304,3
366.2172,11.6482,3
366.3696,12.2793,3
366.522,13.5505,3
366.6744,14.4533,3
366.8268,14.4838,3
366.9792,13.4682,3
367.1316,13.8113,3
367.284,13.6237,3
367.4364,12.0426,3
367.5888,11.1342,3
367.7412,10.5986,3
367.8936,11.1617,3
368.046,12.0436,3
368.1984,12.3333,3
368.3508,11.2146,3
368.5032,10.1507,3
368.6556,9.8927,3
368.808,10.3963,3
368.9604,11.0553,3
369.1128,12.5065,3
369.2652,12.4475,3
369.4176,13.0434,3
369.57,11.5849,3
369.7224,10.2959,3
369.8748,10.1683,3
370.0272,9.598,3
370.1796,9.5987,3
370.332,10.3845,3
370.4844,10.5999,3
370.6368,10.7192,3
370.7892,11.3836,3
370.9416,10.9683,3
371.094,10.1001,3
371.2464,10.0093,3
371.3988,10.866,3
371.5512,10.703,3
371.7036,10.5433,3
371.856,10.6297,3
372.0084,11.6732,3
372.1608,12.3548,3
372.3132,12.1564,3
372.4656,10.8417,3
372.618,10.2524,3
372.7704,10.2456,3
372.9228,10.3261,3
373.0752,10.3696,3
373.2276,10.0555,3
373.38,10.0981,3
373.5324,10.2331,3
373.6848,10.1572,3
373.8372,10.2093,3
373.9896,11.6095,3
374.142,12.4993,3
374.2944,12.6368,3
374.4468,12.3447,3
374.5992,12.0616,3
374.7516,11.4526,3
374.904,10.7202,3
375.0564,10.8369,3
375.2088,9.8845,3
375.3612,9.2744,3
375.5136,9.5064,3
375.666,10.0761,3
375.8184,9.9271,3
375.9708,10.5078,3
376.1232,10.3575,3
376.2756,10.7882,3
376.428,10.3614,3
376.5804,11.1494,3
376.7328,10.8929,3
376.8852,10.7233,3
377.0376,10.8397,3
377.19,11.6482,3
377.3424,11.3003,3
377.4948,10.5173,3
377.6472,10.2811,3
377.7996,9.914,3
377.952,9.3627,3
378.1044,8.7749,3
378.2568,8.3138,3
378.4092,8.2842,3
378.5616,8.3848,3
378.714,9.0005,3
378.8664,9.8683,3
379.0188,10.703,3
379.1712,11.7787,3
379.3236,12.0845,3
379.476,10.9143,3
379.6284,10.5138,3
379.7808,10.0883,3
379.9332,9.6168,3
380.0856,9.5973,3
380.238,10.8467,3
380.3904,11.5558,3
380.5428,11.81,3
380.6952,11.3881,3
380.8476,10.8227,3
381,11.0548,3
381.1524,10.949,3
381.3048,11.0218,3
381.4572,11.2319,3
381.6096,10.6499,3
381.762,11.2057,3
381.9144,11.8242,3
382.0668,11.6378,3
382.2192,10.919,3
382.3716,10.5726,3
382.524,10.5754,3
382.6764,10.7129,3
382.8288,10.9554,3
382.9812,9.8612,3
383.1336,9.9579,3
383.286,10.4885,3
383.4384,10.7575,3
383.5908,10.6983,3
383.7432,9.8642,3
383.8956,10.3813,3
384.048,11.3891,3
384.2004,12.2971,3
384.3528,12.3435,3
384.5052,13.3293,3
384.6576,13.4248,3
384.81,11.7384,3
384.9624,10.8718,3
385.1148,10.9739,3
385.2672,11.967,3
385.4196,12.188,3
385.572,12.24,3
385.7244,12.7167,3
385.8768,12.6216,3
386.0292,11.8744,3
386.1816,10.9662,3
386.334,10.5548,3
386.4864,10.9715,3
386.6388,11.4967,3
386.7912,12.6352,3
386.9436,13.7041,3
387.096,14.6441,3
387.2484,13.813,3
387.4008,13.2963,3
387.5532,13.6861,3
387.7056,14.9976,3
387.858,17.1461,3
388.0104,17.9517,3
388.1628,19.3662,3
388.3152,17.7182,3
388.4676,16.9735,3
388.62,17.3421,3
388.7724,16.7918,3
388.9248,16.2773,3
389.0772,15.2664,3
389.2296,15.8255,3
389.382,14.1625,3
389.5344,13.189,3
389.6868,12.0948,3
389.8392,12.066,3
389.9916,12.7815,3
390.144,14.2364,3
390.2964,14.3279,3
390.4488,13.5978,3
390.6012,13.3896,3
390.7536,12.7069,3
390.906,11.6554,3
391.0584,11.8653,3
391.2108,12.1148,3
391.3632,12.0364,3
391.5156,12.2743,3
391.668,12.5967,3
391.8204,12.9301,3
391.9728,13.6934,3
392.1252,12.9804,3
392.2776,13.5353,3
392.43,13.4557,3
392.5824,12.932,3
392.7348,13.4502,3
392.8872,13.0396,3
393.0396,12.9022,3
393.192,12.7751,3
393.3444,13.3073,3
393.4968,12.4166,3
393.6492,11.623,3
393.8016,11.3694,3
393.954,11.3749,3
394.1064,11.8991,3
394.2588,12.5593,3
394.4112,13.2692,3
394.5636,13.161,3
394.716,12.0804,3
394.8684,11.3791,3
395.0208,10.9216,3
395.1732,11.8199,3
395.3256,12.6681,3
395.478,13.148,3
395.6304,13.3671,3
395.7828,13.9938,3
395.9352,14.8863,3
396.0876,15.3562,3
396.24,14.1263,3
396.3924,13.0613,3
396.5448,12.2062,3
396.6972,12.937,3
396.8496,12.8953,3
397.002,11.4343,3
397.1544,11.1227,3
397.3068,12.592,3
397.4592,12.0004,3
397.6116,11.6294,3
397.764,11.9389,3
397.9164,11.3831,3
398.0688,11.1788,3
398.2212,12.0945,3
398.3736,13.3773,3
398.526,14.0035,3
398.6784,12.9304,3
398.8308,12.342,3
398.9832,12.9861,3
399.1356,13.6842,3
399.288,14.2183,3
399.4404,14.28,3
399.5928,13.9576,3
399.7452,13.0667,3
399.8976,12.6053,3
400.05,11.4003,3
400.2024,10.6724,3
400.3548,10.7938,3
400.5072,11.1802,3
400.6596,11.0992,3
400.812,10.724,3
400.9644,10.6419,3
401.1168,11.3742,3
401.2692,10.9317,3
401.4216,11.6008,3
401.574,12.9319,3
401.7264,14.5505,3
401.8788,14.9287,3
402.0312,15.632,3
402.1836,15.8808,3
402.336,14.7684,3
402.4884,14.7254,3
402.6408,16.0142,3
402.7932,17.5572,3
402.9456,18.8637,3
403.098,19.2801,3
403.2504,18.349,3
403.4028,16.9158,3
403.5552,16.324,3
403.7076,16.0503,3
403.86,15.1035,3
404.0124,14.9248,3
404.1648,16.5195,3
404.3172,17.4456,3
404.4696,16.78,3
404.622,17.1035,3
404.7744,18.2755,3
404.9268,19.5738,3
405.0792,20.4302,3
405.2316,19.9448,3
405.384,20.2828,3
405.5364,19.9268,3
405.6888,20.0603,3
405.8412,20.7382,3
405.9936,21.794,3
406.146,22.4866,3
406.2984,21.9809,3
406.4508,21.2159,3
406.6032,20.5393,3
406.7556,20.4376,3
406.908,21.0519,3
407.0604,21.5635,3
407.2128,21.1575,3
407.3652,21.3998,3
407.5176,20.8026,3
407.67,20.6833,3
407.8224,20.7638,3
407.9748,20.7291,3
408.1272,20.2808,3
408.2796,21.5087,3
408.432,22.7684,3
408.5844,23.3057,3
408.7368,23.1957,3
408.8892,22.7484,3
409.0416,21.4212,3
409.194,20.879,3
409.3464,21.4808,3
409.4988,22.2589,3
409.6512,22.3848,3
409.8036,21.6664,3
409.956,20.9794,3
410.1084,20.7876,3
410.2608,20.7942,3
410.4132,20.2909,3
410.5656,19.4159,3
410.718,19.9682,3
410.8704,20.4517,3
411.0228,19.9275,3
411.1752,20.0342,3
411.3276,20.7089,3
411.48,20.9802,3
411.6324,20.5545,3
411.7848,18.3778,3
411.9372,17.6018,3
412.0896,17.9865,3
412.242,18.3604,3
412.3944,18.7993,3
412.5468,18.6077,3
412.6992,17.9441,3
412.8516,17.5024,3
413.004,18.4089,3
413.1564,19.9729,3
413.3088,20.3089,3
413.4612,19.9763,3
413.6136,18.8806,3
413.766,18.2323,3
413.9184,19.4702,3
414.0708,19.8811,3
414.2232,19.8248,3
414.3756,18.3664,3
414.528,17.1847,3
414.6804,17.1848,3
414.8328,17.2602,3
414.9852,16.6769,3
415.1376,18.4723,3
415.29,19.0828,3
415.4424,18.5607,3
415.5948,18.7485,3
415.7472,18.5287,3
415.8996,17.6006,3
416.052,17.7503,3
416.2044,17.6005,3
416.3568,16.8261,3
416.5092,16.0547,3
416.6616,15.6196,3
416.814,15.9768,3
416.9664,16.4074,3
417.1188,17.244,3
417.2712,18.2633,3
417.4236,18.2257,3
417.576,18.2006,3
417.7284,18.3969,3
417.8808,18.2495,3
418.0332,17.8529,3
418.1856,17.6421,3
418.338,17.4342,3
418.4904,17.0844,3
418.6428,17.3289,3
418.7952,16.7941,3
418.9476,17.8317,3
419.1,19.0263,3
419.2524,18.9615,3
419.4048,18.063,3
419.5572,18.2325,3
419.7096,17.9368,3
419.862,16.9697,3
420.0144,16.232,3
420.1668,15.6781,3
420.3192,15.3502,3
420.4716,15.633,3
420.624,16.5456,3
420.7764,17.7112,3
420.9288,17.0626,3
421.0812,16.6515,3
421.2336,16.7141,3
421.386,16.043,3
421.5384,16.0827,3
421.6908,16.8839,3
421.8432,18.8674,3
421.9956,17.9067,3
422.148,17.4831,3
422.3004,17.758,3
422.4528,17.2078,3
422.6052,17.0757,3
422.7576,18.627,3
422.91,18.2893,3
423.0624,18.0289,3
423.2148,18.2103,3
423.3672,18.5673,3
423.5196,18.8037,3
423.672,18.1346,3
423.8244,17.3557,3
423.9768,17.01,3
424.1292,16.5893,3
424.2816,15.9467,3
424.434,15.1916,3
424.5864,14.6002,3
424.7388,14.3147,3
424.8912,14.3992,3
425.0436,14.5997,3
425.196,14.3898,3
425.3484,14.4168,3
425.5008,15.0434,3
425.6532,15.8274,3
425.8056,15.2063,3
425.958,14.6307,3
426.1104,14.1429,3
426.2628,13.824,3
426.4152,13.432,3
426.5676,14.661,3
426.72,17.4805,3
426.8724,18.9147,3
427.0248,20.5609,3
427.1772,21.7133,3
427.3296,20.5603,3
427.482,19.5103,3
427.6344,18.6253,3
427.7868,17.7737,3
427.9392,17.6963,3
428.0916,17.1697,3
428.244,16.4431,3
428.3964,17.1686,3
428.5488,17.552,3
428.7012,17.0683,3
428.8536,17.0697,3
429.006,19.5235,3
429.1584,20.9949,3
429.3108,20.8027,3
429.4632,19.8097,3
429.6156,18.643,3
429.768,17.9505,3
429.9204,18.774,3
430.0728,20.0728,3
430.2252,20.1821,3
430.3776,18.45,3
430.53,18.2056,3
430.6824,19.0977,3
430.8348,20.2849,3
430.9872,21.7405,3
431.1396,23.0281,3
431.292,24.2869,3
431.4444,23.5669,3
431.5968,22.1343,3
431.7492,21.0572,3
431.9016,20.1022,3
432.054,19.1767,3
432.2064,18.5597,3
432.3588,20.4006,3
432.5112,21.5375,3
432.6636,21.6122,3
432.816,22.3215,3
432.9684,23.066,3
433.1208,23.637,3
433.2732,23.4613,3
433.4256,24.1053,3
433.578,23.6859,3
433.7304,23.8106,3
433.8828,23.9536,3
434.0352,22.3265,3
434.1876,20.781,3
434.34,19.3034,3
434.4924,18.4748,3
434.6448,19.0502,3
434.7972,20.062,3
434.9496,21.2612,3
435.102,22.2135,3
435.2544,22.9459,3
435.4068,23.1794,3
435.5592,22.9028,3
435.7116,23.3431,3
435.864,24.5165,3
436.0164,25.5904,3
436.1688,26.7818,3
436.3212,26.5991,3
436.4736,25.8068,3
436.626,25.258,3
436.7784,27.7112,3
436.9308,29.3292,3
437.0832,32.8391,3
437.2356,37.7869,3
437.388,41.5005,3
437.5404,39.1817,3
437.6928,37.3718,3
437.8452,38.2749,3
437.9976,36.5335,3
438.15,33.47,3
438.3024,31.6394,3
438.4548,31.2141,3
438.6072,30.9926,3
438.7596,30.3284,3
438.912,30.2925,3
439.0644,31.3335,3
439.2168,30.5189,3
439.3692,29.8785,3
439.5216,28.9498,3
439.674,27.7147,3
439.8264,27.4679,3
439.9788,27.4074,3
440.1312,28.1072,3
440.2836,27.6892,3
440.436,27.0357,3
440.5884,28.5355,3
440.7408,28.2107,3
440.8932,27.0818,3
441.0456,26.099,3
441.198,25.3343,3
441.3504,25.3082,3
441.5028,26.0296,3
441.6552,26.3361,3
441.8076,27.9818,3
441.96,29.726,3
442.1124,29.959,3
442.2648,29.5233,3
442.4172,29.2898,3
442.5696,29.0182,3
442.722,27.7407,3
442.8744,26.3654,3
443.0268,25.5001,3
443.1792,27.1065,3
443.3316,28.1875,3
443.484,27.7921,3
443.6364,28.7601,3
443.7888,30.1963,3
443.9412,28.3216,3
444.0936,26.9238,3
444.246,26.5608,3
444.3984,25.7314,3
444.5508,25.4139,3
444.7032,25.4209,3
444.8556,25.1329,3
445.008,25.7805,3
445.1604,27.831,3
445.3128,29.5499,3
445.4652,30.6302,3
445.6176,29.1982,3
445.77,27.9875,3
445.9224,29.5812,3
446.0748,30.2248,3
446.2272,29.4573,3
446.3796,29.2412,3
446.532,28.8409,3
446.6844,28.3955,3
446.8368,29.3103,3
446.9892,30.4938,3
447.1416,29.8005,3
447.294,29.9259,3
447.4464,30.3074,3
447.5988,29.6816,3
447.7512,28.947,3
447.9036,28.3761,3
448.056,29.2663,3
448.2084,26.5846,3
448.3608,25.8662,3
448.5132,25.9353,3
448.6656,26.5333,3
448.818,27.4253,3
448.9704,27.645,3
449.1228,26.8508,3
449.2752,26.8762,3
449.4276,27.5544,3
449.58,28.8443,3
449.7324,28.9374,3
449.8848,27.7613,3
450.0372,26.6344,3
450.1896,26.4405,3
450.342,27.4919,3
450.4944,25.4827,3
450.6468,23.9595,3
450.7992,25.0736,3
450.9516,26.0925,3
451.104,25.3448,3
451.2564,23.9517,3
451.4088,23.9509,3
451.5612,23.4757,3
451.7136,22.5094,3
451.866,23.041,3
452.0184,23.3838,3
452.1708,22.4962,3
452.3232,22.3919,3
452.4756,23.822,3
452.628,25.0854,3
452.7804,24.5164,3
452.9328,24.474,3
453.0852,24.3732,3
453.2376,23.6435,3
453.39,24.6144,3
453.5424,26.0421,3
453.6948,26.6931,3
453.8472,26.7728,3
453.9996,26.5647,3
454.152,26.8577,3
454.3044,27.8626,3
454.4568,27.8553,3
454.6092,27.6388,3
454.7616,27.9808,3
454.914,26.5169,3
455.0664,25.1202,3
455.2188,24.4358,3
455.3712,24.1678,3
455.5236,23.9299,3
455.676,23.8876,3
455.8284,25.7196,3
455.9808,24.9746,3
456.1332,23.1043,3
456.2856,20.7701,3
456.438,21.2103,3
456.5904,23.1043,3
456.7428,23.9403,3
456.8952,23.2276,3
457.0476,22.3018,3
457.2,22.0156,3
457.3524,21.7544,3
457.5048,22.2729,3
457.6572,22.8855,3
457.8096,23.4986,3
457.962,24.0489,3
458.1144,24.6788,3
458.2668,26.4147,3
458.4192,26.6223,3
458.5716,24.7856,3
458.724,21.4766,3
458.8764,20.2812,3
459.0288,19.8963,3
459.1812,21.104,3
459.3336,21.4346,3
459.486,23.4934,3
459.6384,25.4659,3
459.7908,25.1171,3
459.9432,24.8237,3
460.0956,25.275,3
460.248,26.6077,3
460.4004,27.186,3
460.5528,25.3752,3
460.7052,25.2248,3
460.8576,26.0852,3
461.01,25.0322,3
461.1624,25.3376,3
461.3148,25.6954,3
461.4672,24.1086,3
461.6196,23.0979,3
461.772,21.5816,3
461.9244,21.9176,3
462.0768,23.608,3
462.2292,24.2778,3
462.3816,25.5348,3
462.534,24.3228,3
462.6864,24.7341,3
462.8388,24.1242,3
462.9912,23.1439,3
463.1436,22.3571,3
463.296,23.0389,3
463.4484,24.1775,3
463.6008,23.5923,3
463.7532,23.4997,3
463.9056,24.519,3
464.058,25.8051,3
464.2104,27.319,3
464.3628,28.3194,3
464.5152,27.6648,3
464.6676,25.875,3
464.82,24.4403,3
464.9724,22.8929,3
465.1248,21.4479,3
465.2772,20.1479,3
465.4296,19.6536,3
465.582,20.8212,3
465.7344,22.3419,3
465.8868,23.1437,3
466.0392,23.9092,3
466.1916,22.8747,3
466.344,21.8318,3
466.4964,21.4604,3
466.6488,22.2775,3
466.8012,24.5105,3
466.9536,24.9648,3
467.106,23.8427,3
467.2584,24.2255,3
467.4108,24.2276,3
467.5632,23.0769,3
467.7156,21.5318,3
467.868,20.3167,3
468.0204,19.3675,3
468.1728,19.6703,3
468.3252,19.554,3
468.4776,19.6595,3
468.63,21.0492,3
468.7824,21.5239,3
468.9348,20.7309,3
469.0872,19.9318,3
469.2396,19.3061,3
469.392,19.9821,3
469.5444,21.2475,3
469.6968,20.8873,3
469.8492,19.406,3
470.0016,19.324,3
470.154,18.4745,3
470.3064,17.7626,3
470.4588,16.373,3
470.6112,17.4099,3
470.7636,18.082,3
470.916,17.1263,3
471.0684,17.1952,3
471.2208,17.9378,3
471.3732,18.6254,3
471.5256,20.3553,3
471.678,20.7181,3
471.8304,19.8835,3
471.9828,18.0936,3
472.1352,16.5724,3
472.2876,15.5895,3
472.44,16.5328,3
472.5924,18.3748,3
472.7448,19.0007,3
472.8972,16.8749,3
473.0496,14.7367,3
473.202,14.3704,3
473.3544,16.4439,3
473.5068,18.4069,3
473.6592,18.9583,3
473.8116,18.7087,3
473.964,18.7201,3
474.1164,19.1798,3
474.2688,20.6762,3
474.4212,21.2426,3
474.5736,21.9939,3
474.726,23.0741,3
474.8784,22.8961,3
475.0308,21.7982,3
475.1832,21.138,3
475.3356,22.6738,3
475.488,23.814,3
475.6404,23.7341,3
475.7928,24.1618,3
475.9452,23.3724,3
476.0976,22.7162,3
476.25,22.3485,3
476.4024,22.2417,3
476.5548,23.5085,3
476.7072,23.5289,3
476.8596,22.7644,3
477.012,22.364,3
477.1644,22.6278,3
477.3168,22.9774,3
477.4692,22.4353,3
477.6216,21.9417,3
477.774,21.4918,3
477.9264,20.9861,3
478.0788,21.9673,3
478.2312,24.2776,3
478.3836,25.1639,3
478.536,24.7971,3
478.6884,24.0641,3
478.8408,24.103,3
478.9932,24.862,3
479.1456,25.3715,3
479.298,23.9191,3
479.4504,22.8355,3
479.6028,23.683,3
479.7552,23.8788,3
479.9076,23.2318,3
480.06,22.9019,3
480.2124,22.6118,3
480.3648,21.9925,3
480.5172,22.7428,3
480.6696,23.7873,3
480.822,23.7719,3
480.9744,22.9737,3
481.1268,22.9348,3
481.2792,24.4866,3
481.4316,24.6426,3
481.584,23.0883,3
481.7364,21.3522,3
481.8888,19.4512,3
482.0412,19.0416,3
482.1936,19.7171,3
482.346,20.5803,3
482.4984,21.0693,3
482.6508,20.519,3
482.8032,21.3421,3
482.9556,22.574,3
483.108,23.7951,3
483.2604,23.1353,3
483.4128,21.7699,3
483.5652,22.1865,3
483.7176,22.7014,3
483.87,22.2148,3
484.0224,20.9724,3
484.1748,20.9478,3
484.3272,20.6131,3
484.4796,19.7471,3
484.632,19.0918,3
484.7844,17.9994,3
484.9368,18.1875,3
485.0892,19.1315,3
485.2416,20.6835,3
485.394,20.0677,3
485.5464,18.7484,3
485.6988,19.9382,3
485.8512,20.6585,3
486.0036,19.9088,3
486.156,20.0971,3
486.3084,21.4875,3
486.4608,20.9664,3
486.6132,21.25,3
486.7656,21.224,3
486.918,20.889,3
487.0704,20.1915,3
487.2228,19.9449,3
487.3752,21.6901,3
487.5276,21.8962,3
487.68,21.4307,3
487.8324,21.3082,3
487.9848,20.96,3
488.1372,20.2123,3
488.2896,19.3831,3
488.442,18.6643,3
488.5944,18.5193,3
488.7468,19.6635,3
488.8992,20.9032,3
489.0516,21.3211,3
489.204,22.3781,3
489.3564,23.4267,3
489.5088,22.7354,3
489.6612,20.5386,3
489.8136,19.9249,3
489.966,20.8238,3
490.1184,21.3798,3
490.2708,20.6692,3
490.4232,19.7598,3
490.5756,19.946,3
490.728,19.2516,3
490.8804,18.4263,3
491.0328,19.6271,3
491.1852,19.2398,3
491.3376,19.4682,3
491.49,20.9577,3
491.6424,22.6484,3
491.7948,21.7925,3
491.9472,20.7823,3
492.0996,20.6591,3
492.252,21.591,3
492.4044,22.7976,3
492.5568,23.7932,3
492.7092,22.6519,3
492.8616,21.7163,3
493.014,20.569,3
493.1664,19.8414,3
493.3188,20.4324,3
493.4712,21.0445,3
493.6236,20.6585,3
493.776,18.9595,3
493.9284,17.6197,3
494.0808,18.3657,3
494.2332,19.0493,3
494.3856,18.6034,3
494.538,18.6722,3
494.6904,20.2665,3
494.8428,21.5147,3
494.9952,22.1994,3
495.1476,22.1032,3
495.3,21.2181,3
495.4524,20.1718,3
495.6048,21.1997,3
495.7572,22.6506,3
495.9096,23.1098,3
496.062,22.6305,3
496.2144,22.5364,3
496.3668,23.9289,3
496.5192,23.8474,3
496.6716,22.548,3
496.824,21.4742,3
496.9764,22.3297,3
497.1288,22.474,3
497.2812,23.4232,3
497.4336,25.0962,3
497.586,26.5418,3
497.7384,27.3658,3
497.8908,26.6036,3
498.0432,24.9951,3
498.1956,24.8405,4
498.348,25.0918,4
498.5004,23.512,4
498.6528,22.1586,4
498.8052,23.8655,4
498.9576,24.8213,4
499.11,24.763,4
499.2624,24.5555,4
499.4148,25.6775,4
499.5672,27.0241,4
499.7196,28.1795,4
499.872,28.1793,4
500.0244,26.474,4
500.1768,26.0044,4
500.3292,25.2328,4
500.4816,24.3878,4
500.634,23.9999,4
500.7864,24.6816,4
500.9388,24.8992,4
501.0912,23.0753,4
501.2436,21.1337,4
501.396,19.5132,4
501.5484,20.6436,4
501.7008,22.1923,4
501.8532,22.8943,4
502.0056,22.1538,4
502.158,22.8897,4
502.3104,23.2255,4
502.4628,22.2079,4
502.6152,21.646,4
502.7676,23.0419,4
502.92,24.9911,4
503.0724,25.9924,4
503.2248,24.7224,4
503.3772,23.3336,4
503.5296,23.1242,4
503.682,24.2788,4
503.8344,23.6003,4
503.9868,23.4363,4
504.1392,24.9438,4
504.2916,25.4692,4
504.444,24.9377,4
504.5964,23.6376,4
504.7488,22.247,4
504.9012,22.2491,4
505.0536,22.7646,4
505.206,22.9993,4
505.3584,22.6129,4
505.5108,22.2579,4
505.6632,22.8683,4
505.8156,23.8249,4
505.968,23.4975,4
506.1204,24.3866,4
506.2728,22.9575,4
506.4252,23.1895,4
506.5776,25.7806,4
506.73,25.8114,4
506.8824,25.346,4
507.0348,26.0784,4
507.1872,28.969,4
507.3396,30.4541,4
507.492,30.1868,4
507.6444,28.6272,4
507.7968,27.4141,4
507.9492,26.7174,4
508.1016,26.1972,4
508.254,27.1742,4
508.4064,27.7393,4
508.5588,27.4328,4
508.7112,27.1691,4
508.8636,26.7102,4
509.016,25.8421,4
509.1684,25.2834,4
509.3208,24.758,4
509.4732,23.6935,4
509.6256,23.1653,4
509.778,23.6526,4
509.9304,24.4032,4
510.0828,24.9487,4
510.2352,24.1733,4
510.3876,23.3455,4
510.54,22.6654,4
510.6924,22.0471,4
510.8448,24.1068,4
510.9972,25.9761,4
511.1496,24.3855,4
511.302,23.3028,4
511.4544,22.9655,4
511.6068,22.0099,4
511.7592,20.8178,4
511.9116,21.3385,4
512.064,23.2773,4
512.2164,24.232,4
512.3688,24.6533,4
512.5212,24.8841,4
512.6736,23.84,4
512.826,21.9971,4
512.9784,21.3334,4
513.1308,20.3869,4
513.2832,19.8472,4
513.4356,20.7654,4
513.588,22.506,4
513.7404,23.7175,4
513.8928,24.0517,4
514.0452,23.7693,4
514.1976,23.1813,4
514.35,22.3124,4
514.5024,22.8746,4
514.6548,26.0581,4
514.8072,25.2084,4
514.9596,23.3635,4
515.112,22.3716,4
515.2644,22.0303,4
515.4168,22.1807,4
515.5692,21.6398,4
515.7216,24.3463,4
515.874,26.3011,4
516.0264,24.9727,4
516.1788,23.9699,4
516.3312,24.8681,4
516.4836,25.8564,4
516.636,27.4245,4
516.7884,29.2471,4
516.9408,30.4212,4
517.0932,30.838,4
517.2456,29.2241,4
517.398,28.8147,4
517.5504,29.6359,4
517.7028,28.277,4
517.8552,26.5178,4
518.0076,25.0533,4
518.16,24.668,4
518.3124,26.5359,4
518.4648,28.953,4
518.6172,28.9106,4
518.7696,28.8267,4
518.922,29.617,4
519.0744,31.1247,4
519.2268,32.6142,4
519.3792,32.636,4
519.5316,31.4489,4
519.684,31.4628,4
519.8364,31.0376,4
519.9888,30.0786,4
520.1412,29.2521,4
520.2936,29.2214,4
520.446,30.2333,4
520.5984,29.3863,4
520.7508,28.1969,4
520.9032,26.7742,4
521.0556,24.7945,4
521.208,22.5253,4
521.3604,20.4182,4
521.5128,19.2047,4
521.6652,19.8587,4
521.8176,21.1662,4
521.97,23.4673,4
522.1224,24.949,4
522.2748,25.921,4
522.4272,27.4224,4
522.5796,28.0114,4
522.732,28.1865,4
522.8844,28.8547,4
523.0368,29.5273,4
523.1892,29.3452,4
523.3416,30.7118,4
523.494,31.1979,4
523.6464,28.5899,4
523.7988,26.9065,4
523.9512,25.5781,4
524.1036,25.6437,4
524.256,25.1226,4
524.4084,25.0391,4
524.5608,23.3096,4
524.7132,22.4283,4
524.8656,23.7025,4
525.018,25.6944,4
525.1704,26.7426,4
525.3228,26.73,4
525.4752,25.1126,4
525.6276,24.4064,4
525.78,24.6084,4
525.9324,25.1644,4
526.0848,25.23,4
526.2372,25.2678,4
526.3896,26.529,4
526.542,26.1902,4
526.6944,27.5153,4
526.8468,27.5365,4
526.9992,28.5844,4
527.1516,30.5809,4
527.304,31.7354,4
527.4564,32.2198,4
527.6088,30.0723,4
527.7612,29.3761,4
527.9136,29.8665,4
528.066,29.1894,4
528.2184,28.5852,4
528.3708,28.0076,4
528.5232,26.8785,4
528.6756,26.7256,4
528.828,27.4444,4
528.9804,26.8819,4
529.1328,27.6972,4
529.2852,28.9092,4
529.4376,30.0501,4
529.59,30.1477,4
529.7424,29.6057,4
529.8948,30.2328,4
530.0472,30.4013,4
530.1996,29.4348,4
530.352,28.3196,4
530.5044,28.057,4
530.6568,29.6108,4
530.8092,30.7644,4
530.9616,31.0208,4
531.114,29.5718,4
531.2664,28.4387,4
531.4188,27.6303,4
531.5712,26.453,4
531.7236,25.9579,4
531.876,26.8693,4
532.0284,27.2077,4
532.1808,27.8741,4
532.3332,28.8493,4
532.4856,27.0413,4
532.638,27.2698,4
532.7904,27.8533,4
532.9428,26.53,4
533.0952,25.5687,4
533.2476,26.5151,4
533.4,25.234,4
533.5524,26.0226,4
533.7048,27.1913,4
533.8572,28.2399,4
534.0096,28.4166,4
534.162,29.6145,4
534.3144,29.0573,4
534.4668,29.9286,4
534.6192,29.6814,4
534.7716,29.0355,4
534.924,30.599,4
535.0764,30.5983,4
535.2288,30.736,4
535.3812,32.68,4
535.5336,34.0104,4
535.686,34.5604,4
535.8384,34.4014,4
535.9908,35.0158,4
536.1432,35.5816,4
536.2956,33.9526,4
536.448,32.4856,4
536.6004,31.7362,4
536.7528,31.0296,4
536.9052,30.3607,4
537.0576,31.6694,4
537.21,33.8018,4
537.3624,34.6851,4
537.5148,35.7179,4
537.6672,35.651,4
537.8196,34.2259,4
537.972,32.6918,4
538.1244,30.3525,4
538.2768,28.3073,4
538.4292,26.8407,4
538.5816,26.0454,4
538.734,25.3535,4
538.8864,26.894,4
539.0388,26.8771,4
539.1912,28.3941,4
539.3436,30.4524,4
539.496,30.06,4
539.6484,31.0523,4
539.8008,32.0911,4
539.9532,32.9141,4
540.1056,32.1434,4
540.258,30.774,4
540.4104,29.6943,4
540.5628,29.8686,4
540.7152,28.9088,4
540.8676,27.0477,4
541.02,25.8145,4
541.1724,24.9323,4
541.3248,23.946,4
541.4772,24.1597,4
541.6296,25.6426,4
541.782,26.1034,4
541.9344,24.2861,4
542.0868,22.4526,4
542.2392,21.6179,4
542.3916,23.7928,4
542.544,25.0921,4
542.6964,25.4607,4
542.8488,26.3457,4
543.0012,28.1972,4
543.1536,27.71,4
543.306,26.0531,4
543.4584,24.5607,4
543.6108,24.0765,4
543.7632,26.5904,4
543.9156,26.3943,4
544.068,24.8155,4
544.2204,23.7829,4
544.3728,23.1287,4
544.5252,21.9536,4
544.6776,17.0293,4
544.83,15.7772,4
544.9824,15.6613,4
545.1348,14.9373,4
545.2872,14.9712,4
545.4396,17.1143,4
545.592,19.1088,4
545.7444,21.083,4
545.8968,22.4991,4
546.0492,23.3672,4
546.2016,24.1211,4
546.354,24.0326,4
546.5064,25.5353,4
546.6588,27.7555,4
546.8112,29.5146,4
546.9636,30.6242,4
547.116,30.892,4
547.2684,30.7441,4
547.4208,31.878,4
547.5732,33.0423,4
547.7256,33.362,4
547.878,32.98,4
548.0304,32.2402,4
548.1828,31.0702,4
548.3352,29.7838,4
548.4876,28.6946,4
548.64,28.2846,4
548.7924,27.0098,4
548.9448,25.9992,4
549.0972,25.7261,4
549.2496,26.003,4
549.402,24.608,4
549.5544,22.6242,4
549.7068,21.0238,4
549.8592,19.5396,4
550.0116,19.2748,4
550.164,19.2469,4
550.3164,19.4527,4
550.4688,20.0359,4
550.6212,19.2923,4
550.7736,18.8977,4
550.926,19.2362,4
551.0784,19.0524,4
551.2308,18.5062,4
551.3832,19.4531,4
551.5356,21.0811,4
551.688,23.4417,4
551.8404,25.8787,4
551.9928,27.5044,4
552.1452,28.162,4
552.2976,28.1842,4
552.45,27.7255,4
552.6024,26.4559,4
552.7548,24.6956,4
552.9072,22.4441,4
553.0596,21.1316,4
553.212,20.0499,4
553.3644,20.2772,4
553.5168,19.9383,4
553.6692,17.884,4
553.8216,17.8525,4
553.974,17.5513,4
554.1264,17.5311,4
554.2788,19.9074,4
554.4312,21.9553,4
554.5836,24.2496,4
554.736,27.6755,4
554.8884,30.8307,4
555.0408,34.4888,4
555.1932,35.5802,4
555.3456,43.1596,4
555.498,43.0754,4
555.6504,36.0665,4
555.8028,27.958,4
555.9552,25.5066,4
556.1076,22.0174,4
556.26,20.7427,4
556.4124,19.6735,4
556.5648,17.9757,4
556.7172,18.2334,4
556.8696,19.7729,4
557.022,19.3769,5
557.1744,18.7958,5
557.3268,18.6962,5
557.4792,18.7874,5
557.6316,18.6918,5
557.784,18.5279,5
557.9364,18.8691,5
558.0888,19.7803,5
558.2412,20.889,5
558.3936,21.6954,5
558.546,21.3063,5
558.6984,20.1435,5
558.8508,19.7273,5
559.0032,19.4872,5
559.1556,19.128,5
559.308,20.2285,5
559.4604,20.1596,5
559.6128,19.2027,5
559.7652,19.3452,5
559.9176,19.6391,5
560.07,19.1926,5
560.2224,19.287,5
560.3748,20.054,5
560.5272,20.3565,5
560.6796,20.0946,5
560.832,19.4961,5
560.9844,19.1867,5
561.1368,19.2596,5
561.2892,18.9578,5
561.4416,18.5404,5
561.594,18.3284,5
561.7464,18.4475,5
561.8988,17.9445,5
562.0512,17.8362,5
562.2036,18.7578,5
562.356,18.8573,5
562.5084,18.4273,5
562.6608,18.2204,5
562.8132,18.7316,5
562.9656,19.8406,5
563.118,19.1797,5
563.2704,18.1086,5
563.4228,17.5782,5
563.5752,17.7308,5
563.7276,18.5168,5
563.88,18.7144,5
564.0324,18.3941,5
564.1848,18.5681,5
564.3372,19.7381,5
564.4896,20.7319,5
564.642,21.7716,5
564.7944,22.8921,5
564.9468,23.63,5
565.0992,22.8734,5
565.2516,21.4963,5
565.404,20.3133,5
565.5564,19.0719,5
565.7088,18.1844,5
565.8612,18.5347,5
566.0136,18.3398,5
566.166,18.6918,5
566.3184,20.1865,5
566.4708,21.043,5
566.6232,20.9156,5
566.7756,19.9908,5
566.928,20.2664,5
567.0804,21.5245,5
567.2328,19.5121,5
567.3852,17.7366,5
567.5376,16.1462,5
567.69,16.1834,5
567.8424,17.5645,5
567.9948,18.8091,5
568.1472,19.5151,5
568.2996,19.3357,5
568.452,19.3105,5
568.6044,19.4285,5
568.7568,19.2234,5
568.9092,18.7886,5
569.0616,19.0556,5
569.214,19.2372,5
569.3664,18.591,5
569.5188,18.2102,5
569.6712,18.1582,5
569.8236,18.1983,5
569.976,19.0484,5
570.1284,20.4399,5
570.2808,21.1386,5
570.4332,21.5355,5
570.5856,22.5409,5
570.738,23.4699,5
570.8904,22.4688,5
571.0428,21.1713,5
571.1952,20.292,5
571.3476,20.309,5
571.5,19.4918,5
571.6524,20.5897,5
571.8048,21.8416,5
571.9572,21.3387,5
572.1096,20.9411,5
572.262,21.3743,5
572.4144,22.3239,5
572.5668,23.5391,5
572.7192,23.6942,5
572.8716,22.9572,5
573.024,22.6862,5
573.1764,23.5086,5
573.3288,24.6637,5
573.4812,25.9085,5
573.6336,26.8121,5
573.786,26.736,5
573.9384,26.5967,5
574.0908,26.4621,5
574.2432,25.5956,5
574.3956,25.4964,5
574.548,24.3627,5
574.7004,22.6053,5
574.8528,21.7551,5
575.0052,22.3935,5
575.1576,23.2985,5
575.31,23.7028,5
575.4624,23.7183,5
575.6148,22.8439,5
575.7672,22.1626,5
575.9196,22.9795,5
576.072,24.7074,5
576.2244,25.6811,5
576.3768,24.5368,5
576.5292,24.1863,5
576.6816,23.9617,5
576.834,22.6322,5
576.9864,21.3275,5
577.1388,20.0626,5
577.2912,20.0226,5
577.4436,20.8659,5
577.596,21.0435,5
577.7484,20.3828,5
577.9008,20.3078,5
578.0532,19.9616,5
578.2056,17.6978,5
578.358,18.1497,5
578.5104,18.0153,5
578.6628,18.6333,5
578.8152,20.1593,5
578.9676,21.1367,5
579.12,21.1333,5
579.2724,20.0507,5
579.4248,19.4106,5
579.5772,18.9858,5
579.7296,19.3731,5
579.882,19.4144,5
580.0344,19.0959,5
580.1868,18.8678,5
580.3392,18.9945,5
580.4916,17.4852,5
580.644,16.3261,5
580.7964,16.6439,5
580.9488,18.0133,5
581.1012,18.1978,5
581.2536,19.8423,5
581.406,21.3539,5
581.5584,21.8359,5
581.7108,19.78,5
581.8632,19.2151,5
582.0156,18.6569,5
582.168,17.4457,5
582.3204,17.2062,5
582.4728,17.9484,5
582.6252,18.5861,5
582.7776,18.986,5
582.93,19.4926,5
583.0824,20.3473,5
583.2348,20.0891,5
583.3872,18.9082,5
583.5396,18.4769,5
583.692,18.9215,5
583.8444,19.7485,5
583.9968,20.7389,5
584.1492,21.5203,5
584.3016,21.8352,5
584.454,21.5319,5
584.6064,19.4103,5
584.7588,17.619,5
584.9112,16.4315,5
585.0636,15.9932,5
585.216,16.9925,5
585.3684,17.5655,5
585.5208,17.8866,5
585.6732,17.988,5
585.8256,17.643,5
585.978,16.5579,5
586.1304,14.8903,5
586.2828,15.1223,5
586.4352,18.0768,5
586.5876,18.1622,5
586.74,17.5923,5
586.8924,19.4059,5
587.0448,21.0111,5
587.1972,21.8468,5
587.3496,20.5892,5
587.502,20.2437,5
587.6544,19.9114,5
587.8068,19.2314,5
587.9592,19.678,5
588.1116,19.9207,5
588.264,20.3458,5
588.4164,21.6159,5
588.5688,21.7692,5
588.7212,22.2962,5
588.8736,21.7434,5
589.026,21.8058,5
589.1784,20.2531,5
589.3308,17.9443,5
589.4832,18.0437,5
589.6356,17.8977,5
589.788,17.2549,5
589.9404,16.8456,5
590.0928,17.0384,5
590.2452,17.0854,5
590.3976,17.4175,5
590.55,16.8111,5
590.7024,17.2049,5
590.8548,17.7193,5
591.0072,17.6394,5
591.1596,17.5795,5
591.312,18.1757,5
591.4644,19.7118,5
591.6168,21.2722,5
591.7692,22.5555,5
591.9216,23.291,5
592.074,22.8363,5
592.2264,22.6862,5
592.3788,22.2119,5
592.5312,21.3573,5
592.6836,22.411,5
592.836,22.3271,5
592.9884,21.0432,5
593.1408,19.8644,5
593.2932,18.5619,5
593.4456,17.8799,5
593.598,18.9938,5
593.7504,20.6807,5
593.9028,22.4671,5
594.0552,23.3378,5
594.2076,23.812,5
594.36,24.9864,5
594.5124,26.3163,5
594.6648,27.5774,5
594.8172,26.3127,5
594.9696,25.9111,5
595.122,26.1975,5
595.2744,25.6386,5
595.4268,24.676,5
595.5792,23.7012,5
595.7316,24.4856,5
595.884,26.5812,5
596.0364,26.8276,5
596.1888,26.1603,5
596.3412,25.8298,5
596.4936,26.4698,5
596.646,26.6922,5
596.7984,26.6687,5
596.9508,25.9648,5
597.1032,23.8294,5
597.2556,22.7658,5
597.408,21.8142,5
597.5604,20.2267,5
597.7128,18.4812,5
597.8652,17.2343,5
598.0176,17.51,5
598.17,18.3881,5
598.3224,19.576,5
598.4748,20.6828,5
598.6272,21.0596,5
598.7796,21.67,5
598.932,20.9985,5
599.0844,20.5877,5
599.2368,21.4955,5
599.3892,20.9808,5
599.5416,21.0582,5
599.694,22.0416,5
599.8464,20.6943,5
599.9988,18.8446,5
600.1512,19.4297,5
600.3036,21.0857,5
600.456,23.289,5
600.6084,24.428,5
600.7608,24.2069,5
600.9132,22.5121,5
601.0656,22.3536,5
601.218,20.6323,5
601.3704,19.1719,5
601.5228,19.005,5
601.6752,19.4079,5
601.8276,19.5111,5
601.98,19.5171,5
602.1324,20.2496,5
