"V1","V2"
140.208,5.4264
140.3604,4.9421
140.5128,4.8107
140.6652,4.5909
140.8176,4.527
140.97,4.5141
141.1224,4.5886
141.2748,4.7281
141.4272,5.1544
141.5796,5.6245
141.732,5.6823
141.8844,5.4655
142.0368,5.2228
142.1892,5.1314
142.3416,5.2836
142.494,5.1626
142.6464,4.9583
142.7988,4.7849
142.9512,4.5095
143.1036,4.6087
143.256,4.7791
143.4084,5.0999
143.5608,5.755
143.7132,6.5185
143.8656,7.1742
144.018,7.375
144.1704,6.8673
144.3228,6.1366
144.4752,5.3779
144.6276,5.0072
144.78,5.3589
144.9324,5.8509
145.0848,5.7775
145.2372,5.7527
145.3896,5.6016
145.542,5.4561
145.6944,5.4989
145.8468,5.6358
145.9992,5.8565
146.1516,6.0109
146.304,6.13
146.4564,6.2835
146.6088,6.2675
146.7612,6.1567
146.9136,6.2138
147.066,6.3777
147.2184,6.3739
147.3708,6.0774
147.5232,5.5645
147.6756,5.4257
147.828,5.6797
147.9804,6.3538
148.1328,7.2973
148.2852,7.9475
148.4376,7.8488
148.59,7.9847
148.7424,8.4049
148.8948,8.0271
149.0472,7.3102
149.1996,6.6942
149.352,6.09
149.5044,5.4918
149.6568,5.0702
149.8092,4.9245
149.9616,5.194
150.114,5.7551
150.2664,6.9027
150.4188,7.5122
150.5712,7.478
150.7236,8.0936
150.876,8.3916
151.0284,7.9909
151.1808,6.8431
151.3332,5.6964
151.4856,5.7859
151.638,6.0397
151.7904,5.6572
151.9428,5.6874
152.0952,6.0373
152.2476,6.7446
152.4,7.6663
152.5524,8.3252
152.7048,8.216
152.8572,7.4919
153.0096,7.0938
153.162,8.1454
153.3144,8.5051
153.4668,8.1957
153.6192,7.8694
153.7716,7.4995
153.924,7.2664
154.0764,7.3364
154.2288,7.4295
154.3812,7.2905
154.5336,7.0135
154.686,6.8657
154.8384,6.8373
154.9908,6.8705
155.1432,6.9334
155.2956,6.9422
155.448,6.8597
155.6004,6.636
155.7528,6.9403
155.9052,7.3734
156.0576,7.8597
156.21,8.2745
156.3624,8.7725
156.5148,9.3764
156.6672,9.5019
156.8196,9.1583
156.972,8.3177
157.1244,7.9929
157.2768,7.9511
157.4292,7.8054
157.5816,7.762
157.734,7.7843
157.8864,8.2731
158.0388,9.0809
158.1912,8.9716
158.3436,9.065
158.496,8.7749
158.6484,8.5622
158.8008,8.5594
158.9532,8.39
159.1056,8.631
159.258,9.7119
159.4104,10.5606
159.5628,10.303
159.7152,9.5613
159.8676,8.7768
160.02,8.2724
160.1724,8.1262
160.3248,8.1543
160.4772,8.2965
160.6296,8.5944
160.782,8.845
160.9344,8.8564
161.0868,8.73
161.2392,8.4651
161.3916,8.1481
161.544,7.6913
161.6964,7.2778
161.8488,7.1632
162.0012,7.2172
162.1536,7.5474
162.306,8.076
162.4584,8.0366
162.6108,7.5782
162.7632,7.1254
162.9156,7.1739
163.068,7.5877
163.2204,7.747
163.3728,7.4401
163.5252,7.2546
163.6776,7.3415
163.83,7.6707
163.9824,8.004
164.1348,7.5448
164.2872,7.0729
164.4396,6.7266
164.592,6.9419
164.7444,7.7884
164.8968,8.5774
165.0492,9.0842
165.2016,9.5124
165.354,9.8246
165.5064,9.7289
165.6588,9.2938
165.8112,9.0008
165.9636,8.922
166.116,8.7416
166.2684,8.4346
166.4208,8.1027
166.5732,7.7083
166.7256,7.2339
166.878,6.7628
167.0304,6.4084
167.1828,6.3667
167.3352,6.7518
167.4876,7.3536
167.64,8.0027
167.7924,8.2493
167.9448,8.2595
168.0972,8.182
168.2496,8.477
168.402,8.748
168.5544,8.3839
168.7068,7.6093
168.8592,7.4335
169.0116,7.4582
169.164,7.6279
169.3164,8.1835
169.4688,8.5141
169.6212,8.1956
169.7736,8.1776
169.926,8.4845
170.0784,8.6429
170.2308,8.3618
170.3832,8.2232
170.5356,8.135
170.688,7.8663
170.8404,7.5529
170.9928,7.251
171.1452,7.3089
171.2976,7.421
171.45,7.6132
171.6024,7.8732
171.7548,8.2288
171.9072,8.3472
172.0596,8.478
172.212,8.4344
172.3644,8.5664
172.5168,8.6417
172.6692,8.7956
172.8216,9.0153
172.974,8.9222
173.1264,9.1877
173.2788,9.8845
173.4312,10.3842
173.5836,10.2411
173.736,9.3835
173.8884,8.7594
174.0408,8.2373
174.1932,8.265
174.3456,8.2815
174.498,8.1018
174.6504,7.9543
174.8028,8.1011
174.9552,8.2365
175.1076,8.2589
175.26,8.257
175.4124,8.4906
175.5648,9.0521
175.7172,9.8745
175.8696,10.17
176.022,10.1581
176.1744,10.0045
176.3268,9.8824
176.4792,9.8472
176.6316,9.7611
176.784,9.5216
176.9364,9.08
177.0888,8.7528
177.2412,8.4297
177.3936,8.1556
177.546,8.1771
177.6984,8.1829
177.8508,8.4824
178.0032,9.0495
178.1556,9.4297
178.308,9.6314
178.4604,9.6919
178.6128,9.5167
178.7652,9.3067
178.9176,9.2145
179.07,9.1309
179.2224,9.338
179.3748,9.7522
179.5272,10.4817
179.6796,11.6055
179.832,12.3702
179.9844,12.2028
180.1368,11.6097
180.2892,10.5895
180.4416,9.7763
180.594,9.3067
180.7464,9.1863
180.8988,9.6521
181.0512,11.2343
181.2036,11.2801
181.356,11.0687
181.5084,10.9169
181.6608,10.9076
181.8132,10.8488
181.9656,10.5273
182.118,10.4849
182.2704,11.0748
182.4228,11.4541
182.5752,11.2065
182.7276,11.1337
182.88,11.3177
183.0324,12.1502
183.1848,13.1041
183.3372,13.652
183.4896,14.0058
183.642,14.4152
183.7944,13.8882
183.9468,13.2644
184.0992,12.8624
184.2516,12.5546
184.404,12.638
184.5564,13.0139
184.7088,12.6376
184.8612,12.032
185.0136,11.3224
185.166,10.8066
185.3184,10.6817
185.4708,10.5795
185.6232,10.1849
185.7756,9.9612
185.928,9.8301
186.0804,10.2434
186.2328,11.0182
186.3852,11.8458
186.5376,12.297
186.69,12.8965
186.8424,13.6657
186.9948,13.5704
187.1472,12.9548
187.2996,12.856
187.452,12.8699
187.6044,12.6573
187.7568,11.9643
187.9092,11.3156
188.0616,10.8157
188.214,10.2782
188.3664,9.8238
188.5188,9.7302
188.6712,10.5043
188.8236,10.7296
188.976,11.6014
189.1284,12.8766
189.2808,13.7532
189.4332,13.9224
189.5856,13.2484
189.738,12.0304
189.8904,11.1354
190.0428,10.4066
190.1952,10.331
190.3476,10.7357
190.5,11.3259
190.6524,11.842
190.8048,11.4113
190.9572,11.0814
191.1096,11.757
191.262,12.3358
191.4144,12.6802
191.5668,12.2531
191.7192,11.9135
191.8716,11.8047
192.024,12.0441
192.1764,12.4744
192.3288,12.5939
192.4812,11.956
192.6336,11.5148
192.786,11.1918
192.9384,10.7875
193.0908,10.9733
193.2432,11.8295
193.3956,12.2677
193.548,12.1913
193.7004,11.9575
193.8528,11.6128
194.0052,11.9722
194.1576,11.2577
194.31,10.3475
194.4624,9.665
194.6148,10.3025
194.7672,11.2874
194.9196,11.4232
195.072,11.2607
195.2244,11.2054
195.3768,11.9594
195.5292,12.9361
195.6816,13.4513
195.834,13.4242
195.9864,13.0728
196.1388,11.7395
196.2912,10.7409
196.4436,9.7086
196.596,9.8603
196.7484,10.2296
196.9008,10.5045
197.0532,10.8473
197.2056,11.7101
197.358,12.4565
197.5104,12.2466
197.6628,11.8777
197.8152,11.15
197.9676,10.8952
198.12,11.9785
198.2724,12.9712
198.4248,13.8849
198.5772,14.3924
198.7296,14.0418
198.882,13.608
199.0344,13.5555
199.1868,13.3517
199.3392,12.5423
199.4916,11.4594
199.644,10.6606
199.7964,10.2112
199.9488,10.3563
200.1012,10.5555
200.2536,11.12
200.406,11.03
200.5584,10.6113
200.7108,10.4138
200.8632,10.7734
201.0156,11.9655
201.168,13.2581
201.3204,13.1987
201.4728,13.4477
201.6252,13.8059
201.7776,14.9212
201.93,15.0038
202.0824,14.8161
202.2348,14.905
202.3872,14.7766
202.5396,14.0233
202.692,13.2786
202.8444,11.8936
202.9968,11.504
203.1492,11.7758
203.3016,12.0325
203.454,12.0609
203.6064,12.4391
203.7588,13.0048
203.9112,13.6518
204.0636,14.1212
204.216,13.7405
204.3684,12.8004
204.5208,12.2192
204.6732,12.3155
204.8256,13.0834
204.978,12.9663
205.1304,12.3541
205.2828,11.7552
205.4352,11.6424
205.5876,12.3581
205.74,12.0363
205.8924,11.5955
206.0448,11.715
206.1972,12.212
206.3496,12.0206
206.502,11.5093
206.6544,11.5644
206.8068,11.8306
206.9592,11.7263
207.1116,11.6775
207.264,11.7818
207.4164,11.974
207.5688,12.2062
207.7212,11.1704
207.8736,10.4292
208.026,10.6383
208.1784,11.7091
208.3308,12.1194
208.4832,11.4764
208.6356,11.2776
208.788,11.1399
208.9404,11.5575
209.0928,12.2124
209.2452,12.3812
209.3976,12.2108
209.55,11.607
209.7024,11.0872
209.8548,10.8903
210.0072,11.2332
210.1596,12.3184
210.312,13.1691
210.4644,13.2691
210.6168,12.7308
210.7692,12.4732
210.9216,12.446
211.074,11.9042
211.2264,12.1013
211.3788,12.9412
211.5312,13.3999
211.6836,13.3175
211.836,12.5628
211.9884,11.5494
212.1408,11.9225
212.2932,12.3931
212.4456,12.6742
212.598,12.4783
212.7504,11.8175
212.9028,11.0707
213.0552,10.6047
213.2076,10.2104
213.36,10.0418
213.5124,10.2104
213.6648,10.7639
213.8172,11.747
213.9696,12.4574
214.122,13.0116
214.2744,13.495
214.4268,14.0186
214.5792,14.2566
214.7316,13.727
214.884,12.7825
215.0364,12.6995
215.1888,12.9257
215.3412,12.6092
215.4936,11.9235
215.646,10.8145
215.7984,10.3958
215.9508,10.6093
216.1032,11.4457
216.2556,12.4074
216.408,12.9561
216.5604,12.9215
216.7128,12.5606
216.8652,12.3075
217.0176,12.3401
217.17,12.4316
217.3224,12.6738
217.4748,13.2629
217.6272,14.2397
217.7796,15.2555
217.932,15.2536
218.0844,14.8504
218.2368,15.2902
218.3892,15.4473
218.5416,14.9823
218.694,13.8071
218.8464,13.1959
218.9988,12.7074
219.1512,12.1903
219.3036,11.8079
219.456,11.414
219.6084,11.7507
219.7608,12.3875
219.9132,12.4923
220.0656,12.3202
220.218,12.2801
220.3704,12.5374
220.5228,13.0007
220.6752,12.8374
220.8276,12.3801
220.98,11.9443
221.1324,11.6644
221.2848,11.442
221.4372,11.2291
221.5896,11.2199
221.742,11.8845
221.8944,12.7428
222.0468,13.4726
222.1992,14.0894
222.3516,14.6895
222.504,15.2066
222.6564,15.6517
222.8088,15.2264
222.9612,14.2315
223.1136,13.323
223.266,12.4645
223.4184,11.6541
223.5708,11.2367
223.7232,11.2806
223.8756,11.7302
224.028,12.1367
224.1804,11.9133
224.3328,11.3823
224.4852,10.8
224.6376,10.6156
224.79,11.4215
224.9424,12.5604
225.0948,12.9693
225.2472,12.7868
225.3996,12.489
225.552,12.3457
225.7044,12.3885
225.8568,12.7547
226.0092,13.4369
226.1616,13.7118
226.314,13.2068
226.4664,12.5034
226.6188,12.1455
226.7712,12.0984
226.9236,12.5967
227.076,13.3187
227.2284,13.54
227.3808,13.2463
227.5332,13.1015
227.6856,13.1383
227.838,13.4933
227.9904,14.0054
228.1428,13.8539
228.2952,13.2984
228.4476,12.7391
228.6,12.4931
228.7524,12.6702
228.9048,13.2568
229.0572,13.7099
229.2096,14.2822
229.362,14.6468
229.5144,14.8194
229.6668,14.9478
229.8192,14.9513
229.9716,14.7144
230.124,14.1685
230.2764,13.3705
230.4288,12.2414
230.5812,11.5348
230.7336,11.8722
230.886,12.5901
231.0384,12.7693
231.1908,12.5012
231.3432,12.1085
231.4956,11.8286
231.648,11.9207
231.8004,12.4347
231.9528,12.7617
232.1052,12.5324
232.2576,12.4878
232.41,12.9069
232.5624,13.7346
232.7148,14.4786
232.8672,15.2934
233.0196,15.8528
233.172,16.1687
233.3244,16.333
233.4768,16.2454
233.6292,15.5299
233.7816,14.8722
233.934,14.488
234.0864,14.3619
234.2388,14.5989
234.3912,14.6455
234.5436,14.3667
234.696,13.9486
234.8484,13.2959
235.0008,12.634
235.1532,12.1571
235.3056,12.5524
235.458,13.2116
235.6104,13.7675
235.7628,13.9689
235.9152,13.8035
236.0676,13.4486
236.22,13.1708
236.3724,12.8086
236.5248,13.0275
236.6772,13.5636
236.8296,13.9042
236.982,13.8932
237.1344,13.4786
237.2868,13.1193
237.4392,12.8757
237.5916,13.0916
237.744,13.6135
237.8964,13.9404
238.0488,14.0457
238.2012,13.4678
238.3536,12.5064
238.506,12.2102
238.6584,12.6285
238.8108,13.217
238.9632,13.163
239.1156,12.6681
239.268,12.5646
239.4204,12.7393
239.5728,13.3062
239.7252,13.9318
239.8776,14.538
240.03,14.6248
240.1824,14.4874
240.3348,15.0152
240.4872,15.7434
240.6396,16.2399
240.792,15.6174
240.9444,14.7594
241.0968,14.2891
241.2492,13.6293
241.4016,13.6813
241.554,14.655
241.7064,14.8968
241.8588,14.592
242.0112,15.2257
242.1636,15.9802
242.316,16.2283
242.4684,16.2152
242.6208,16.2228
242.7732,16.3434
242.9256,15.6883
243.078,14.7405
243.2304,14.6184
243.3828,15.0102
243.5352,15.0291
243.6876,14.4483
243.84,13.7612
243.9924,13.1647
244.1448,13.1499
244.2972,13.666
244.4496,14.4644
244.602,15.1967
244.7544,15.8701
244.9068,16.5317
245.0592,16.7591
245.2116,16.0886
245.364,14.9893
245.5164,14.7306
245.6688,14.9329
245.8212,15.4515
245.9736,16.1657
246.126,16.4307
246.2784,16.457
246.4308,16.2839
246.5832,15.5319
246.7356,15.0591
246.888,13.5745
247.0404,12.0377
247.1928,11.817
247.3452,12.0439
247.4976,12.6665
247.65,13.4972
247.8024,13.8722
247.9548,13.7279
248.1072,13.6231
248.2596,14.0509
248.412,14.7434
248.5644,15.2329
248.7168,15.2969
248.8692,14.5407
249.0216,13.563
249.174,12.9937
249.3264,13.4339
249.4788,13.4559
249.6312,13.5885
249.7836,14.3022
249.936,15.0568
250.0884,15.8904
250.2408,16.0336
250.3932,15.7779
250.5456,14.8481
250.698,13.8531
250.8504,13.4507
251.0028,13.302
251.1552,13.505
251.3076,13.7813
251.46,13.2115
251.6124,12.986
251.7648,13.3026
251.9172,13.2495
252.0696,13.0935
252.222,12.7364
252.3744,12.3434
252.5268,12.137
252.6792,11.9234
252.8316,11.9082
252.984,11.9881
253.1364,12.4476
253.2888,12.8743
253.4412,12.675
253.5936,12.4286
253.746,12.0935
253.8984,12.2034
254.0508,12.703
254.2032,13.2984
254.3556,13.7807
254.508,13.8786
254.6604,13.3516
254.8128,12.6244
254.9652,12.2468
255.1176,12.1575
255.27,12.052
255.4224,12.1853
255.5748,12.497
255.7272,12.8184
255.8796,12.8102
256.032,12.0785
256.1844,11.5025
256.3368,11.1856
256.4892,11.1418
256.6416,11.5689
256.794,12.1542
256.9464,12.6057
257.0988,13.0969
257.2512,13.45
257.4036,13.4035
257.556,13.3454
257.7084,13.0629
257.8608,12.4648
258.0132,12.1935
258.1656,12.2107
258.318,12.5214
258.4704,12.4679
258.6228,12.0858
258.7752,11.7147
258.9276,11.5215
259.08,10.9992
259.2324,10.9098
259.3848,11.1745
259.5372,11.6628
259.6896,11.7845
259.842,11.9021
259.9944,12.2322
260.1468,12.7923
260.2992,13.3852
260.4516,14.1283
260.604,14.6437
260.7564,14.8331
260.9088,14.2626
261.0612,13.6708
261.2136,13.3586
261.366,13.465
261.5184,13.9602
261.6708,14.5411
261.8232,14.896
261.9756,15.0487
262.128,15.6164
262.2804,16.3088
262.4328,17.1162
262.5852,17.876
262.7376,18.441
262.89,18.5166
263.0424,17.6443
263.1948,17.3663
263.3472,17.535
263.4996,17.4326
263.652,16.7725
263.8044,15.8297
263.9568,15.3761
264.1092,15.4309
264.2616,15.3216
264.414,15.1785
264.5664,15.0257
264.7188,14.9603
264.8712,14.9698
265.0236,14.9056
265.176,14.3527
265.3284,14.01
265.4808,13.6981
265.6332,13.3359
265.7856,13.0679
265.938,12.9762
266.0904,12.8873
266.2428,13.2321
266.3952,13.7524
266.5476,14.6131
266.7,15.262
266.8524,15.6843
267.0048,15.7492
267.1572,15.5463
267.3096,14.7815
267.462,14.2144
267.6144,12.804
267.7668,12.1416
267.9192,11.9186
268.0716,11.6623
268.224,11.1357
268.3764,12.1517
268.5288,13.2632
268.6812,13.1278
268.8336,12.6159
268.986,12.2099
269.1384,11.9753
269.2908,11.9504
269.4432,12.0112
269.5956,12.3526
269.748,12.2764
269.9004,11.7608
270.0528,11.1615
270.2052,11.5395
270.3576,12.1977
270.51,12.5751
270.6624,12.8023
270.8148,12.9109
270.9672,12.8541
271.1196,12.4369
271.272,11.9435
271.4244,11.5626
271.5768,11.3583
271.7292,11.2384
271.8816,11.1859
272.034,11.2386
272.1864,11.2354
272.3388,11.1408
272.4912,11.005
272.6436,11.1461
272.796,11.8419
272.9484,12.7109
273.1008,13.1514
273.2532,13.2182
273.4056,13.4633
273.558,13.2424
273.7104,12.8097
273.8628,12.4436
274.0152,12.2988
274.1676,12.6425
274.32,12.7422
274.4724,12.6184
274.6248,12.4321
274.7772,11.7333
274.9296,11.1937
275.082,11.0381
275.2344,11.4219
275.3868,11.0097
275.5392,10.6346
275.6916,10.482
275.844,10.7835
275.9964,10.7297
276.1488,10.6249
276.3012,10.8745
276.4536,11.704
276.606,11.8165
276.7584,12.1001
276.9108,12.9105
277.0632,13.0908
277.2156,12.8025
277.368,12.9021
277.5204,13.2567
277.6728,12.8752
277.8252,12.4189
277.9776,11.7141
278.13,11.6696
278.2824,11.4421
278.4348,10.9311
278.5872,10.4149
278.7396,9.908
278.892,9.8778
279.0444,10.1682
279.1968,10.7565
279.3492,11.414
279.5016,11.61
279.654,11.5727
279.8064,11.4263
279.9588,11.6971
280.1112,12.4084
280.2636,12.6885
280.416,12.0484
280.5684,11.2198
280.7208,10.607
280.8732,10.5139
281.0256,11.0077
281.178,11.6257
281.3304,12.4267
281.4828,13.4699
281.6352,13.2778
281.7876,12.3241
281.94,11.8681
282.0924,11.9697
282.2448,12.0215
282.3972,12.2871
282.5496,12.2855
282.702,12.1574
282.8544,12.172
283.0068,12.753
283.1592,12.7749
283.3116,12.2714
283.464,11.8796
283.6164,11.5119
283.7688,11.1557
283.9212,11.084
284.0736,11.4266
284.226,11.8308
284.3784,11.6757
284.5308,11.4087
284.6832,11.4346
284.8356,11.8538
284.988,12.39
285.1404,12.779
285.2928,13.0663
285.4452,13.447
285.5976,13.9853
285.75,14.2298
285.9024,14.4
286.0548,14.3678
286.2072,13.9467
286.3596,13.3061
286.512,12.496
286.6644,11.9076
286.8168,11.4924
286.9692,11.7606
287.1216,13.1502
287.274,13.6659
287.4264,13.1273
287.5788,13.4259
287.7312,13.9597
287.8836,14.3525
288.036,14.5213
288.1884,14.436
288.3408,14.1742
288.4932,14.1981
288.6456,14.1076
288.798,14.1525
288.9504,14.3892
289.1028,14.9033
289.2552,16.0744
289.4076,16.5907
289.56,16.7726
289.7124,16.6083
289.8648,16.5517
290.0172,16.8784
290.1696,17.1876
290.322,16.9817
290.4744,17.1363
290.6268,17.4112
290.7792,17.0921
290.9316,16.5233
291.084,16.423
291.2364,16.9905
291.3888,17.9617
291.5412,18.2641
291.6936,18.2616
291.846,18.3138
291.9984,18.5393
292.1508,18.3152
292.3032,17.8726
292.4556,17.4002
292.608,16.6724
292.7604,15.7852
292.9128,14.7755
293.0652,13.8084
293.2176,13.3477
293.37,13.3765
293.5224,13.3141
293.6748,12.734
293.8272,12.211
293.9796,12.418
294.132,12.4388
294.2844,12.4411
294.4368,12.8657
294.5892,12.6556
294.7416,12.5499
294.894,12.9846
295.0464,13.2579
295.1988,13.4891
295.3512,13.3954
295.5036,12.8346
295.656,12.1343
295.8084,11.6603
295.9608,11.6896
296.1132,11.8878
296.2656,12.3836
296.418,12.9153
296.5704,12.8986
296.7228,11.9751
296.8752,11.3184
297.0276,11.4673
297.18,12.1686
297.3324,12.5123
297.4848,12.2463
297.6372,11.816
297.7896,11.4692
297.942,11.3091
298.0944,11.3311
298.2468,12.2097
298.3992,12.9004
298.5516,13.0702
298.704,12.904
298.8564,12.9756
299.0088,13.2191
299.1612,13.5019
299.3136,13.2592
299.466,13.0302
299.6184,12.4348
299.7708,11.9158
299.9232,11.65
300.0756,11.4453
300.228,11.295
300.3804,11.3363
300.5328,11.8584
300.6852,12.6881
300.8376,13.3681
300.99,13.5542
301.1424,12.9865
301.2948,12.7441
301.4472,13.4629
301.5996,13.7368
301.752,13.5323
301.9044,13.6795
302.0568,13.7508
302.2092,14.1851
302.3616,14.8678
302.514,14.4404
302.6664,14.0318
302.8188,13.6535
302.9712,13.3565
303.1236,13.2907
303.276,13.4
303.4284,13.6645
303.5808,13.92
303.7332,14.0788
303.8856,14.2194
304.038,14.7349
304.1904,15.4217
304.3428,16.1818
304.4952,16.6735
304.6476,16.739
304.8,17.0169
304.9524,17.122
305.1048,16.4502
305.2572,15.5015
305.4096,15.303
305.562,15.2109
305.7144,14.959
305.8668,13.9734
306.0192,13.0081
306.1716,12.0002
306.324,11.8859
306.4764,12.4528
306.6288,13.4895
306.7812,14.4645
306.9336,15.5642
307.086,15.9508
307.2384,15.4952
307.3908,15.5633
307.5432,16.0117
307.6956,17.155
307.848,18.4495
308.0004,18.1977
308.1528,17.1597
308.3052,16.0922
308.4576,14.7325
308.61,13.953
308.7624,13.6304
308.9148,13.4125
309.0672,13.6914
309.2196,14.4062
309.372,15.6772
309.5244,16.6658
309.6768,17.4951
309.8292,17.152
309.9816,16.8065
310.134,17.2321
310.2864,17.6303
310.4388,17.3564
310.5912,17.6057
310.7436,17.1713
310.896,16.7423
311.0484,16.6838
311.2008,16.9747
311.3532,17.0478
311.5056,16.9962
311.658,16.5772
311.8104,15.899
311.9628,16.2644
312.1152,16.8601
312.2676,17.9587
312.42,18.2553
312.5724,17.878
312.7248,17.0835
312.8772,16.1994
313.0296,15.1612
313.182,14.8375
313.3344,15.5519
313.4868,16.2705
313.6392,16.4559
313.7916,15.7438
313.944,14.7424
314.0964,14.2778
314.2488,14.4121
314.4012,15.0219
314.5536,15.5186
314.706,15.4983
314.8584,15.1777
315.0108,14.6212
315.1632,14.0883
315.3156,13.8803
315.468,13.4779
315.6204,13.1699
315.7728,12.8945
315.9252,12.7426
316.0776,12.9047
316.23,13.1577
316.3824,13.4939
316.5348,13.1746
316.6872,12.1181
316.8396,11.2168
316.992,11.9648
317.1444,12.5854
317.2968,12.7545
317.4492,12.8527
317.6016,13.0762
317.754,13.684
317.9064,14.2243
318.0588,14.499
318.2112,14.1957
318.3636,14.0545
318.516,13.8415
318.6684,13.6399
318.8208,13.7562
318.9732,14.5705
319.1256,14.8006
319.278,15.3608
319.4304,15.8862
319.5828,15.4309
319.7352,14.4766
319.8876,13.4233
320.04,12.9214
320.1924,12.936
320.3448,12.5208
320.4972,12.7865
320.6496,12.7816
320.802,12.2942
320.9544,12.4467
321.1068,12.0918
321.2592,11.8301
321.4116,11.8276
321.564,12.3332
321.7164,13.0332
321.8688,13.3809
322.0212,13.3182
322.1736,13.1857
322.326,13.5286
322.4784,13.4349
322.6308,12.89
322.7832,12.7445
322.9356,12.8836
323.088,13.4765
323.2404,14.2284
323.3928,15.0823
323.5452,15.3376
323.6976,14.562
323.85,14.0131
324.0024,13.9891
324.1548,13.7258
324.3072,13.9648
324.4596,14.6289
324.612,15.5388
324.7644,15.5528
324.9168,15.234
325.0692,15.5732
325.2216,16.5551
325.374,17.2374
325.5264,17.4214
325.6788,16.916
325.8312,15.8647
325.9836,15.2192
326.136,15.207
326.2884,15.2616
326.4408,15.3473
326.5932,15.8814
326.7456,16.9139
326.898,17.1292
327.0504,16.523
327.2028,15.9819
327.3552,15.7121
327.5076,15.8392
327.66,16.1864
327.8124,16.3819
327.9648,16.1492
328.1172,15.7348
328.2696,15.993
328.422,16.4641
328.5744,16.4339
328.7268,15.5894
328.8792,15.3971
329.0316,16.2389
329.184,16.7302
329.3364,16.7585
329.4888,17.0541
329.6412,18.0503
329.7936,19.3476
329.946,20.6098
330.0984,21.6957
330.2508,22.6693
330.4032,23.8356
330.5556,25.111
330.708,26.1169
330.8604,25.5234
331.0128,24.2032
331.1652,22.3773
331.3176,20.5847
331.47,18.6053
331.6224,17.1002
331.7748,16.2287
331.9272,16.2668
332.0796,16.3958
332.232,16.2272
332.3844,15.493
332.5368,15.1856
332.6892,15.5137
332.8416,15.9918
332.994,16.8349
333.1464,17.5425
333.2988,17.6243
333.4512,16.7049
333.6036,15.627
333.756,15.397
333.9084,15.0065
334.0608,13.782
334.2132,13.4346
334.3656,13.4887
334.518,13.5837
334.6704,13.6923
334.8228,14.1867
334.9752,14.8208
335.1276,14.7597
335.28,14.7944
335.4324,15.0709
335.5848,15.2277
335.7372,15.0879
335.8896,14.7157
336.042,14.9201
336.1944,15.2935
336.3468,15.5526
336.4992,15.132
336.6516,14.8241
336.804,14.8433
336.9564,15.4804
337.1088,15.945
337.2612,15.8502
337.4136,15.9343
337.566,16.41
337.7184,16.8399
337.8708,16.5606
338.0232,15.882
338.1756,15.1642
338.328,14.7636
338.4804,14.9418
338.6328,14.7585
338.7852,14.3004
338.9376,13.3225
339.09,12.3812
339.2424,12.2665
339.3948,12.3051
339.5472,12.5055
339.6996,12.3459
339.852,11.6028
340.0044,11.2557
340.1568,11.9801
340.3092,13.0082
340.4616,14.0005
340.614,14.7839
340.7664,15.2385
340.9188,15.2219
341.0712,14.7076
341.2236,14.2395
341.376,13.7664
341.5284,13.4063
341.6808,13.3923
341.8332,13.5723
341.9856,12.8715
342.138,11.9368
342.2904,11.4817
342.4428,11.489
342.5952,11.6563
342.7476,12.0747
342.9,12.1009
343.0524,11.6155
343.2048,11.3408
343.3572,11.5207
343.5096,12.1721
343.662,12.3872
343.8144,12.3046
343.9668,11.9007
344.1192,11.5718
344.2716,11.4723
344.424,11.9995
344.5764,12.6978
344.7288,12.7773
344.8812,11.8368
345.0336,11.3606
345.186,10.9525
345.3384,10.7926
345.4908,10.9043
345.6432,11.3843
345.7956,11.8917
345.948,12.3223
346.1004,13.1687
346.2528,14.1515
346.4052,15.7164
346.5576,17.1447
346.71,18.4907
346.8624,19.3621
347.0148,18.623
347.1672,17.0799
347.3196,15.8992
347.472,15.6459
347.6244,16.2108
347.7768,16.1073
347.9292,15.0627
348.0816,14.7903
348.234,15.7465
348.3864,16.9959
348.5388,17.9709
348.6912,18.2521
348.8436,17.57
348.996,17.7654
349.1484,18.4488
349.3008,19.2688
349.4532,19.9007
349.6056,20.0934
349.758,19.9639
349.9104,19.7627
350.0628,20.1912
350.2152,20.8613
350.3676,21.6624
350.52,22.3029
350.6724,22.6115
350.8248,21.943
350.9772,20.4857
351.1296,19.4207
351.282,18.933
351.4344,18.5567
351.5868,17.7829
351.7392,17.58
351.8916,16.9073
352.044,16.1473
352.1964,16.4056
352.3488,17.2775
352.5012,18.2059
352.6536,18.3577
352.806,17.6257
352.9584,16.9864
353.1108,16.8609
353.2632,16.9337
353.4156,17.245
353.568,17.0384
353.7204,16.2631
353.8728,15.4277
354.0252,14.8055
354.1776,14.9563
354.33,15.827
354.4824,16.6648
354.6348,17.1195
354.7872,16.6628
354.9396,16.4621
355.092,17.0869
355.2444,17.1097
355.3968,16.6566
355.5492,15.8868
355.7016,15.2128
355.854,14.6222
356.0064,14.5107
356.1588,15.1002
356.3112,15.8222
356.4636,16.7077
356.616,17.8309
356.7684,18.8438
356.9208,19.6709
357.0732,19.9824
357.2256,18.8635
357.378,18.8603
357.5304,19.1309
357.6828,17.8127
357.8352,16.2961
357.9876,15.3543
358.14,15.6212
358.2924,14.5917
358.4448,14.2675
358.5972,14.4525
358.7496,14.2846
358.902,13.7639
359.0544,14.1927
359.2068,14.6015
359.3592,13.6081
359.5116,12.9612
359.664,12.5213
359.8164,12.4501
359.9688,12.8455
360.1212,12.9815
360.2736,12.6923
360.426,12.7174
360.5784,12.9725
360.7308,13.2326
360.8832,12.9459
361.0356,12.6493
361.188,12.4095
361.3404,12.2339
361.4928,12.2069
361.6452,12.2415
361.7976,12.3082
361.95,12.5922
362.1024,13.6588
362.2548,14.3107
362.4072,14.3463
362.5596,14.2765
362.712,14.3089
362.8644,13.6343
363.0168,12.5092
363.1692,12.0213
363.3216,12.0525
363.474,12.9939
363.6264,14.1025
363.7788,14.2814
363.9312,13.8257
364.0836,13.1843
364.236,12.682
364.3884,12.2812
364.5408,11.8886
364.6932,11.7841
364.8456,11.7567
364.998,12.0042
365.1504,13.0747
365.3028,14.1584
365.4552,15.3022
365.6076,16.5152
365.76,16.5398
365.9124,15.684
366.0648,15.1159
366.2172,14.9019
366.3696,14.8879
366.522,14.9249
366.6744,15.3643
366.8268,15.5796
366.9792,15.5267
367.1316,15.4513
367.284,16.1185
367.4364,17.0956
367.5888,16.9465
367.7412,16.8823
367.8936,17.537
368.046,18.1995
368.1984,17.3946
368.3508,16.4265
368.5032,16.2359
368.6556,16.3016
368.808,16.8073
368.9604,16.3179
369.1128,15.9738
369.2652,17.0047
369.4176,18.3342
369.57,19.3001
369.7224,19.5627
369.8748,19.1521
370.0272,18.2571
370.1796,18.2725
370.332,17.3011
370.4844,16.6079
370.6368,16.1854
370.7892,15.5875
370.9416,14.8985
371.094,14.876
371.2464,15.2077
371.3988,15.0107
371.5512,14.5326
371.7036,13.5726
371.856,12.8898
372.0084,12.4544
372.1608,12.1788
372.3132,12.103
372.4656,12.2049
372.618,12.7281
372.7704,13.8688
372.9228,14.7172
373.0752,15.4601
373.2276,15.6153
373.38,15.2239
373.5324,14.6432
373.6848,14.5023
373.8372,14.8855
373.9896,15.2719
374.142,16.0029
374.2944,16.0207
374.4468,15.3533
374.5992,15.4986
374.7516,16.559
374.904,16.9618
375.0564,17.0269
375.2088,16.7774
375.3612,16.7866
375.5136,16.1111
375.666,15.2076
375.8184,15.4183
375.9708,14.77
376.1232,14.011
376.2756,13.5145
376.428,13.4483
376.5804,13.7136
376.7328,14.306
376.8852,14.5134
377.0376,14.552
377.19,15.2921
377.3424,15.5946
377.4948,15.7398
377.6472,15.9081
377.7996,16.3603
377.952,16.9589
378.1044,17.1425
378.2568,17.0634
378.4092,16.1441
378.5616,15.6549
378.714,15.9279
378.8664,15.8662
379.0188,15.4672
379.1712,14.5542
379.3236,13.9658
379.476,14.3368
379.6284,14.1968
379.7808,13.6243
379.9332,13.7465
380.0856,14.7068
380.238,15.3951
380.3904,14.7786
380.5428,14.1304
380.6952,13.7632
380.8476,13.9321
381,14.2842
381.1524,13.4979
381.3048,12.8562
381.4572,12.8155
381.6096,13.2393
381.762,13.5716
381.9144,14.0348
382.0668,14.1826
382.2192,14.0785
382.3716,13.8072
382.524,13.7972
382.6764,14.0442
382.8288,13.8809
382.9812,13.4137
383.1336,13.5479
383.286,14.3339
383.4384,14.4835
383.5908,13.8987
383.7432,13.1751
383.8956,12.8742
384.048,13.2481
384.2004,13.5744
384.3528,13.109
384.5052,13.1556
384.6576,13.2705
384.81,13.7542
384.9624,14.3212
385.1148,15.0162
385.2672,15.5748
385.4196,15.8348
385.572,15.7346
385.7244,15.3133
385.8768,14.806
386.0292,13.9948
386.1816,13.5799
386.334,13.9947
386.4864,14.6605
386.6388,15.186
386.7912,15.1387
386.9436,14.8176
387.096,14.3541
387.2484,14.3922
387.4008,14.5806
387.5532,15.1728
387.7056,15.5972
387.858,15.499
388.0104,16.2969
388.1628,17.5577
388.3152,18.945
388.4676,19.9061
388.62,18.9118
388.7724,18.1622
388.9248,17.9916
389.0772,18.1725
389.2296,18.9033
389.382,19.6344
389.5344,19.8534
389.6868,20.415
389.8392,21.243
389.9916,22.2062
390.144,22.9937
390.2964,22.7426
390.4488,21.9666
390.6012,21.1347
390.7536,20.7191
390.906,19.5332
391.0584,18.6516
391.2108,19.0484
391.3632,19.6445
391.5156,20.1239
391.668,20.4191
391.8204,19.4151
391.9728,19.3101
392.1252,19.577
392.2776,19.1238
392.43,18.5106
392.5824,19.2696
392.7348,20.564
392.8872,20.4905
393.0396,20.5134
393.192,21.4382
393.3444,22.5094
393.4968,22.2552
393.6492,21.5665
393.8016,21.7582
393.954,22.4863
394.1064,22.6879
394.2588,21.3031
394.4112,20.1884
394.5636,20.0424
394.716,20.5293
394.8684,21.6478
395.0208,22.0498
395.1732,22.0234
395.3256,21.589
395.478,21.1999
395.6304,21.0773
395.7828,21.6836
395.9352,22.2856
396.0876,21.9805
396.24,21.7494
396.3924,22.0911
396.5448,21.8401
396.6972,21.7805
396.8496,21.6845
397.002,21.5669
397.1544,21.2577
397.3068,20.8035
397.4592,19.8125
397.6116,19.1307
397.764,18.511
397.9164,18.8676
398.0688,19.4393
398.2212,19.7447
398.3736,18.9906
398.526,18.1797
398.6784,17.7021
398.8308,17.2059
398.9832,16.4551
399.1356,15.5193
399.288,15.5435
399.4404,15.6167
399.5928,15.3128
399.7452,14.8854
399.8976,14.0259
400.05,13.5712
400.2024,13.6947
400.3548,13.7628
400.5072,13.9748
400.6596,14.391
400.812,14.0259
400.9644,13.7056
401.1168,14.1111
401.2692,14.7264
401.4216,15.6269
401.574,15.8512
401.7264,14.8625
401.8788,13.8825
402.0312,13.536
402.1836,13.7555
402.336,13.9676
402.4884,14.5078
402.6408,14.9314
402.7932,14.9657
402.9456,14.8754
403.098,14.9962
403.2504,14.805
403.4028,14.8638
403.5552,15.1472
403.7076,15.1318
403.86,15.5762
404.0124,15.8204
404.1648,15.3277
404.3172,15.2836
404.4696,15.6164
404.622,15.4847
404.7744,14.9651
404.9268,14.6502
405.0792,14.7747
405.2316,15.0183
405.384,15.8383
405.5364,16.9237
405.6888,17.2064
405.8412,17.2048
405.9936,17.0553
406.146,17.2577
406.2984,17.0965
406.4508,16.7443
406.6032,16.6482
406.7556,16.7898
406.908,17.2452
407.0604,17.5437
407.2128,17.5281
407.3652,17.4717
407.5176,17.5275
407.67,17.4734
407.8224,17.4154
407.9748,17.3694
408.1272,17.1851
408.2796,16.1151
408.432,16.1929
408.5844,16.838
408.7368,17.2929
408.8892,17.1826
409.0416,16.5763
409.194,16.2246
409.3464,16.0323
409.4988,16.3596
409.6512,16.7157
409.8036,16.2061
409.956,15.5
410.1084,15.5916
410.2608,15.9507
410.4132,16.8119
410.5656,17.7983
410.718,17.8322
410.8704,17.4148
411.0228,16.6918
411.1752,16.3622
411.3276,16.7351
411.48,17.1352
411.6324,16.4866
411.7848,16.0342
411.9372,16.048
412.0896,16.2395
412.242,15.6752
412.3944,15.4895
412.5468,16.2934
412.6992,16.8132
412.8516,17.4256
413.004,17.926
413.1564,18.3589
413.3088,18.4332
413.4612,18.8851
413.6136,18.5029
413.766,17.8362
413.9184,17.7008
414.0708,16.8308
414.2232,16.853
414.3756,17.5078
414.528,17.7275
414.6804,18.2575
414.8328,18.3759
414.9852,18.3029
415.1376,18.0271
415.29,18.3325
415.4424,19.3261
415.5948,19.8963
415.7472,19.5746
415.8996,19.1845
416.052,19.934
416.2044,20.7278
416.3568,20.6369
416.5092,20.5927
416.6616,20.9061
416.814,20.5563
416.9664,20.2319
417.1188,20.4072
417.2712,20.3099
417.4236,19.813
417.576,19.5285
417.7284,19.984
417.8808,20.0394
418.0332,19.9385
418.1856,19.7694
418.338,19.099
418.4904,18.2336
418.6428,17.7068
418.7952,17.8272
418.9476,18.5574
419.1,19.69
419.2524,20.0593
419.4048,19.1935
419.5572,18.2547
419.7096,17.5113
419.862,17.59
420.0144,17.9573
420.1668,17.5106
420.3192,17.2758
420.4716,17.1937
420.624,17.8451
420.7764,18.7618
420.9288,19.3404
421.0812,17.934
421.2336,17.3422
421.386,16.9501
421.5384,17.4399
421.6908,16.5577
421.8432,15.705
421.9956,15.4799
422.148,16.6122
422.3004,17.7754
422.4528,18.7102
422.6052,18.5113
422.7576,17.6827
422.91,17.1373
423.0624,16.8044
423.2148,16.2302
423.3672,15.1499
423.5196,14.2133
423.672,13.8192
423.8244,13.7916
423.9768,13.7953
424.1292,15.5643
424.2816,16.7982
424.434,17.45
424.5864,16.6519
424.7388,16.1794
424.8912,16.7737
425.0436,17.3351
425.196,17.0428
425.3484,16.4886
425.5008,16.8507
425.6532,15.4512
425.8056,15.0859
425.958,13.4433
426.1104,11.7952
426.2628,11.7188
426.4152,13.534
426.5676,14.5906
426.72,14.0278
426.8724,13.2949
427.0248,13.6896
427.1772,14.8675
427.3296,15.6444
427.482,14.9543
427.6344,14.1315
427.7868,14.3893
427.9392,13.2897
428.0916,12.7025
428.244,12.8922
428.3964,13.9192
428.5488,14.979
428.7012,15.2407
428.8536,15.2889
429.006,14.8437
429.1584,14.1644
429.3108,12.7063
429.4632,12.2567
429.6156,14.016
429.768,15.1323
429.9204,15.0614
430.0728,14.7266
430.2252,14.6986
430.3776,15.8465
430.53,16.4591
430.6824,15.8058
430.8348,15.6872
430.9872,15.2481
431.1396,14.0175
431.292,14.0945
431.4444,14.9735
431.5968,15.5506
431.7492,15.1987
431.9016,16.4449
432.054,18.1391
432.2064,19.0919
432.3588,18.418
432.5112,17.6893
432.6636,18.1587
432.816,18.7296
432.9684,17.9305
433.1208,18.4261
433.2732,19.3997
433.4256,19.9086
433.578,17.9328
433.7304,17.0016
433.8828,15.7354
434.0352,15.7411
434.1876,14.7378
434.34,15.3836
434.4924,15.8119
434.6448,16.5836
434.7972,16.7403
434.9496,17.9713
435.102,19.7637
435.2544,21.8714
435.4068,23.9947
435.5592,23.0853
435.7116,23.4853
435.864,23.4329
436.0164,24.669
436.1688,25.5549
436.3212,27.863
436.4736,30.1571
436.626,29.1841
436.7784,27.0668
436.9308,24.9903
437.0832,24.973
437.2356,25.1211
437.388,23.8351
437.5404,21.6303
437.6928,20.641
437.8452,20.4387
437.9976,19.5207
438.15,18.9922
438.3024,19.3821
438.4548,19.4265
438.6072,19.3056
438.7596,19.8401
438.912,20.0626
439.0644,19.1292
439.2168,17.5001
439.3692,18.0638
439.5216,17.4657
439.674,16.5207
439.8264,15.7061
439.9788,15.5627
440.1312,16.0704
440.2836,16.1284
440.436,15.9235
440.5884,16.3007
440.7408,16.0384
440.8932,17.522
441.0456,17.5337
441.198,18.4196
441.3504,17.6658
441.5028,16.6841
441.6552,16.5565
441.8076,15.5651
441.96,16.6943
442.1124,16.198
442.2648,15.1158
442.4172,14.7092
442.5696,15.5624
442.722,17.148
442.8744,18.522
443.0268,19.7749
443.1792,20.2125
443.3316,21.2538
443.484,20.9839
443.6364,19.9512
443.7888,20.5511
443.9412,20.3878
444.0936,19.6081
444.246,20.0098
444.3984,20.7459
444.5508,20.5388
444.7032,20.5726
444.8556,22.6143
445.008,24.1803
445.1604,25.7635
445.3128,27.3566
445.4652,28.7486
445.6176,31.0104
445.77,33.1454
445.9224,33.109
446.0748,30.765
446.2272,27.9418
446.3796,25.0611
446.532,23.8222
446.6844,23.246
446.8368,22.3987
446.9892,21.9607
447.1416,21.6813
447.294,20.6526
447.4464,21.3084
447.5988,22.1864
447.7512,21.0482
447.9036,20.3486
448.056,21.6875
448.2084,22.6365
448.3608,22.5932
448.5132,21.4214
448.6656,20.9103
448.818,20.6471
448.9704,21.3163
449.1228,22.4409
449.2752,22.9424
449.4276,21.9311
449.58,21.1703
449.7324,21.7609
449.8848,22.5907
450.0372,23.089
450.1896,22.0703
450.342,21.406
450.4944,20.5083
450.6468,19.9204
450.7992,20.0487
450.9516,19.2391
451.104,18.7443
451.2564,18.9838
451.4088,19.9267
451.5612,20.8831
451.7136,23.181
451.866,24.6681
452.0184,23.1192
452.1708,23.5489
452.3232,23.3918
452.4756,23.0823
452.628,22.0477
452.7804,22.349
452.9328,23.1871
453.0852,23.2628
453.2376,24.8823
453.39,27.5836
453.5424,29.6462
453.6948,29.2406
453.8472,30.4339
453.9996,31.4786
454.152,31.0433
454.3044,30.3244
454.4568,31.8938
454.6092,31.9773
454.7616,30.1932
454.914,29.1524
455.0664,30.3901
455.2188,32.2612
455.3712,31.1433
455.5236,29.7024
455.676,30.9647
455.8284,31.6942
455.9808,32.2051
456.1332,31.6407
456.2856,33.591
456.438,37.7857
456.5904,39.4539
456.7428,40.6202
456.8952,39.9747
457.0476,38.7507
457.2,38.9035
457.3524,39.3935
457.5048,37.1859
457.6572,37.4272
457.8096,36.4483
457.962,33.2778
458.1144,32.0325
458.2668,30.5387
458.4192,29.9986
458.5716,29.0935
458.724,28.4472
458.8764,27.7593
459.0288,28.0372
459.1812,26.0301
459.3336,26.6882
459.486,25.9788
459.6384,25.3948
459.7908,27.1045
459.9432,26.8876
460.0956,27.6287
460.248,27.9294
460.4004,27.5879
460.5528,27.945
460.7052,26.908
460.8576,26.0617
461.01,26.6569
461.1624,27.383
461.3148,28.9948
461.4672,30.8788
461.6196,32.7533
461.772,34.3836
461.9244,32.8421
462.0768,32.8105
462.2292,35.3498
462.3816,38.0644
462.534,39.5918
462.6864,38.1388
462.8388,36.9111
462.9912,37.6317
463.1436,39.6697
463.296,40.3472
463.4484,39.5579
463.6008,38.8652
463.7532,36.6814
463.9056,37.6954
464.058,36.0237
464.2104,32.5032
464.3628,31.1504
464.5152,30.7449
464.6676,28.9505
464.82,26.8505
464.9724,25.3262
465.1248,25.0229
465.2772,24.7852
465.4296,26.7424
465.582,29.4408
465.7344,31.1953
465.8868,31.4562
466.0392,32.6748
466.1916,34.5958
466.344,35.2894
466.4964,36.2956
466.6488,37.9837
466.8012,36.7032
466.9536,32.8007
467.106,32.9271
467.2584,34.099
467.4108,37.1427
467.5632,39.7822
467.7156,41.4006
467.868,40.0034
468.0204,41.0372
468.1728,42.5029
468.3252,41.6456
468.4776,42.8277
468.63,42.601
468.7824,40.4287
468.9348,39.5049
469.0872,41.2402
469.2396,42.1423
469.392,39.2315
469.5444,35.9503
469.6968,34.3063
469.8492,34.4366
470.0016,35.7522
470.154,36.6992
470.3064,35.3588
470.4588,33.7002
470.6112,32.9219
470.7636,33.7484
470.916,35.2451
471.0684,35.3896
471.2208,36.1384
471.3732,35.2509
471.5256,34.6552
471.678,35.2692
471.8304,36.1593
471.9828,36.7959
472.1352,34.2775
472.2876,32.6006
472.44,30.5823
472.5924,30.0836
472.7448,31.6949
472.8972,32.2684
473.0496,33.2742
473.202,33.3392
473.3544,34.4732
473.5068,36.1353
473.6592,37.1189
473.8116,34.2824
473.964,32.5592
474.1164,30.3462
474.2688,29.2937
474.4212,29.0259
474.5736,28.7293
474.726,28.5086
474.8784,29.5491
475.0308,29.0313
475.1832,27.9146
475.3356,26.1688
475.488,26.745
475.6404,26.1955
475.7928,25.7732
475.9452,26.0361
476.0976,26.0142
476.25,27.2249
476.4024,27.6508
476.5548,27.1079
476.7072,27.5865
476.8596,28.5175
477.012,27.2825
477.1644,27.6397
477.3168,28.4811
477.4692,27.4786
477.6216,26.4209
477.774,25.1404
477.9264,26.317
478.0788,28.3473
478.2312,30.8275
478.3836,29.2147
478.536,29.4392
478.6884,31.1057
478.8408,31.4422
478.9932,29.5852
479.1456,29.8197
479.298,31.2033
479.4504,29.1696
479.6028,27.6197
479.7552,27.3668
479.9076,29.1333
480.06,27.761
480.2124,26.3255
480.3648,26.608
480.5172,27.7795
480.6696,29.6051
480.822,27.2994
480.9744,27.0425
481.1268,25.763
481.2792,25.0932
481.4316,26.2939
481.584,28.2514
481.7364,27.4289
481.8888,26.8321
482.0412,26.9006
482.1936,26.3879
482.346,26.0471
482.4984,26.4644
482.6508,26.0928
482.8032,26.7851
482.9556,28.0894
483.108,29.7538
483.2604,28.8537
483.4128,28.2003
483.5652,28.9409
483.7176,29.612
483.87,28.3765
484.0224,27.1494
484.1748,28.1653
484.3272,30.0754
484.4796,30.258
484.632,30.04
484.7844,30.9903
484.9368,29.9145
485.0892,28.7994
485.2416,28.0994
485.394,29.1167
485.5464,28.2258
485.6988,27.3295
485.8512,26.638
486.0036,27.7013
486.156,29.0746
486.3084,29.4351
486.4608,30.9606
486.6132,31.738
486.7656,30.2297
486.918,31.0051
487.0704,31.7358
487.2228,29.9265
487.3752,27.6178
487.5276,29.2539
487.68,29.7597
487.8324,29.7103
487.9848,30.8886
488.1372,32.1814
488.2896,33.3078
488.442,34.7746
488.5944,36.2833
488.7468,37.5225
488.8992,37.5784
489.0516,36.9767
489.204,34.4287
489.3564,33.6691
489.5088,32.2068
489.6612,30.9293
489.8136,29.6699
489.966,29.1841
490.1184,28.8402
490.2708,27.7526
490.4232,25.6761
490.5756,24.6539
490.728,24.8324
490.8804,22.7001
491.0328,22.0485
491.1852,22.0549
491.3376,21.2673
491.49,20.6475
491.6424,21.3941
491.7948,20.8897
491.9472,20.4198
492.0996,20.25
492.252,21.3331
492.4044,22.2426
492.5568,21.5989
492.7092,20.4349
492.8616,20.1394
493.014,20.3147
493.1664,20.0364
493.3188,18.2768
493.4712,17.8431
493.6236,19.4099
493.776,19.4799
493.9284,22.6522
494.0808,24.6927
494.2332,27.0001
494.3856,25.9937
494.538,25.9239
494.6904,26.3485
494.8428,25.5869
494.9952,26.983
495.1476,28.9913
495.3,31.3637
495.4524,31.8701
495.6048,30.3631
495.7572,29.1108
495.9096,28.769
496.062,29.4514
496.2144,30.4285
496.3668,28.9611
496.5192,28.6199
496.6716,28.7064
496.824,26.9899
496.9764,27.9896
497.1288,26.2903
497.2812,23.9643
497.4336,24.0374
497.586,24.505
497.7384,26.9304
497.8908,28.8567
498.0432,29.7173
498.1956,30.9543
498.348,30.741
498.5004,28.9362
498.6528,26.5868
498.8052,27.1882
498.9576,29.7788
499.11,29.0554
499.2624,27.0264
499.4148,23.909
499.5672,22.4428
499.7196,22.4155
499.872,23.7533
500.0244,23.7439
500.1768,22.9444
500.3292,23.9443
500.4816,25.1836
500.634,25.74
500.7864,24.0926
500.9388,22.2076
501.0912,20.706
501.2436,21.5935
501.396,22.8117
501.5484,22.3807
501.7008,22.5484
501.8532,24.0895
502.0056,24.7718
502.158,25.3879
502.3104,28.287
502.4628,29.5478
502.6152,29.5601
502.7676,26.3005
502.92,25.7031
503.0724,23.8012
503.2248,22.6162
503.3772,24.0394
503.5296,26.0702
503.682,26.5741
503.8344,25.2606
503.9868,23.7193
504.1392,24.0978
504.2916,24.3516
504.444,23.2289
504.5964,22.2076
504.7488,23.0855
504.9012,22.095
505.0536,22.6097
505.206,21.9603
505.3584,22.6876
505.5108,22.1524
505.6632,22.9193
505.8156,24.6335
505.968,26.0344
506.1204,26.3675
506.2728,26.9034
506.4252,25.5678
506.5776,24.0558
506.73,22.9154
506.8824,21.9162
507.0348,21.4198
507.1872,22.5292
507.3396,21.465
507.492,20.696
507.6444,20.5026
507.7968,21.5952
507.9492,23.3306
508.1016,24.3263
508.254,22.696
508.4064,20.6346
508.5588,20.718
508.7112,22.2461
508.8636,24.4939
509.016,26.8547
509.1684,27.1037
509.3208,28.4781
509.4732,27.7692
509.6256,25.5288
509.778,23.2764
509.9304,21.3422
510.0828,20.843
510.2352,20.5183
510.3876,19.5998
510.54,20.0056
510.6924,20.1731
510.8448,20.0504
510.9972,19.8561
511.1496,18.9868
511.302,19.2758
511.4544,21.177
511.6068,21.5421
511.7592,20.1305
511.9116,19.2031
512.064,20.6063
512.2164,20.1856
512.3688,20.5594
512.5212,22.7371
512.6736,23.2459
512.826,24.3741
512.9784,23.0525
513.1308,22.9591
513.2832,22.9482
513.4356,21.9451
513.588,21.6944
513.7404,21.6113
513.8928,21.8677
514.0452,23.5009
514.1976,25.5099
514.35,25.7081
514.5024,23.851
514.6548,23.0562
514.8072,23.276
514.9596,24.5803
515.112,25.4307
515.2644,24.9587
515.4168,25.8686
515.5692,24.8049
515.7216,23.382
515.874,25.5643
516.0264,29.5678
516.1788,30.6056
516.3312,31.4572
516.4836,32.1629
516.636,30.5221
516.7884,30.2902
516.9408,29.6968
517.0932,26.6855
517.2456,26.0267
517.398,26.5008
517.5504,24.8592
517.7028,24.3406
517.8552,26.5714
518.0076,25.6822
518.16,24.4476
518.3124,23.3878
518.4648,22.3608
518.6172,20.8916
518.7696,22.8589
518.922,27.1058
519.0744,29.9783
519.2268,32.6255
519.3792,34.0576
519.5316,33.1058
519.684,30.663
519.8364,28.1247
519.9888,27.9198
520.1412,27.1849
520.2936,26.2373
520.446,26.8945
520.5984,29.1071
520.7508,30.6834
520.9032,31.1758
521.0556,30.9508
521.208,33.4325
521.3604,35.8113
521.5128,37.5472
521.6652,36.5522
521.8176,35.4646
521.97,35.3132
522.1224,36.9826
522.2748,37.7501
522.4272,35.8531
522.5796,33.468
522.732,30.6392
522.8844,28.7204
523.0368,28.5313
523.1892,26.9283
523.3416,25.4277
523.494,24.5497
523.6464,25.4344
523.7988,24.9806
523.9512,24.3004
524.1036,25.0194
524.256,23.6851
524.4084,24.5027
524.5608,27.5465
524.7132,29.0884
524.8656,27.7147
525.018,26.1296
525.1704,25.4029
525.3228,27.4975
525.4752,29.3198
525.6276,30.4992
525.78,29.6992
525.9324,29.1985
526.0848,30.6994
526.2372,33.1571
526.3896,35.764
526.542,36.8185
526.6944,34.9652
526.8468,31.4231
526.9992,28.1721
527.1516,26.4755
527.304,25.7328
527.4564,26.9237
527.6088,29.5241
527.7612,31.0627
527.9136,32.293
528.066,32.1202
528.2184,29.256
528.3708,28.2851
528.5232,26.4705
528.6756,24.6023
528.828,24.152
528.9804,24.4917
529.1328,25.2847
529.2852,25.1827
529.4376,25.7519
529.59,26.2394
529.7424,24.5383
529.8948,23.2373
530.0472,24.4458
530.1996,25.8403
530.352,25.3925
530.5044,26.3822
530.6568,26.1561
530.8092,26.3674
530.9616,24.6188
531.114,22.6481
531.2664,21.7276
531.4188,21.2923
531.5712,21.7894
531.7236,22.953
531.876,24.3539
532.0284,23.7721
532.1808,23.946
532.3332,24.156
532.4856,23.4772
532.638,21.9589
532.7904,20.1836
532.9428,20.2467
533.0952,19.5993
533.2476,19.312
533.4,19.9298
533.5524,21.3665
533.7048,22.8675
533.8572,23.9583
534.0096,22.646
534.162,21.037
534.3144,21.0716
534.4668,21.2182
534.6192,21.223
534.7716,21.2238
534.924,20.327
535.0764,20.4172
535.2288,20.2712
535.3812,20.2399
535.5336,19.6781
535.686,20.0005
535.8384,21.2482
535.9908,20.6808
536.1432,20.3082
536.2956,19.691
536.448,20.5887
536.6004,20.1551
536.7528,19.6876
536.9052,18.0988
537.0576,17.5587
537.21,18.1113
537.3624,18.4454
537.5148,19.9549
537.6672,21.4881
537.8196,20.2106
537.972,19.4177
538.1244,19.6731
538.2768,19.055
538.4292,19.4657
538.5816,20.4908
538.734,20.8442
538.8864,20.9015
539.0388,20.9733
539.1912,20.9753
539.3436,20.4014
539.496,19.0188
539.6484,17.2039
539.8008,16.5864
539.9532,17.9163
540.1056,19.6739
540.258,21.4127
540.4104,22.5084
540.5628,21.0355
540.7152,20.9474
540.8676,21.94
541.02,23.2718
541.1724,22.3519
541.3248,21.1232
541.4772,20.2679
541.6296,19.5068
541.782,20.0828
541.9344,21.5209
542.0868,22.7255
542.2392,23.8231
542.3916,24.4448
542.544,22.1833
542.6964,21.9695
542.8488,20.7918
543.0012,19.1207
543.1536,19.0714
543.306,20.1258
543.4584,21.2753
543.6108,22.3244
543.7632,21.767
543.9156,22.2949
544.068,18.3169
544.2204,20.1476
544.3728,22.3244
544.5252,22.1861
544.6776,20.7415
544.83,20.9814
544.9824,22.0912
545.1348,21.3884
545.2872,20.6079
545.4396,20.1525
545.592,20.8506
545.7444,20.5673
545.8968,19.1926
546.0492,19.8742
546.2016,19.648
546.354,18.9398
546.5064,18.8436
546.6588,19.0241
546.8112,18.0642
546.9636,18.096
547.116,19.7026
547.2684,21.439
547.4208,22.9881
547.5732,22.8233
547.7256,23.5291
547.878,23.4805
548.0304,24.7408
548.1828,25.934
548.3352,27.6125
548.4876,28.8701
548.64,29.0439
548.7924,31.0145
548.9448,32.0839
549.0972,32.7673
549.2496,34.8871
549.402,36.9883
549.5544,35.9894
549.7068,35.0435
549.8592,34.247
550.0116,34.135
550.164,32.7383
550.3164,29.8892
550.4688,27.2057
550.6212,27.1839
550.7736,26.6177
550.926,24.3871
551.0784,23.8476
551.2308,21.4532
551.3832,20.6528
551.5356,21.5542
551.688,20.8447
551.8404,19.8189
551.9928,18.7009
552.1452,19.2167
552.2976,19.6596
552.45,18.849
552.6024,18.3717
552.7548,19.2506
552.9072,19.3383
553.0596,20.32
553.212,22.8977
553.3644,23.7514
553.5168,22.6571
553.6692,22.8098
553.8216,22.4134
553.974,22.5081
554.1264,24.4197
554.2788,26.3061
554.4312,28.8967
554.5836,30.759
554.736,33.1403
554.8884,35.3311
555.0408,36.5982
555.1932,36.8968
555.3456,38.9531
555.498,41.7358
555.6504,45.5641
555.8028,47.3695
555.9552,45.7235
556.1076,45.3047
556.26,44.3923
556.4124,43.0222
556.5648,43.7565
556.7172,42.0288
556.8696,38.5716
557.022,36.7647
557.1744,36.23
557.3268,35.3652
557.4792,32.8078
557.6316,31.8482
557.784,31.2896
557.9364,30.3793
558.0888,27.8273
558.2412,23.4358
558.3936,22.6444
558.546,22.1126
558.6984,21.6591
558.8508,22.2344
559.0032,22.975
559.1556,21.3233
559.308,20.9235
559.4604,21.8231
559.6128,22.608
559.7652,23.0077
559.9176,22.9131
560.07,22.6537
560.2224,22.0713
560.3748,22.6037
560.5272,23.3157
560.6796,21.755
560.832,20.0189
560.9844,20.2915
561.1368,21.0316
561.2892,20.7882
561.4416,21.1742
561.594,21.127
561.7464,20.7233
561.8988,21.007
562.0512,19.8567
562.2036,18.4824
562.356,18.0675
562.5084,16.7543
562.6608,18.1769
562.8132,19.5819
562.9656,20.667
563.118,20.6837
563.2704,23.812
563.4228,28.4371
563.5752,31.0664
563.7276,30.6249
563.88,30.4303
564.0324,29.0981
564.1848,28.8847
564.3372,29.816
564.4896,30.5097
564.642,29.853
564.7944,28.4869
564.9468,28.1446
565.0992,28.1427
565.2516,28.4299
565.404,29.3294
565.5564,27.44
565.7088,24.462
565.8612,24.9998
566.0136,25.6797
566.166,25.3385
566.3184,23.9146
566.4708,23.8151
566.6232,23.4584
566.7756,22.3116
566.928,20.6593
567.0804,20.5853
567.2328,21.6832
567.3852,22.7361
567.5376,23.393
567.69,24.5357
567.8424,23.1944
567.9948,20.4735
568.1472,18.6511
568.2996,18.1738
568.452,18.2812
568.6044,20.3913
568.7568,21.7397
568.9092,22.2658
569.0616,24.4966
569.214,27.3898
569.3664,31.1497
569.5188,35.445
569.6712,39.3525
569.8236,37.7054
569.976,30.9915
570.1284,25.3688
570.2808,21.6927
570.4332,20.5919
570.5856,21.4699
570.738,21.2056
570.8904,20.2235
571.0428,18.6149
571.1952,18.9455
571.3476,20.58
571.5,21.3833
571.6524,19.5248
571.8048,17.6821
571.9572,16.6607
572.1096,16.3545
572.262,18.6749
572.4144,20.1163
572.5668,20.0567
572.7192,18.3928
572.8716,17.6578
573.024,18.3645
573.1764,17.1743
573.3288,16.6778
573.4812,18.2718
573.6336,17.8502
573.786,17.7084
573.9384,17.7902
574.0908,16.5471
574.2432,16.0892
574.3956,17.4144
574.548,16.7794
574.7004,17.8201
574.8528,19.4388
575.0052,19.4034
575.1576,17.1178
575.31,16.201
575.4624,16.1054
575.6148,16.6527
575.7672,16.3699
575.9196,17.2013
576.072,15.7942
576.2244,16.4733
576.3768,15.028
576.5292,16.2505
576.6816,15.9905
576.834,15.7522
576.9864,14.8472
577.1388,14.7384
577.2912,16.2805
577.4436,17.111
577.596,16.748
577.7484,16.3862
577.9008,16.3694
578.0532,16.1363
578.2056,17.0397
578.358,18.6533
578.5104,20.5209
578.6628,20.8306
578.8152,20.0474
578.9676,18.5545
579.12,18.1116
579.2724,19.0472
579.4248,18.9252
579.5772,17.7641
579.7296,17.359
579.882,18.3181
580.0344,17.7973
580.1868,17.6135
580.3392,16.5092
580.4916,15.4491
580.644,15.9513
580.7964,16.5131
580.9488,15.8463
581.1012,16.0446
581.2536,16.0643
581.406,16.104
581.5584,16.8847
581.7108,17.2782
581.8632,16.3729
582.0156,15.4654
582.168,15.7134
582.3204,16.5051
582.4728,15.6166
582.6252,14.5138
582.7776,14.467
582.93,15.5279
583.0824,17.2174
583.2348,17.1387
583.3872,18.0736
583.5396,19.7093
583.692,20.9375
583.8444,19.9604
583.9968,19.223
584.1492,20.3045
584.3016,21.3441
584.454,21.5506
584.6064,20.6194
584.7588,18.875
584.9112,18.4038
585.0636,19.3721
585.216,19.2429
585.3684,18.3609
585.5208,18.8263
585.6732,20.0815
585.8256,19.8894
585.978,19.8615
586.1304,20.9342
586.2828,22.0143
586.4352,20.2488
586.5876,18.0756
586.74,19.5235
586.8924,21.246
587.0448,21.6176
587.1972,21.0397
587.3496,20.3614
587.502,20.5155
587.6544,20.3007
587.8068,19.3356
587.9592,18.2542
588.1116,17.8107
588.264,16.8055
588.4164,17.663
588.5688,16.197
588.7212,16.2246
588.8736,14.6025
589.026,14.5549
589.1784,15.4318
589.3308,16.9948
589.4832,17.5376
589.6356,17.7457
589.788,18.1308
589.9404,18.3207
590.0928,16.8703
590.2452,16.0009
590.3976,16.7442
590.55,17.7183
590.7024,17.0407
590.8548,15.1242
591.0072,14.1883
591.1596,13.4016
591.312,14.881
591.4644,16.218
591.6168,16.4647
591.7692,15.7864
591.9216,16.7314
592.074,17.4665
592.2264,17.8805
592.3788,18.8145
592.5312,17.6653
592.6836,17.6608
592.836,19.4582
592.9884,18.5546
593.1408,17.3372
593.2932,17.803
593.4456,17.4624
593.598,15.5172
593.7504,13.7019
593.9028,13.1686
594.0552,14.5604
594.2076,15.4188
594.36,14.1775
594.5124,12.8695
594.6648,12.4055
594.8172,12.5425
594.9696,13.3579
595.122,14.6209
595.2744,15.5856
595.4268,16.09
595.5792,14.6554
595.7316,14.3006
595.884,14.5569
596.0364,14.5478
596.1888,14.3936
596.3412,14.1833
596.4936,12.9374
596.646,12.0005
596.7984,11.313
596.9508,12.3217
597.1032,13.3755
597.2556,12.4777
597.408,12.4498
597.5604,13.1642
597.7128,14.4011
597.8652,14.1919
598.0176,14.9438
598.17,15.7405
598.3224,16.1465
598.4748,15.15
598.6272,14.4995
598.7796,15.2681
598.932,15.875
599.0844,17.7962
599.2368,18.6347
599.3892,17.244
599.5416,16.1153
599.694,15.2935
599.8464,15.9426
599.9988,18.0944
600.1512,20.2861
600.3036,19.6577
600.456,17.605
600.6084,16.2117
600.7608,16.6826
600.9132,18.1535
601.0656,19.8609
601.218,20.7547
601.3704,19.5921
601.5228,19.323
601.6752,19.8911
601.8276,18.3819
601.98,16.671
602.1324,16.4706
602.2848,17.6554
602.4372,17.2406
602.5896,16.9442
602.742,18.1585
602.8944,17.9296
603.0468,18.2629
603.1992,17.6708
603.3516,18.1391
603.504,19.4406
603.6564,20.3445
603.8088,20.9604
603.9612,20.1605
604.1136,18.5311
604.266,16.0141
604.4184,15.4647
604.5708,17.2517
604.7232,18.9911
604.8756,20.5859
605.028,20.8185
605.1804,19.2907
605.3328,17.7007
605.4852,18.1314
605.6376,18.2565
605.79,19.6586
605.9424,19.5809
606.0948,20.3662
606.2472,18.8541
606.3996,18.2296
606.552,18.3691
606.7044,18.778
606.8568,18.5301
607.0092,18.1753
607.1616,18.1986
607.314,18.75
607.4664,17.4636
607.6188,17.9171
607.7712,16.3666
607.9236,15.6994
608.076,17.4822
608.2284,17.6814
608.3808,18.0742
608.5332,19.5211
608.6856,19.5786
608.838,18.7002
608.9904,18.2919
609.1428,18.5312
609.2952,19.2956
609.4476,18.1286
609.6,16.7362
609.7524,17.015
609.9048,16.5543
610.0572,18.3132
610.2096,18.5492
610.362,19.7862
610.5144,19.9505
610.6668,19.3891
610.8192,19.5844
610.9716,19.6754
611.124,17.7493
611.2764,16.9734
611.4288,18.159
611.5812,17.6818
611.7336,18.168
611.886,17.4851
612.0384,17.8759
612.1908,19.2105
612.3432,17.9098
612.4956,16.4844
612.648,17.7219
612.8004,17.6497
612.9528,16.6243
613.1052,16.9141
613.2576,16.3434
613.41,17.8473
613.5624,19.024
613.7148,18.8452
613.8672,17.5634
614.0196,17.1446
614.172,16.7426
614.3244,17.2703
614.4768,18.2681
614.6292,18.7608
614.7816,18.4736
614.934,17.5103
615.0864,16.1505
615.2388,14.8483
615.3912,13.8203
615.5436,14.7094
615.696,16.0959
615.8484,16.0752
616.0008,15.0953
616.1532,15.6715
616.3056,15.1791
616.458,15.8814
616.6104,16.3552
616.7628,15.3273
616.9152,14.0376
617.0676,12.7779
617.22,13.2359
617.3724,13.9809
617.5248,13.3293
617.6772,12.9027
617.8296,14.6899
617.982,16.5067
618.1344,16.557
618.2868,17.6071
618.4392,17.8733
618.5916,16.6219
618.744,17.8562
618.8964,17.5843
619.0488,17.7322
619.2012,18.6556
619.3536,19.5131
619.506,20.3276
619.6584,20.1801
619.8108,19.498
619.9632,19.3518
620.1156,19.6517
620.268,18.3938
620.4204,18.8633
620.5728,18.388
620.7252,19.3604
620.8776,20.7251
621.03,19.4292
621.1824,20.1545
621.3348,20.8425
621.4872,19.7944
621.6396,19.9568
621.792,18.9478
621.9444,18.326
622.0968,19.3209
622.2492,18.483
622.4016,18.1101
622.554,18.5039
622.7064,19.0428
622.8588,20.0974
623.0112,20.0292
623.1636,19.662
623.316,19.9368
623.4684,18.6071
623.6208,18.3702
623.7732,18.2946
623.9256,16.7517
624.078,17.0489
624.2304,18.7022
624.3828,19.2268
624.5352,18.2536
624.6876,18.2832
624.84,18.8172
624.9924,18.2194
625.1448,17.2552
625.2972,16.8418
625.4496,17.4281
625.602,15.8112
625.7544,13.7878
625.9068,15.0037
626.0592,15.1281
626.2116,16.3203
626.364,17.7494
626.5164,18.2324
626.6688,18.7489
626.8212,18.3688
626.9736,17.6398
627.126,17.1957
627.2784,17.6035
627.4308,16.9083
627.5832,15.7564
627.7356,16.8163
627.888,17.9043
628.0404,18.2584
628.1928,17.2518
628.3452,17.7083
628.4976,18.1208
628.65,17.6981
628.8024,16.3959
628.9548,17.2849
629.1072,17.5164
629.2596,16.5444
629.412,15.8076
629.5644,17.3204
629.7168,16.8077
629.8692,17.1426
630.0216,17.8885
630.174,18.5279
630.3264,19.8668
630.4788,20.6356
630.6312,20.4797
630.7836,19.2682
630.936,16.3334
631.0884,14.394
631.2408,15.2916
631.3932,16.211
631.5456,14.7728
631.698,13.9658
631.8504,13.0759
632.0028,12.3058
632.1552,12.0251
632.3076,11.9075
632.46,12.078
632.6124,12.1919
632.7648,12.7916
632.9172,15.0651
633.0696,16.1346
633.222,16.2536
633.3744,14.2763
633.5268,12.7263
633.6792,13.0375
633.8316,12.5102
633.984,12.9688
634.1364,13.6263
634.2888,13.5909
634.4412,13.3877
634.5936,12.6879
634.746,12.5194
634.8984,11.2852
635.0508,12.8904
635.2032,12.547
635.3556,11.9868
635.508,12.1806
635.6604,11.4933
635.8128,11.6471
635.9652,12.2
636.1176,11.5729
636.27,11.536
636.4224,12.1268
636.5748,11.6487
636.7272,11.9003
636.8796,12.6454
637.032,12.245
637.1844,12.984
637.3368,12.9131
637.4892,13.1105
637.6416,13.7398
637.794,13.7786
637.9464,12.9698
638.0988,14.0858
638.2512,14.3234
638.4036,13.674
638.556,14.442
638.7084,14.7807
638.8608,14.6024
639.0132,13.4395
639.1656,13.6155
639.318,14.5176
639.4704,15.6964
639.6228,15.9061
639.7752,16.6288
639.9276,17.2435
640.08,16.4408
640.2324,15.235
640.3848,15.4566
640.5372,17.0718
640.6896,17.9453
640.842,18.4421
640.9944,18.9436
641.1468,19.0883
641.2992,17.8631
641.4516,17.0384
641.604,15.6964
641.7564,15.5025
641.9088,15.6136
642.0612,16.6099
642.2136,16.3278
642.366,17.0842
642.5184,17.8361
642.6708,17.2147
642.8232,17.4318
642.9756,16.8272
643.128,16.6716
643.2804,17.4248
643.4328,18.2517
643.5852,19.527
643.7376,20.6631
643.89,19.5008
644.0424,19.7038
644.1948,18.9263
644.3472,17.7074
644.4996,18.1627
644.652,17.9827
644.8044,16.136
644.9568,15.2864
645.1092,15.6751
645.2616,16.7917
645.414,17.168
645.5664,16.8025
645.7188,16.3172
645.8712,17.0244
646.0236,16.6715
646.176,16.3758
646.3284,15.807
646.4808,16.0518
646.6332,18.5499
646.7856,19.2488
646.938,19.4652
647.0904,19.9814
647.2428,18.9056
647.3952,17.1298
647.5476,16.1043
647.7,15.8936
647.8524,15.9739
648.0048,15.3987
648.1572,14.9392
648.3096,13.1468
648.462,11.9665
648.6144,12.1237
648.7668,14.2711
648.9192,15.5144
649.0716,16.0452
649.224,16.888
649.3764,17.8144
649.5288,18.1697
649.6812,17.5728
649.8336,16.4767
649.986,16.794
650.1384,18.2789
650.2908,19.6207
650.4432,18.8844
650.5956,17.3986
650.748,16.3137
650.9004,15.5106
651.0528,16.0108
651.2052,17.8345
651.3576,16.6247
651.51,17.018
651.6624,18.1703
651.8148,17.1463
651.9672,17.8306
652.1196,19.7145
652.272,18.7552
652.4244,18.382
652.5768,18.8854
652.7292,19.0251
652.8816,20.3163
653.034,19.6804
653.1864,17.6299
653.3388,16.8974
653.4912,17.5803
653.6436,18.0675
653.796,17.7304
653.9484,17.2576
654.1008,17.8315
654.2532,18.5555
654.4056,18.7271
654.558,18.9082
654.7104,17.3303
654.8628,16.358
655.0152,15.5859
655.1676,14.4609
655.32,13.8784
655.4724,14.5432
655.6248,15.1489
655.7772,16.0325
655.9296,16.7909
656.082,17.8359
656.2344,17.6194
656.3868,16.357
656.5392,17.1508
656.6916,16.5463
656.844,15.7506
656.9964,15.547
657.1488,14.613
657.3012,15.1076
657.4536,14.8425
657.606,15.986
657.7584,18.4999
657.9108,17.8843
658.0632,16.9343
658.2156,17.6406
658.368,17.6453
658.5204,18.1485
658.6728,18.2872
658.8252,18.3313
658.9776,20.6719
659.13,21.3823
659.2824,24.3452
659.4348,30.8118
659.5872,38.0624
659.7396,39.9672
659.892,40.8988
660.0444,41.6253
660.1968,43.2331
660.3492,43.6932
660.5016,44.2781
660.654,45.6478
660.8064,46.8122
660.9588,44.1969
661.1112,39.9288
661.2636,37.5771
661.416,34.4166
661.5684,33.1378
661.7208,31.8905
661.8732,31.8386
662.0256,32.1035
662.178,32.7371
662.3304,31.806
662.4828,32.7449
662.6352,32.7134
662.7876,32.846
662.94,33.1885
663.0924,33.2833
663.2448,32.9201
663.3972,32.248
663.5496,32.2963
663.702,33.4452
663.8544,31.5479
664.0068,30.9995
664.1592,29.738
664.3116,32.1512
664.464,34.1754
664.6164,34.1857
664.7688,37.7749
664.9212,40.0399
665.0736,40.092
665.226,38.7848
665.3784,38.3267
665.5308,36.9048
665.6832,36.3809
665.8356,37.5168
665.988,38.1962
666.1404,36.8773
666.2928,35.2142
666.4452,36.1683
666.5976,35.8374
666.75,35.8777
666.9024,37.4099
667.0548,36.7185
667.2072,34.5663
667.3596,32.8189
667.512,30.9379
667.6644,32.2101
667.8168,30.7422
667.9692,29.8957
668.1216,30.0492
668.274,30.1677
668.4264,32.6836
668.5788,34.4766
668.7312,33.9051
668.8836,32.4551
669.036,32.7595
669.1884,32.4654
669.3408,30.9421
669.4932,32.5824
669.6456,32.8769
669.798,31.7198
669.9504,31.7122
670.1028,33.2787
670.2552,32.2787
670.4076,32.0712
670.56,32.8187
670.7124,32.0803
670.8648,31.7814
671.0172,33.3113
671.1696,33.563
671.322,33.964
671.4744,35.5397
671.6268,36.934
671.7792,34.8285
671.9316,34.458
672.084,34.0507
672.2364,32.1577
672.3888,29.3362
672.5412,30.0574
672.6936,28.4374
672.846,27.4138
672.9984,28.2245
673.1508,29.8864
673.3032,30.4747
673.4556,30.7494
673.608,31.2248
673.7604,31.9945
673.9128,32.9081
674.0652,33.2907
674.2176,32.1529
674.37,32.2078
674.5224,31.8891
674.6748,31.0338
674.8272,32.1494
674.9796,33.0412
675.132,32.1535
675.2844,31.8306
675.4368,32.5828
675.5892,31.8996
675.7416,32.0787
675.894,32.6832
676.0464,31.7105
676.1988,32.5353
676.3512,31.6708
676.5036,31.5474
676.656,32.741
676.8084,33.1023
676.9608,33.2423
677.1132,33.9125
677.2656,33.8767
677.418,34.3023
677.5704,34.045
677.7228,35.6769
677.8752,35.5488
678.0276,35.0614
678.18,34.8175
678.3324,35.6626
678.4848,34.9224
678.6372,33.1171
678.7896,32.858
678.942,35.0974
679.0944,37.6892
679.2468,40.7774
679.3992,42.3593
679.5516,39.8804
679.704,37.762
679.8564,37.967
680.0088,40.4927
680.1612,41.3321
680.3136,40.291
680.466,39.7613
680.6184,41.6379
680.7708,41.9143
680.9232,40.3029
681.0756,36.3032
681.228,34.8189
681.3804,34.576
681.5328,35.3196
681.6852,35.36
681.8376,34.4693
681.99,35.203
682.1424,33.9877
682.2948,34.0008
682.4472,33.281
682.5996,30.8324
682.752,29.9562
682.9044,29.354
683.0568,30.0539
683.2092,30.5745
683.3616,32.2863
683.514,34.0369
683.6664,33.6308
683.8188,34.1507
683.9712,35.3336
684.1236,35.3979
684.276,33.2718
684.4284,31.7464
684.5808,32.0021
684.7332,33.9471
684.8856,34.5436
685.038,32.1278
685.1904,33.0059
685.3428,32.3957
685.4952,32.548
685.6476,35.3168
685.8,36.9539
685.9524,38.31
686.1048,36.7916
686.2572,35.1036
686.4096,33.8359
686.562,31.767
686.7144,31.9608
686.8668,33.1458
687.0192,34.5781
687.1716,34.8307
687.324,33.9095
687.4764,35.6406
687.6288,36.0776
687.7812,35.4075
687.9336,36.1461
688.086,36.7569
688.2384,34.9784
688.3908,35.4522
688.5432,33.723
688.6956,33.0973
688.848,34.3233
689.0004,35.0009
689.1528,35.9036
689.3052,37.1771
689.4576,36.5086
689.61,35.6042
689.7624,36.4576
689.9148,36.631
690.0672,35.9627
690.2196,35.7101
690.372,33.9838
690.5244,32.1674
690.6768,32.3997
690.8292,33.8291
690.9816,35.1523
691.134,34.0693
691.2864,32.9175
691.4388,31.9945
691.5912,31.5689
691.7436,33.7083
691.896,33.6382
692.0484,34.5755
692.2008,33.6744
692.3532,32.48
692.5056,32.9241
692.658,33.0987
692.8104,32.8254
692.9628,32.5233
693.1152,31.9605
693.2676,31.577
693.42,31.9212
693.5724,33.5774
693.7248,33.742
693.8772,33.831
694.0296,33.7853
694.182,31.6348
694.3344,30.1429
694.4868,30.8506
694.6392,31.9222
694.7916,32.0316
694.944,31.9919
695.0964,30.7256
695.2488,29.7496
695.4012,30.7802
695.5536,32.4203
695.706,32.2972
695.8584,31.0876
696.0108,31.6137
696.1632,31.1516
696.3156,30.0981
696.468,29.5679
696.6204,28.6878
696.7728,29.5985
696.9252,31.204
697.0776,32.3366
697.23,33.3597
697.3824,33.5131
697.5348,31.9555
697.6872,30.3502
697.8396,29.156
697.992,29.5606
698.1444,29.4025
698.2968,29.7695
698.4492,31.2944
698.6016,30.7077
698.754,30.9255
698.9064,30.5582
699.0588,30.1575
699.2112,31.4457
699.3636,32.7705
699.516,32.1553
699.6684,31.9391
699.8208,32.5322
699.9732,32.6237
700.1256,33.3863
700.278,34.1493
700.4304,35.3342
700.5828,35.8784
700.7352,38.7471
700.8876,42.8523
701.04,44.0685
701.1924,43.1518
701.3448,41.7929
701.4972,43.7262
701.6496,44.0572
701.802,42.1735
701.9544,38.7407
702.1068,37.2496
702.2592,35.8199
702.4116,34.023
702.564,35.0573
702.7164,34.7814
702.8688,36.4688
703.0212,37.1267
703.1736,37.2533
703.326,38.1627
703.4784,39.9374
703.6308,41.6132
703.7832,40.6879
703.9356,41.9175
704.088,40.0035
704.2404,38.1395
704.3928,37.3694
704.5452,36.9231
704.6976,36.2922
704.85,35.0285
705.0024,32.5695
705.1548,30.8682
705.3072,30.6419
705.4596,31.9545
705.612,33.8435
705.7644,35.4822
705.9168,35.7489
706.0692,35.5725
706.2216,35.9563
706.374,37.0331
706.5264,35.6479
706.6788,33.5108
706.8312,31.8034
706.9836,32.0603
707.136,30.9721
707.2884,31.9749
707.4408,33.9272
707.5932,33.9458
707.7456,34.1868
707.898,35.5317
708.0504,36.7578
708.2028,38.442
708.3552,37.5546
708.5076,36.7543
708.66,36.9998
708.8124,36.2577
708.9648,35.0715
709.1172,35.1661
709.2696,37.8897
709.422,41.221
709.5744,41.9272
709.7268,42.0366
709.8792,43.1359
710.0316,42.2126
710.184,40.8371
710.3364,39.0733
710.4888,36.8239
710.6412,34.9489
710.7936,34.8029
710.946,33.666
711.0984,34.6411
711.2508,34.1239
711.4032,33.1001
711.5556,32.9128
711.708,33.9771
711.8604,33.3439
712.0128,32.8983
712.1652,33.7547
712.3176,33.2072
712.47,31.9235
712.6224,30.7141
712.7748,30.8387
712.9272,31.2245
713.0796,29.9193
713.232,29.0142
713.3844,29.5631
713.5368,31.6771
713.6892,31.939
713.8416,32.5033
713.994,32.7326
714.1464,32.7541
714.2988,33.3387
714.4512,32.6292
714.6036,32.6404
714.756,32.8356
714.9084,32.7121
715.0608,32.0326
715.2132,32.17
715.3656,32.7104
715.518,33.4301
715.6704,33.2506
715.8228,32.3835
715.9752,32.3016
716.1276,31.0796
716.28,29.3579
716.4324,29.218
716.5848,29.2969
716.7372,27.2907
716.8896,26.4502
717.042,25.6131
717.1944,24.6879
717.3468,25.069
717.4992,25.5577
717.6516,27.3346
717.804,27.0315
717.9564,28.5554
718.1088,29.2705
718.2612,29.4625
718.4136,30.7601
718.566,30.2392
718.7184,30.3274
718.8708,29.208
719.0232,28.9655
719.1756,30.77
719.328,31.8096
719.4804,32.1687
719.6328,33.4966
719.7852,34.1438
719.9376,32.3879
720.09,30.7957
720.2424,31.859
720.3948,33.1726
720.5472,32.1149
720.6996,31.5842
720.852,32.6542
721.0044,34.3809
721.1568,36.4276
721.3092,37.1795
721.4616,36.1713
721.614,36.3501
721.7664,36.4209
721.9188,36.3292
722.0712,36.4267
722.2236,33.6773
722.376,31.1965
722.5284,29.8252
722.6808,29.2565
722.8332,29.223
722.9856,29.8141
723.138,31.0493
723.2904,32.09
723.4428,32.1926
723.5952,32.8822
723.7476,34.1072
723.9,35.6919
724.0524,37.4289
724.2048,39.3302
724.3572,39.8456
724.5096,38.044
724.662,37.9742
724.8144,37.5308
724.9668,35.7259
725.1192,33.0335
725.2716,32.4055
725.424,33.8316
725.5764,35.2726
725.7288,35.8719
725.8812,35.1848
726.0336,36.537
726.186,36.4059
726.3384,36.6757
726.4908,37.957
726.6432,40.2234
726.7956,43.0955
726.948,45.9531
727.1004,48.8497
727.2528,48.7689
727.4052,46.5576
727.5576,44.1863
727.71,45.5033
727.8624,45.0695
728.0148,46.5537
728.1672,48.5138
728.3196,49.1622
728.472,47.1141
728.6244,46.9521
728.7768,43.7612
728.9292,42.3
729.0816,40.2976
729.234,38.164
729.3864,38.0485
729.5388,36.8999
729.6912,36.5418
729.8436,36.3558
729.996,34.0996
730.1484,32.2645
730.3008,33.9893
730.4532,33.5427
730.6056,33.1462
730.758,34.0353
730.9104,32.246
731.0628,32.4331
731.2152,33.4847
731.3676,33.2761
731.52,34.363
731.6724,34.6481
731.8248,32.3522
731.9772,31.5659
732.1296,32.7876
732.282,33.7431
732.4344,34.128
732.5868,32.8679
732.7392,33.2458
732.8916,32.1443
733.044,31.6852
733.1964,33.3487
733.3488,35.1797
733.5012,33.8317
733.6536,34.4402
733.806,33.8428
733.9584,34.7675
734.1108,34.6673
734.2632,33.9686
734.4156,31.5839
734.568,29.6569
734.7204,29.8766
734.8728,29.0602
735.0252,28.0046
735.1776,29.701
735.33,30.9393
735.4824,29.5736
735.6348,27.9636
735.7872,30.3956
735.9396,31.5984
736.092,29.4663
736.2444,27.5455
736.3968,26.2873
736.5492,24.9279
736.7016,24.1604
736.854,24.8355
737.0064,25.6993
737.1588,25.9967
737.3112,24.5003
737.4636,22.6269
737.616,22.3564
737.7684,22.0713
737.9208,23.6069
738.0732,24.0812
738.2256,24.3303
738.378,24.9679
738.5304,24.4958
738.6828,23.0404
738.8352,21.6994
738.9876,21.9271
739.14,25.1544
739.2924,26.941
739.4448,26.0968
739.5972,25.0448
739.7496,24.524
739.902,24.8795
740.0544,25.9215
740.2068,26.1476
740.3592,25.2027
740.5116,25.5454
740.664,25.4906
740.8164,24.4954
740.9688,24.8736
741.1212,27.5342
741.2736,31.3815
741.426,31.9075
741.5784,31.9484
741.7308,32.059
741.8832,31.1289
742.0356,29.1384
742.188,26.8747
742.3404,25.876
742.4928,26.2723
742.6452,28.3524
742.7976,29.5307
742.95,28.1219
743.1024,28.316
743.2548,26.6563
743.4072,25.7966
743.5596,25.2808
743.712,23.5265
743.8644,22.4453
744.0168,22.0814
744.1692,23.7626
744.3216,25.6439
744.474,27.146
744.6264,26.1458
744.7788,25.711
744.9312,24.2756
745.0836,24.7938
745.236,25.9998
745.3884,25.4658
745.5408,24.4391
745.6932,25.4211
745.8456,26.5662
745.998,28.5067
746.1504,28.6447
746.3028,27.6883
746.4552,26.6276
746.6076,27.3504
746.76,30.3132
746.9124,32.175
747.0648,31.6283
747.2172,30.8056
747.3696,29.3688
747.522,30.8818
747.6744,31.9291
747.8268,32.9762
747.9792,33.1502
748.1316,31.5833
748.284,30.4176
748.4364,28.4225
748.5888,26.9334
748.7412,26.5765
748.8936,26.7412
749.046,25.9166
749.1984,26.3196
749.3508,26.0786
749.5032,26.4354
749.6556,26.1411
749.808,26.1448
749.9604,28.7364
750.1128,29.9064
750.2652,29.5132
750.4176,27.7935
750.57,27.174
750.7224,27.5607
750.8748,29.9175
751.0272,30.1592
751.1796,30.0928
751.332,31.4371
751.4844,32.9258
751.6368,34.6083
751.7892,35.5821
751.9416,34.0054
752.094,32.8913
752.2464,31.3636
752.3988,31.1154
752.5512,31.1371
752.7036,29.792
752.856,27.1987
753.0084,26.978
753.1608,28.5228
753.3132,27.5666
753.4656,26.702
753.618,27.9136
753.7704,27.6929
753.9228,27.1278
754.0752,28.1232
754.2276,30.8565
754.38,33.7453
754.5324,36.3056
754.6848,35.5831
754.8372,35.7367
754.9896,35.3933
755.142,32.9573
755.2944,31.8398
755.4468,30.9987
755.5992,31.0671
755.7516,28.7978
755.904,27.7662
756.0564,28.0822
756.2088,28.7341
756.3612,30.0727
756.5136,27.806
756.666,25.0472
756.8184,24.4397
756.9708,24.0793
757.1232,24.5014
757.2756,23.6747
757.428,22.859
757.5804,24.331
757.7328,24.944
757.8852,24.7895
758.0376,25.7472
758.19,25.4011
758.3424,25.697
758.4948,26.3466
758.6472,24.4779
758.7996,23.5657
758.952,23.7858
759.1044,22.0077
759.2568,22.1475
759.4092,22.9425
759.5616,23.5674
759.714,24.8164
759.8664,22.9102
760.0188,22.6818
760.1712,22.8641
760.3236,23.0623
760.476,23.0145
760.6284,23.0397
760.7808,23.7638
760.9332,25.2332
761.0856,26.0896
761.238,26.8366
761.3904,27.0361
761.5428,25.9302
761.6952,24.7541
761.8476,24.2353
762,23.5236
762.1524,23.2698
762.3048,22.4843
762.4572,22.6061
762.6096,23.6622
762.762,23.9618
762.9144,23.7724
763.0668,24.3874
763.2192,26.895
763.3716,29.1065
763.524,28.3039
763.6764,27.938
763.8288,29.4562
763.9812,30.2032
764.1336,28.7554
764.286,27.7253
764.4384,29.1704
764.5908,30.883
764.7432,33.1433
764.8956,32.921
765.048,35.1057
765.2004,36.7223
765.3528,38.4789
765.5052,37.3503
765.6576,36.6301
765.81,35.7938
765.9624,36.7105
766.1148,34.277
766.2672,31.14
766.4196,30.1994
766.572,29.07
766.7244,27.1892
766.8768,27.0094
767.0292,28.8387
767.1816,30.8569
767.334,31.5286
767.4864,32.015
767.6388,31.3302
767.7912,30.9528
767.9436,31.7239
768.096,30.966
768.2484,28.9007
768.4008,29.3928
768.5532,29.7609
768.7056,28.9897
768.858,28.9431
769.0104,29.9416
769.1628,30.0181
769.3152,30.0108
769.4676,30.8862
769.62,32.6044
769.7724,34.0304
769.9248,32.9961
770.0772,32.9888
770.2296,31.992
770.382,30.1061
770.5344,28.7696
770.6868,29.5943
770.8392,31.2701
770.9916,30.9709
771.144,29.8252
771.2964,29.1413
771.4488,27.6523
771.6012,26.9083
771.7536,26.8772
771.906,28.3609
772.0584,28.2828
772.2108,27.9521
772.3632,28.059
772.5156,29.577
772.668,29.2344
772.8204,29.5244
772.9728,28.6836
773.1252,28.218
773.2776,31.3658
773.43,30.8451
773.5824,30.4098
773.7348,30.4783
773.8872,30.232
774.0396,27.3076
774.192,27.3183
774.3444,29.1217
774.4968,30.3716
774.6492,28.343
774.8016,27.1996
774.954,26.6188
775.1064,24.6401
775.2588,24.9461
775.4112,26.9971
775.5636,27.4192
775.716,27.9313
775.8684,27.2046
776.0208,26.3303
776.1732,27.2156
776.3256,30.0489
776.478,30.5113
776.6304,30.0514
776.7828,29.3485
776.9352,30.8023
777.0876,30.577
777.24,28.0392
777.3924,28.8559
777.5448,28.6675
777.6972,28.2426
777.8496,30.2792
778.002,31.7202
778.1544,32.8954
778.3068,32.0495
778.4592,31.5897
778.6116,28.8897
778.764,26.0296
778.9164,24.9186
779.0688,25.6103
779.2212,25.6221
779.3736,27.7391
779.526,28.7715
779.6784,27.4494
779.8308,25.2367
779.9832,24.2577
780.1356,25.6455
780.288,25.6716
780.4404,24.2988
780.5928,23.021
780.7452,22.9508
780.8976,24.2123
781.05,25.1453
781.2024,25.6352
781.3548,26.5221
781.5072,26.3714
781.6596,25.3541
781.812,24.452
781.9644,24.5449
782.1168,25.8485
782.2692,27.6867
782.4216,27.0163
782.574,25.9764
782.7264,27.7987
782.8788,30.1651
783.0312,32.0434
783.1836,32.3433
783.336,31.9375
783.4884,33.8203
783.6408,34.6687
783.7932,33.7542
783.9456,34.7527
784.098,33.4387
784.2504,34.3375
784.4028,36.5161
784.5552,38.1555
784.7076,36.7082
784.86,34.1801
785.0124,31.7404
785.1648,31.8802
785.3172,33.8991
785.4696,35.6015
785.622,34.2317
785.7744,31.2488
785.9268,32.7323
786.0792,34.0724
786.2316,32.9818
786.384,33.5163
786.5364,33.4085
786.6888,32.454
786.8412,31.3812
786.9936,30.4592
787.146,31.2373
787.2984,32.3127
787.4508,31.2287
787.6032,29.9245
787.7556,31.3167
787.908,32.5872
788.0604,31.5492
788.2128,29.2909
788.3652,25.9485
788.5176,25.2669
788.67,23.88
788.8224,24.0929
788.9748,23.4471
789.1272,24.8279
789.2796,24.3716
789.432,24.6276
789.5844,25.1012
789.7368,24.6546
789.8892,25.5228
790.0416,25.7714
790.194,23.8938
790.3464,24.2404
790.4988,24.4794
790.6512,25.6431
790.8036,27.4218
790.956,28.4335
791.1084,28.6177
791.2608,24.4194
791.4132,23.2855
791.5656,23.3793
791.718,22.4842
791.8704,21.8159
792.0228,21.6347
792.1752,22.7545
792.3276,23.3553
792.48,23.1588
792.6324,24.7404
792.7848,23.9735
792.9372,23.5956
793.0896,24.6014
793.242,26.2591
793.3944,26.9657
793.5468,25.3904
793.6992,24.9395
793.8516,25.2384
794.004,26.5641
794.1564,26.9807
794.3088,26.4058
794.4612,24.4981
794.6136,22.6563
794.766,21.8016
794.9184,22.6701
795.0708,24.435
795.2232,23.8689
795.3756,23.0244
795.528,22.542
795.6804,22.4962
795.8328,23.0517
795.9852,24.7261
796.1376,25.8327
796.29,27.5419
796.4424,27.6306
796.5948,27.5567
796.7472,28.0636
796.8996,27.7257
797.052,27.7558
797.2044,26.3944
797.3568,25.1119
797.5092,24.298
797.6616,24.468
797.814,27.0328
797.9664,29.1367
798.1188,29.3353
798.2712,29.577
798.4236,31.5794
798.576,30.2585
798.7284,28.7266
798.8808,28.3355
799.0332,26.8322
799.1856,26.1265
799.338,26.875
799.4904,28.3874
799.6428,27.9735
799.7952,26.5723
799.9476,25.9916
800.1,26.4325
800.2524,28.751
800.4048,29.1929
800.5572,28.2321
800.7096,28.6901
800.862,29.3884
801.0144,26.4944
801.1668,23.8861
801.3192,21.2697
801.4716,20.7478
801.624,20.3157
801.7764,18.4638
801.9288,16.7562
802.0812,17.7424
802.2336,18.3187
802.386,16.8041
802.5384,17.0557
802.6908,16.3335
802.8432,16.0224
802.9956,17.2822
803.148,19.2177
803.3004,21.2328
803.4528,23.0158
803.6052,24.9441
803.7576,25.2661
803.91,23.9675
804.0624,21.8688
804.2148,21.8554
804.3672,21.3052
804.5196,21.5842
804.672,22.736
804.8244,24.0563
804.9768,23.8183
805.1292,22.3182
805.2816,22.1041
805.434,22.7225
805.5864,23.4099
805.7388,24.4251
805.8912,23.5446
806.0436,24.2131
806.196,22.9115
806.3484,23.1121
806.5008,24.6963
806.6532,25.1265
806.8056,24.0224
806.958,21.7266
807.1104,21.3462
807.2628,22.8087
807.4152,22.1066
807.5676,21.3328
807.72,20.5763
807.8724,21.8194
808.0248,23.0068
808.1772,23.547
808.3296,22.7563
808.482,23.2728
808.6344,25.0908
808.7868,26.6593
808.9392,26.3872
809.0916,25.0136
809.244,22.7551
809.3964,21.3603
809.5488,21.7214
809.7012,22.9147
809.8536,22.9047
810.006,21.7916
810.1584,21.9915
810.3108,22.4225
810.4632,22.4739
810.6156,23.3727
810.768,24.3105
810.9204,22.7465
811.0728,21.906
811.2252,21.0571
811.3776,19.9236
811.53,21.0422
811.6824,21.9114
811.8348,22.5144
811.9872,23.2461
812.1396,21.1908
812.292,19.5929
812.4444,20.1538
812.5968,19.704
812.7492,19.0739
812.9016,19.2143
813.054,18.6743
813.2064,19.9286
813.3588,21.6616
813.5112,22.1551
813.6636,21.7444
813.816,21.9356
813.9684,21.6119
814.1208,21.7376
814.2732,23.2184
814.4256,22.8879
814.578,23.2428
814.7304,24.1622
814.8828,23.8058
815.0352,22.8333
815.1876,24.1272
815.34,22.4554
815.4924,21.9128
815.6448,20.7737
815.7972,20.7882
815.9496,22.3985
816.102,22.4589
816.2544,22.499
816.4068,23.3104
816.5592,24.1435
816.7116,22.7382
816.864,21.3005
817.0164,21.3899
817.1688,22.5599
817.3212,21.636
817.4736,21.0512
817.626,21.2081
817.7784,22.263
817.9308,21.6554
818.0832,20.5546
818.2356,21.5989
818.388,21.7166
818.5404,20.4084
818.6928,19.4369
818.8452,19.6763
818.9976,18.7387
819.15,17.876
819.3024,17.9068
819.4548,18.785
819.6072,18.998
819.7596,18.2964
819.912,17.4639
820.0644,17.5207
820.2168,19.3984
820.3692,19.6466
820.5216,21.2428
820.674,21.6604
820.8264,21.1176
820.9788,22.4896
821.1312,22.4223
821.2836,21.4325
821.436,21.1171
821.5884,22.3333
821.7408,23.3215
821.8932,22.4781
822.0456,21.0996
822.198,21.4908
822.3504,20.4119
822.5028,20.6175
822.6552,21.5492
822.8076,21.5675
822.96,22.1276
823.1124,21.6
823.2648,20.4924
823.4172,20.524
823.5696,19.0197
823.722,18.676
823.8744,18.4345
824.0268,16.8762
824.1792,16.7683
824.3316,16.1434
824.484,14.9278
824.6364,14.0146
824.7888,13.5975
824.9412,14.6617
825.0936,16.3237
825.246,16.946
825.3984,16.458
825.5508,16.3294
825.7032,17.085
825.8556,18.1993
826.008,18.8209
826.1604,19.0363
826.3128,19.7795
826.4652,20.5152
826.6176,20.6809
826.77,20.879
826.9224,20.3161
827.0748,19.5747
827.2272,20.2357
827.3796,18.7947
827.532,17.8487
827.6844,17.3506
827.8368,17.9763
827.9892,18.802
828.1416,18.6992
828.294,19.2122
828.4464,20.0925
828.5988,20.6942
828.7512,21.0306
828.9036,19.9046
829.056,19.0697
829.2084,18.9638
829.3608,19.9765
829.5132,19.2431
829.6656,18.6924
829.818,18.6298
829.9704,19.2642
830.1228,18.6735
830.2752,18.236
830.4276,18.6902
830.58,19.7081
830.7324,20.121
830.8848,19.1227
831.0372,19.2359
831.1896,19.5185
831.342,18.9729
831.4944,19.548
831.6468,21.4227
831.7992,21.5357
831.9516,21.6692
832.104,22.5003
832.2564,20.9818
832.4088,20.6678
832.5612,21.496
832.7136,19.9334
832.866,20.0232
833.0184,19.6138
833.1708,17.4423
833.3232,16.1283
833.4756,17.0737
833.628,19.1946
833.7804,20.1787
833.9328,21.5702
834.0852,23.607
834.2376,25.073
834.39,25.0875
834.5424,24.6516
834.6948,22.4761
834.8472,20.5355
834.9996,20.1711
835.152,20.9395
835.3044,19.1323
835.4568,17.4971
835.6092,16.6105
835.7616,16.8164
835.914,17.3535
836.0664,17.767
836.2188,17.0082
836.3712,16.2206
836.5236,15.9779
836.676,16.9081
836.8284,17.9179
836.9808,18.0225
837.1332,17.9392
837.2856,18.0594
837.438,18.9197
837.5904,18.0768
837.7428,18.1944
837.8952,18.3368
838.0476,18.0607
838.2,17.9522
838.3524,17.8628
838.5048,18.7387
838.6572,19.577
838.8096,20.2569
838.962,19.36
839.1144,18.5543
839.2668,18.6664
839.4192,17.4939
839.5716,18.2378
839.724,19.5326
839.8764,18.9283
840.0288,18.7521
840.1812,18.1148
840.3336,19.3037
840.486,19.7233
840.6384,18.379
840.7908,17.347
840.9432,17.6798
841.0956,18.565
841.248,18.5296
841.4004,19.6822
841.5528,19.2004
841.7052,18.3488
841.8576,19.1417
842.01,18.9788
842.1624,19.375
842.3148,18.4428
842.4672,18.8761
842.6196,18.3213
842.772,18.5416
842.9244,20.0427
843.0768,19.8742
843.2292,19.3399
843.3816,18.768
843.534,18.5876
843.6864,17.9218
843.8388,17.1014
843.9912,17.0614
844.1436,18.5324
844.296,19.331
844.4484,18.8745
844.6008,18.8697
844.7532,18.7054
844.9056,17.4859
845.058,16.7005
845.2104,16.3173
845.3628,15.8287
845.5152,15.4753
845.6676,16.2206
845.82,16.7426
845.9724,16.7523
846.1248,17.0664
846.2772,16.6176
846.4296,15.486
846.582,14.0728
846.7344,13.0742
846.8868,13.9635
847.0392,14.5849
847.1916,14.9731
847.344,14.373
847.4964,14.1193
847.6488,14.3083
847.8012,14.6909
847.9536,15.247
848.106,15.0419
848.2584,13.3518
848.4108,13.0796
848.5632,14.3134
848.7156,15.38
848.868,16.2
849.0204,16.8239
849.1728,15.7827
849.3252,14.1205
849.4776,14.0974
849.63,14.9134
849.7824,15.2896
849.9348,16.5682
850.0872,15.9049
850.2396,14.512
850.392,15.1115
850.5444,16.2694
850.6968,16.1433
850.8492,15.981
851.0016,16.617
851.154,17.9679
851.3064,17.0139
851.4588,19.2706
851.6112,18.0276
851.7636,17.2352
851.916,18.848
852.0684,20.7861
852.2208,19.2212
852.3732,17.7578
852.5256,16.9741
852.678,16.5862
852.8304,18.565
852.9828,17.1413
853.1352,16.7541
853.2876,16.9504
853.44,16.1136
853.5924,15.2283
853.7448,16.3941
853.8972,18.5325
854.0496,17.8875
854.202,16.9839
854.3544,17.2664
854.5068,18.0395
854.6592,18.4276
854.8116,17.5022
854.964,17.9157
855.1164,18.3655
855.2688,17.8304
855.4212,18.4021
855.5736,19.5319
855.726,19.6435
855.8784,18.9472
856.0308,17.8619
856.1832,18.291
856.3356,19.1036
856.488,19.2889
856.6404,17.6053
856.7928,17.1101
856.9452,18.6443
857.0976,19.8475
857.25,18.3
857.4024,16.6802
857.5548,16.6671
857.7072,17.7792
857.8596,17.7653
858.012,18.6439
858.1644,18.2035
858.3168,16.9826
858.4692,15.4784
858.6216,14.7839
858.774,15.7345
858.9264,17.3614
859.0788,19.0808
859.2312,20.6546
859.3836,21.6087
859.536,19.9075
859.6884,18.5138
859.8408,18.07
859.9932,18.7188
860.1456,20.4102
860.298,20.4115
860.4504,19.0695
860.6028,16.8505
860.7552,15.154
860.9076,14.3675
861.06,15.4753
861.2124,15.1466
861.3648,15.7072
861.5172,15.9073
861.6696,16.423
861.822,15.0365
861.9744,14.3246
862.1268,14.2554
862.2792,12.9668
862.4316,13.8314
862.584,13.8948
862.7364,13.7989
862.8888,14.5947
863.0412,15.3619
863.1936,14.9354
863.346,16.3355
863.4984,16.791
863.6508,15.5125
863.8032,14.9869
863.9556,15.1363
864.108,16.4316
864.2604,17.0666
864.4128,17.4718
864.5652,19.2272
864.7176,18.6729
864.87,17.84
865.0224,17.8097
865.1748,16.285
865.3272,16.102
865.4796,15.3148
865.632,15.6585
865.7844,16.9017
865.9368,17.3415
866.0892,16.8572
866.2416,17.8181
866.394,18.675
866.5464,17.49
866.6988,16.5006
866.8512,15.5085
867.0036,16.7326
867.156,16.6878
867.3084,17.079
867.4608,16.3955
867.6132,15.7043
867.7656,15.5389
867.918,16.343
868.0704,17.7153
868.2228,17.2635
868.3752,16.728
868.5276,17.1169
868.68,18.4298
868.8324,20.559
868.9848,19.9568
869.1372,19.2742
869.2896,18.4263
869.442,18.4977
869.5944,17.8956
869.7468,16.993
869.8992,16.6818
870.0516,15.4822
870.204,15.4139
870.3564,15.9276
870.5088,16.2968
870.6612,17.4718
870.8136,16.5539
870.966,16.0425
871.1184,17.472
871.2708,17.8438
871.4232,17.6655
871.5756,16.6141
