"Depth..m.","Gamma.Ray"
131.9784,9.286
132.1308,9.547
132.2832,10.2442
132.4356,10.2708
132.588,10.5451
132.7404,9.985
132.8928,8.3283
133.0452,7.9558
133.1976,8.2957
133.35,8.9979
133.5024,9.2725
133.6548,9.0536
133.8072,8.7996
133.9596,8.576
134.112,8.2167
134.2644,7.6326
134.4168,7.5779
134.5692,8.2772
134.7216,8.8681
134.874,9.8724
135.0264,9.6109
135.1788,8.6053
135.3312,8.6702
135.4836,9.4173
135.636,10.1693
135.7884,9.7775
135.9408,9.1308
136.0932,9.1845
136.2456,9.5062
136.398,9.1223
136.5504,8.742
136.7028,8.4957
136.8552,8.2123
137.0076,8.6639
137.16,8.8159
137.3124,8.9985
137.4648,8.0132
137.6172,7.2972
137.7696,7.9639
137.922,9.4403
138.0744,10.549
138.2268,10.599
138.3792,9.8557
138.5316,8.9744
138.684,8.9376
138.8364,8.2122
138.9888,7.861
139.1412,8.1457
139.2936,9.4853
139.446,9.5659
139.5984,9.125
139.7508,8.7959
139.9032,9.2609
140.0556,9.5728
140.208,9.0318
140.3604,8.9624
140.5128,9.1323
140.6652,9.3874
140.8176,9.4036
140.97,9.2268
141.1224,9.0612
141.2748,9.2344
141.4272,9.3041
141.5796,9.063
141.732,9.0096
141.8844,8.7377
142.0368,8.258
142.1892,9.0174
142.3416,9.3317
142.494,9.0721
142.6464,8.8504
142.7988,8.519
142.9512,8.0853
143.1036,7.6103
143.256,7.3632
143.4084,7.4975
143.5608,8.4194
143.7132,9.2096
143.8656,9.1589
144.018,9.0824
144.1704,9.9457
144.3228,10.4789
144.4752,9.9493
144.6276,9.5002
144.78,9.7461
144.9324,9.6656
145.0848,9.1191
145.2372,8.8279
145.3896,8.9334
145.542,9.556
145.6944,10.297
145.8468,10.4339
145.9992,9.7416
146.1516,8.9937
146.304,8.6525
146.4564,8.6381
146.6088,9.0404
146.7612,9.22
146.9136,9.4808
147.066,9.8553
147.2184,10.625
147.3708,10.8934
147.5232,10.1826
147.6756,9.196
147.828,8.2218
147.9804,7.7149
148.1328,8.3692
148.2852,9.8233
148.4376,11.4074
148.59,12.2418
148.7424,12.4072
148.8948,11.6681
149.0472,10.6574
149.1996,9.4129
149.352,9.0721
149.5044,9.1609
149.6568,9.2714
149.8092,9.2196
149.9616,8.84
150.114,8.3919
150.2664,8.0526
150.4188,8.1813
150.5712,8.4266
150.7236,9.0196
150.876,9.7214
151.0284,9.8414
151.1808,10.3378
151.3332,11.2085
151.4856,11.9612
151.638,11.8977
151.7904,11.2604
151.9428,10.8089
152.0952,11.2015
152.2476,11.75
152.4,11.7365
152.5524,11.2343
152.7048,10.5144
152.8572,10.2788
153.0096,10.5565
153.162,11.2304
153.3144,11.0725
153.4668,10.5795
153.6192,10.724
153.7716,11.1741
153.924,11.1219
154.0764,10.8975
154.2288,11.1032
154.3812,11.5204
154.5336,11.397
154.686,10.8041
154.8384,10.6244
154.9908,11.3863
155.1432,11.9641
155.2956,11.3271
155.448,10.499
155.6004,9.8491
155.7528,9.5439
155.9052,9.7199
156.0576,10.3963
156.21,11.1149
156.3624,11.1892
156.5148,10.8412
156.6672,11.0474
156.8196,11.4859
156.972,10.9796
157.1244,9.9489
157.2768,9.2086
157.4292,9.0313
157.5816,9.6355
157.734,10.2248
157.8864,10.2158
158.0388,9.7496
158.1912,9.311
158.3436,9.2975
158.496,9.7946
158.6484,10.4007
158.8008,10.6546
158.9532,10.4135
159.1056,9.8381
159.258,9.3257
159.4104,9.1775
159.5628,9.2659
159.7152,9.1578
159.8676,8.8619
160.02,8.6184
160.1724,8.7946
160.3248,8.8686
160.4772,8.5076
160.6296,8.0763
160.782,8.3315
160.9344,9.3288
161.0868,10.2556
161.2392,10.8973
161.3916,11.1472
161.544,11.4567
161.6964,11.7894
161.8488,11.386
162.0012,11.0241
162.1536,11.5585
162.306,11.8304
162.4584,11.0705
162.6108,10.3493
162.7632,9.9504
162.9156,10.2813
163.068,11.0636
163.2204,11.6058
163.3728,11.7374
163.5252,11.8434
163.6776,11.925
163.83,11.7436
163.9824,11.2016
164.1348,10.748
164.2872,10.8151
164.4396,11.3064
164.592,11.8178
164.7444,12.247
164.8968,12.5932
165.0492,12.8821
165.2016,13.0459
165.354,12.9951
165.5064,12.6586
165.6588,12.0369
165.8112,11.696
165.9636,11.7635
166.116,11.3555
166.2684,10.5569
166.4208,9.9186
166.5732,9.9674
166.7256,10.3808
166.878,10.1771
167.0304,9.8154
167.1828,9.8335
167.3352,10.3461
167.4876,11.3243
167.64,12.5994
167.7924,13.5735
167.9448,13.5657
168.0972,12.5165
168.2496,11.0931
168.402,10.2441
168.5544,10.9402
168.7068,12.5169
168.8592,13.4522
169.0116,12.849
169.164,11.3781
169.3164,10.5119
169.4688,10.5533
169.6212,10.4987
169.7736,9.9049
169.926,9.8548
170.0784,10.7303
170.2308,11.5758
170.3832,11.4577
170.5356,10.878
170.688,10.7457
170.8404,11.0901
170.9928,11.202
171.1452,10.5076
171.2976,9.1474
171.45,7.8422
171.6024,7.2313
171.7548,7.4603
171.9072,8.3416
172.0596,9.4935
172.212,10.3962
172.3644,10.5755
172.5168,10.3376
172.6692,10.8048
172.8216,11.857
172.974,12.1859
173.1264,10.9644
173.2788,9.2452
173.4312,7.9381
173.5836,7.8575
173.736,8.9567
173.8884,10.2968
174.0408,11.2946
174.1932,11.6326
174.3456,11.3971
174.498,11.1095
174.6504,11.2395
174.8028,11.2845
174.9552,10.8361
175.1076,10.4738
175.26,10.5137
175.4124,10.2899
175.5648,10.0717
175.7172,10.3241
175.8696,10.804
176.022,11.1161
176.1744,10.6281
176.3268,9.5147
176.4792,8.8144
176.6316,8.7114
176.784,8.8599
176.9364,9.0124
177.0888,9.2365
177.2412,9.62
177.3936,10.0739
177.546,10.3721
177.6984,10.4755
177.8508,10.7922
178.0032,11.478
178.1556,12.0822
178.308,12.2314
178.4604,11.9505
178.6128,11.5706
178.7652,11.2807
178.9176,11.2075
179.07,11.3956
179.2224,11.7203
179.3748,12.0825
179.5272,12.4941
179.6796,12.7222
179.832,12.5409
179.9844,12.29
180.1368,12.2934
180.2892,12.5386
180.4416,12.9295
180.594,13.3655
180.7464,13.7895
180.8988,14.0982
181.0512,14.1743
181.2036,14.1231
181.356,14.0907
181.5084,14.0304
181.6608,13.9424
181.8132,13.9688
181.9656,13.7986
182.118,12.8823
182.2704,11.522
182.4228,10.4029
182.5752,9.9082
182.7276,10.1694
182.88,10.9346
183.0324,11.6493
183.1848,11.9009
183.3372,11.7028
183.4896,11.4803
183.642,11.5533
183.7944,11.7675
183.9468,11.7295
184.0992,11.3939
184.2516,11.1551
184.404,11.2161
184.5564,11.4852
184.7088,11.8423
184.8612,12.161
185.0136,12.4132
185.166,12.689
185.3184,13.0484
185.4708,13.6543
185.6232,14.3932
185.7756,14.155
185.928,12.5453
186.0804,10.9053
186.2328,10.2444
186.3852,10.4935
186.5376,10.9909
186.69,11.2005
186.8424,11.4505
186.9948,12.1119
187.1472,12.6076
187.2996,12.6743
187.452,13.299
187.6044,14.707
187.7568,15.5601
187.9092,15.244
188.0616,14.5172
188.214,14.0385
188.3664,13.7722
188.5188,13.3238
188.6712,12.5875
188.8236,11.8289
188.976,11.1765
189.1284,10.6148
189.2808,10.1143
189.4332,9.6955
189.5856,9.6943
189.738,10.3693
189.8904,11.1724
190.0428,11.2321
190.1952,10.4715
190.3476,9.4464
190.5,8.6586
190.6524,8.6133
190.8048,9.4199
190.9572,10.4267
191.1096,10.9724
191.262,10.9547
191.4144,10.7459
191.5668,10.7171
191.7192,10.6997
191.8716,10.3387
192.024,9.7135
192.1764,9.2422
192.3288,9.295
192.4812,9.9489
192.6336,10.8666
192.786,11.431
192.9384,11.2941
193.0908,10.8103
193.2432,10.5421
193.3956,10.4492
193.548,10.1381
193.7004,9.6635
193.8528,9.4165
194.0052,9.4192
194.1576,9.2777
194.31,8.8591
194.4624,8.5698
194.6148,8.7339
194.7672,9.3129
194.9196,9.9878
195.072,10.0769
195.2244,9.3475
195.3768,8.3646
195.5292,7.5353
195.6816,7.173
195.834,7.6916
195.9864,8.7499
196.1388,9.5354
196.2912,9.8195
196.4436,9.8754
196.596,9.7604
196.7484,9.3672
196.9008,9.1705
197.0532,9.7087
197.2056,10.6246
197.358,11.3345
197.5104,11.6611
197.6628,11.5811
197.8152,11.3993
197.9676,11.6499
198.12,12.1014
198.2724,12.045
198.4248,11.4521
198.5772,10.7391
198.7296,10.2328
198.882,10.0192
199.0344,9.8488
199.1868,9.5258
199.3392,9.2338
199.4916,9.2763
199.644,9.6537
199.7964,9.8913
199.9488,9.5368
200.1012,8.832
200.2536,8.4061
200.406,8.4467
200.5584,8.6766
200.7108,8.9771
200.8632,9.3383
201.0156,9.4122
201.168,8.8724
201.3204,8.0189
201.4728,7.4852
201.6252,7.6351
201.7776,8.4662
201.93,9.5615
202.0824,10.2786
202.2348,10.3121
202.3872,9.7564
202.5396,9.0841
202.692,9.1839
202.8444,10.289
202.9968,11.6058
203.1492,12.4703
203.3016,12.6195
203.454,12.0301
203.6064,11.0341
203.7588,10.1327
203.9112,9.835
204.0636,10.1449
204.216,10.372
204.3684,10.2182
204.5208,10.1992
204.6732,10.5669
204.8256,10.7471
204.978,10.4223
205.1304,10.0498
205.2828,9.9849
205.4352,10.0593
205.5876,9.9249
205.74,9.5654
205.8924,9.3035
206.0448,9.3221
206.1972,9.5313
206.3496,9.8703
206.502,10.4518
206.6544,10.9016
206.8068,10.5691
206.9592,9.8044
207.1116,9.4582
207.264,9.6705
207.4164,9.9991
207.5688,10.0403
207.7212,10.0308
207.8736,10.4193
208.026,11.0611
208.1784,11.5752
208.3308,11.7631
208.4832,11.4889
208.6356,10.8379
208.788,10.3765
208.9404,10.6108
209.0928,11.6256
209.2452,12.874
209.3976,13.6069
209.55,13.6311
209.7024,13.0916
209.8548,12.1711
210.0072,11.1661
210.1596,10.4393
210.312,10.1144
210.4644,10.2809
210.6168,10.9081
210.7692,11.1408
210.9216,10.3733
211.074,9.1644
211.2264,8.7165
211.3788,9.7868
211.5312,11.5335
211.6836,12.5984
211.836,12.7359
211.9884,12.4395
212.1408,12.24
212.2932,12.3524
212.4456,12.7407
212.598,13.0475
212.7504,12.6772
212.9028,11.6283
213.0552,10.6339
213.2076,10.3678
213.36,10.5813
213.5124,10.5264
213.6648,10.0794
213.8172,9.7861
213.9696,10.1977
214.122,11.0659
214.2744,11.5731
214.4268,11.3946
214.5792,10.8311
214.7316,10.4467
214.884,10.5863
215.0364,10.9592
215.1888,10.8898
215.3412,10.2195
215.4936,9.5358
215.646,9.1831
215.7984,9.125
215.9508,9.2882
216.1032,9.5267
216.2556,9.7127
216.408,9.8271
216.5604,9.7111
216.7128,9.2789
216.8652,8.8232
217.0176,8.7559
217.17,9.4396
217.3224,10.6543
217.4748,11.6146
217.6272,12.038
217.7796,12.0979
217.932,11.9775
218.0844,11.9868
218.2368,12.1944
218.3892,12.0569
218.5416,11.5447
218.694,11.1553
218.8464,11.0234
218.9988,10.9325
219.1512,10.5779
219.3036,10.161
219.456,10.2574
219.6084,11.1217
219.7608,11.9896
219.9132,12.1384
220.0656,11.8867
220.218,11.7439
220.3704,11.6525
220.5228,11.5745
220.6752,11.6566
220.8276,11.6807
220.98,11.1744
221.1324,10.2184
221.2848,9.5206
221.4372,9.6563
221.5896,10.2309
221.742,10.407
221.8944,9.9569
222.0468,9.3461
222.1992,8.9373
222.3516,8.762
222.504,8.7064
222.6564,9.1734
222.8088,10.2039
222.9612,10.3052
223.1136,9.7036
223.266,9.443
223.4184,9.2252
223.5708,9.2153
223.7232,9.7522
223.8756,10.5753
224.028,11.0963
224.1804,11.0089
224.3328,10.6677
224.4852,10.6374
224.6376,10.8505
224.79,10.9796
224.9424,10.7799
225.0948,10.4363
225.2472,10.1066
225.3996,9.8042
225.552,9.5343
225.7044,9.3534
225.8568,9.3212
226.0092,9.3749
226.1616,9.1723
226.314,8.6388
226.4664,8.0838
226.6188,8.1199
226.7712,8.6641
226.9236,9.1282
227.076,9.87
227.2284,11.2212
227.3808,11.8158
227.5332,10.9958
227.6856,9.7177
227.838,8.7943
227.9904,8.2493
228.1428,7.7724
228.2952,8.0069
228.4476,8.829
228.6,9.1618
228.7524,8.853
228.9048,8.6664
229.0572,8.8379
229.2096,8.9944
229.362,8.7893
229.5144,8.4965
229.6668,8.381
229.8192,8.4511
229.9716,8.741
230.124,8.7959
230.2764,8.198
230.4288,7.3987
230.5812,7.2917
230.7336,8.1158
230.886,9.3822
231.0384,10.0119
231.1908,9.7753
231.3432,9.1714
231.4956,8.4803
231.648,7.7139
231.8004,7.2196
231.9528,7.5905
232.1052,8.1621
232.2576,8.1197
232.41,7.3798
232.5624,7.1837
232.7148,8.0385
232.8672,9.1303
233.0196,10.0626
233.172,10.4854
233.3244,10.0287
233.4768,9.1456
233.6292,8.7014
233.7816,8.9642
233.934,9.2496
234.0864,9.1672
234.2388,8.8994
234.3912,8.7564
234.5436,8.9555
234.696,9.115
234.8484,9.0659
235.0008,9.0869
235.1532,9.5126
235.3056,10.2917
235.458,10.4203
235.6104,9.8418
235.7628,9.1404
235.9152,8.454
236.0676,7.7281
236.22,7.8263
236.3724,8.6615
236.5248,8.9828
236.6772,8.5075
236.8296,8.0902
236.982,8.2922
237.1344,8.7277
237.2868,8.7407
237.4392,8.515
237.5916,8.3835
237.744,8.503
237.8964,9.0685
238.0488,9.6975
238.2012,10.2804
238.3536,10.8337
238.506,11.3259
238.6584,11.6018
238.8108,11.1928
238.9632,9.8141
239.1156,8.7561
239.268,9.0451
239.4204,9.9269
239.5728,10.3894
239.7252,10.2855
239.8776,10.0565
240.03,10.1262
240.1824,10.7133
240.3348,11.5744
240.4872,12.0753
240.6396,11.8432
240.792,11.2598
240.9444,10.7324
241.0968,10.7351
241.2492,11.0838
241.4016,11.2214
241.554,10.737
241.7064,9.9783
241.8588,9.5452
242.0112,9.7515
242.1636,9.993
242.316,10.2305
242.4684,10.3358
242.6208,9.9219
242.7732,9.9164
242.9256,9.0821
243.078,8.2582
243.2304,8.4926
243.3828,9.5657
243.5352,10.2789
243.6876,10.4099
243.84,10.097
243.9924,9.4553
244.1448,8.8586
244.2972,8.5523
244.4496,8.8502
244.602,9.3855
244.7544,9.5686
244.9068,9.7923
245.0592,10.2706
245.2116,10.5496
245.364,10.3896
245.5164,10.0851
245.6688,10.0649
245.8212,10.1305
245.9736,10.0724
246.126,9.4592
246.2784,9.0853
246.4308,9.4724
246.5832,9.857
246.7356,9.8628
246.888,9.9595
247.0404,10.8635
247.1928,11.5928
247.3452,11.1919
247.4976,10.0854
247.65,9.018
247.8024,8.3936
247.9548,8.3377
248.1072,8.241
248.2596,8.2278
248.412,8.9012
248.5644,10.0962
248.7168,11.1021
248.8692,10.9567
249.0216,10.5556
249.174,10.7834
249.3264,11.3416
249.4788,11.244
249.6312,10.4089
249.7836,9.3838
249.936,8.5339
250.0884,8.1718
250.2408,8.3115
250.3932,9.2749
250.5456,10.4589
250.698,10.7361
250.8504,10.0386
251.0028,9.7814
251.1552,10.2352
251.3076,10.5633
251.46,10.352
251.6124,9.8148
251.7648,9.411
251.9172,9.4541
252.0696,9.3831
252.222,9.3901
252.3744,9.6828
252.5268,10.2289
252.6792,10.2258
252.8316,9.8371
252.984,9.9464
253.1364,10.7118
253.2888,11.8423
253.4412,12.1187
253.5936,11.1632
253.746,10.106
253.8984,9.7479
254.0508,9.9837
254.2032,10.116
254.3556,9.9871
254.508,9.6953
254.6604,9.5187
254.8128,9.2631
254.9652,9.1934
255.1176,9.4544
255.27,9.6904
255.4224,9.2659
255.5748,8.8732
255.7272,9.0866
255.8796,9.5267
256.032,9.7781
256.1844,9.6497
256.3368,9.5143
256.4892,9.6224
256.6416,9.7702
256.794,9.65
256.9464,9.4163
257.0988,9.3849
257.2512,9.6705
257.4036,10.8226
257.556,11.9837
257.7084,12.1769
257.8608,12.1265
258.0132,11.5001
258.1656,10.9707
258.318,10.6698
258.4704,10.7437
258.6228,11.1694
258.7752,11.633
258.9276,11.1037
259.08,9.9492
259.2324,9.0982
259.3848,9.1947
259.5372,9.7287
259.6896,9.2717
259.842,8.6851
259.9944,9.4455
260.1468,10.8003
260.2992,12.4955
260.4516,13.3522
260.604,12.9754
260.7564,11.8121
260.9088,10.7058
261.0612,9.8136
261.2136,9.1559
261.366,9.484
261.5184,10.4243
261.6708,11.5855
261.8232,11.9336
261.9756,11.0446
262.128,9.6687
262.2804,8.8711
262.4328,9.4613
262.5852,10.608
262.7376,11.275
262.89,11.3904
263.0424,11.2259
263.1948,11.0207
263.3472,10.3753
263.4996,9.6651
263.652,9.5349
263.8044,9.8013
263.9568,10.0453
264.1092,10.1621
264.2616,11.0579
264.414,12.0712
264.5664,12.3933
264.7188,11.9212
264.8712,11.6671
265.0236,12.2746
265.176,13.1471
265.3284,13.6472
265.4808,13.7769
265.6332,14.2259
265.7856,14.1365
265.938,12.9622
266.0904,11.6859
266.2428,11.0449
266.3952,11.3611
266.5476,11.7502
266.7,11.3606
266.8524,10.4214
267.0048,10.2422
267.1572,10.7912
267.3096,11.6555
267.462,11.9229
267.6144,11.6923
267.7668,11.3596
267.9192,11.1269
268.0716,10.9652
268.224,10.7289
268.3764,10.9682
268.5288,10.68
268.6812,9.8438
268.8336,10.2168
268.986,10.9207
269.1384,10.7392
269.2908,9.9594
269.4432,9.804
269.5956,10.2771
269.748,11.0646
269.9004,11.6403
270.0528,11.539
270.2052,11.0815
270.3576,11.1355
270.51,11.6841
270.6624,12.3868
270.8148,13.0346
270.9672,12.9817
271.1196,12.3794
271.272,11.7547
271.4244,11.1375
271.5768,10.4508
271.7292,10.334
271.8816,10.74
272.034,10.9703
272.1864,10.6505
272.3388,10.3895
272.4912,10.4414
272.6436,10.8112
272.796,11.4482
272.9484,11.9368
273.1008,12.0093
273.2532,11.7066
273.4056,11.1748
273.558,10.3713
273.7104,10.3006
273.8628,10.9181
274.0152,11.3606
274.1676,11.2654
274.32,10.9146
274.4724,10.6024
274.6248,10.6947
274.7772,11.1617
274.9296,11.9991
275.082,12.3141
275.2344,11.8776
275.3868,10.9976
275.5392,10.5126
275.6916,10.5564
275.844,11.2562
275.9964,11.8632
276.1488,11.5443
276.3012,10.748
276.4536,9.9771
276.606,9.4374
276.7584,9.6384
276.9108,10.2014
277.0632,10.5267
277.2156,10.4354
277.368,9.507
277.5204,8.9378
277.6728,9.3881
277.8252,9.7205
277.9776,9.5139
278.13,8.9986
278.2824,8.7077
278.4348,9.2859
278.5872,10.6205
278.7396,12.3226
278.892,12.9107
279.0444,12.1779
279.1968,11.0104
279.3492,10.0478
279.5016,9.67
279.654,10.3003
279.8064,10.9581
279.9588,10.8411
280.1112,10.3808
280.2636,9.9468
280.416,9.82
280.5684,10.2232
280.7208,10.3301
280.8732,10.0024
281.0256,9.7193
281.178,9.6988
281.3304,9.8943
281.4828,9.9215
281.6352,9.5698
281.7876,9.3551
281.94,9.8497
282.0924,10.5198
282.2448,11.0452
282.3972,11.206
282.5496,10.9833
282.702,10.5819
282.8544,10.2295
283.0068,9.8128
283.1592,9.4853
283.3116,9.5238
283.464,9.7351
283.6164,10.1118
283.7688,10.4547
283.9212,10.3782
284.0736,10.0624
284.226,9.5777
284.3784,8.9931
284.5308,8.8876
284.6832,9.2685
284.8356,9.7484
284.988,10.1551
285.1404,10.5894
285.2928,11.1148
285.4452,11.5256
285.5976,11.4255
285.75,10.905
285.9024,10.3972
286.0548,10.1787
286.2072,10.4003
286.3596,10.8332
286.512,10.7815
286.6644,9.9739
286.8168,8.9667
286.9692,8.3783
287.1216,8.6478
287.274,9.5338
287.4264,10.5491
287.5788,11.0403
287.7312,10.5486
287.8836,9.5668
288.036,8.8012
288.1884,8.2616
288.3408,7.8824
288.4932,7.6909
288.6456,8.1961
288.798,9.103
288.9504,9.5844
289.1028,9.7122
289.2552,9.6658
289.4076,9.4066
289.56,8.9933
289.7124,8.5097
289.8648,8.0104
290.0172,7.8415
290.1696,8.2243
290.322,9.431
290.4744,10.8817
290.6268,11.7172
290.7792,11.5568
290.9316,10.662
291.084,10.3652
291.2364,10.7653
291.3888,10.8971
291.5412,10.6221
291.6936,10.1782
291.846,10.0496
291.9984,10.8676
292.1508,11.5354
292.3032,10.9265
292.4556,9.7088
292.608,8.9344
292.7604,8.9182
292.9128,9.129
293.0652,9.1745
293.2176,9.0395
293.37,9.224
293.5224,10.1492
293.6748,11.0213
293.8272,10.865
293.9796,10.156
294.132,9.9624
294.2844,10.1107
294.4368,9.8269
294.5892,9.3737
294.7416,9.4317
294.894,9.9296
295.0464,10.4707
295.1988,10.5776
295.3512,10.1277
295.5036,9.7462
295.656,9.5481
295.8084,9.5198
295.9608,9.6226
296.1132,9.7297
296.2656,9.8433
296.418,10.0072
296.5704,10.3469
296.7228,10.7284
296.8752,10.8258
297.0276,10.7214
297.18,10.5821
297.3324,10.7674
297.4848,11.0162
297.6372,10.369
297.7896,9.3129
297.942,9.1759
298.0944,10.187
298.2468,11.3353
298.3992,12.0502
298.5516,12.0867
298.704,11.5975
298.8564,10.515
299.0088,9.2628
299.1612,8.9958
299.3136,9.7533
299.466,10.9391
299.6184,11.6263
299.7708,11.4707
299.9232,10.3778
300.0756,9.2885
300.228,9.5521
300.3804,10.216
300.5328,10.8931
300.6852,11.3944
300.8376,12.0092
300.99,11.9305
301.1424,10.2765
301.2948,9.211
301.4472,9.3121
301.5996,10.136
301.752,11.5237
301.9044,12.7038
302.0568,13.1549
302.2092,13.3549
302.3616,14.3875
302.514,16.0005
302.6664,18.0672
302.8188,19.6302
302.9712,18.0332
303.1236,14.7989
303.276,12.7612
303.4284,12.1963
303.5808,12.117
303.7332,11.8899
303.8856,12.1809
304.038,13.1514
304.1904,14.0904
304.3428,14.586
304.4952,14.1045
304.6476,12.829
304.8,12.284
304.9524,12.9138
305.1048,13.4926
305.2572,12.7649
305.4096,11.1846
305.562,10.3189
305.7144,11.107
305.8668,11.5903
306.0192,11.3055
306.1716,11.3351
306.324,12.5032
306.4764,14.579
306.6288,16.1292
306.7812,15.7552
306.9336,14.3818
307.086,12.763
307.2384,11.5431
307.3908,11.1188
307.5432,11.6794
307.6956,12.7391
307.848,13.9662
308.0004,14.6539
308.1528,14.6933
308.3052,14.3998
308.4576,14.1991
308.61,14.2042
308.7624,14.1788
308.9148,13.7102
309.0672,13.2184
309.2196,13.3755
309.372,13.7649
309.5244,14.3624
309.6768,15.7874
309.8292,16.6711
309.9816,15.1986
310.134,14.1435
310.2864,13.9871
310.4388,13.5929
310.5912,13.4603
310.7436,14.8347
310.896,17.1238
311.0484,18.3941
311.2008,18.0609
311.3532,16.3699
311.5056,15.0541
311.658,14.1277
311.8104,14.1755
311.9628,12.8726
312.1152,11.9957
312.2676,12.8614
312.42,13.3504
312.5724,12.0214
312.7248,11.371
312.8772,12.0257
313.0296,13.1024
313.182,14.1803
313.3344,14.5587
313.4868,14.7492
313.6392,15.378
313.7916,15.2128
313.944,14.4328
314.0964,13.6404
314.2488,12.9019
314.4012,12.5795
314.5536,12.9285
314.706,14.205
314.8584,15.1769
315.0108,15.624
315.1632,14.5662
315.3156,13.6247
315.468,13.0643
315.6204,13.5049
315.7728,14.608
315.9252,15.7986
316.0776,16.811
316.23,17.209
316.3824,16.3375
316.5348,15.9769
316.6872,16.0078
316.8396,16.0475
316.992,15.8184
317.1444,14.9199
317.2968,13.9929
317.4492,13.3605
317.6016,13.4795
317.754,13.9815
317.9064,14.8812
318.0588,15.9231
318.2112,15.1325
318.3636,13.8318
318.516,12.8988
318.6684,12.8269
318.8208,13.0698
318.9732,13.6017
319.1256,13.2901
319.278,11.7192
319.4304,11.836
319.5828,11.81
319.7352,11.3232
319.8876,11.1563
320.04,11.5352
320.1924,11.9792
320.3448,12.2635
320.4972,12.0578
320.6496,12.8527
320.802,13.58
320.9544,13.7528
321.1068,13.9747
321.2592,14.6081
321.4116,14.3929
321.564,14.1024
321.7164,14.5711
321.8688,15.6739
322.0212,16.1515
322.1736,15.6497
322.326,14.956
322.4784,14.4963
322.6308,14.2756
322.7832,14.9202
322.9356,16.0121
323.088,17.0909
323.2404,17.0668
323.3928,15.5139
323.5452,14.5597
323.6976,14.3089
323.85,13.588
324.0024,12.3321
324.1548,11.2063
324.3072,10.1181
324.4596,10.3845
324.612,11.9087
324.7644,13.1714
324.9168,13.6258
325.0692,14.1622
325.2216,14.9476
325.374,16.5004
325.5264,17.6833
325.6788,17.5798
325.8312,16.0008
325.9836,14.6202
326.136,13.7745
326.2884,13.2012
326.4408,12.7574
326.5932,13.052
326.7456,13.661
326.898,13.9919
327.0504,12.9035
327.2028,10.8098
327.3552,9.5453
327.5076,9.2123
327.66,9.4069
327.8124,9.6566
327.9648,10.4349
328.1172,10.2073
328.2696,9.6959
328.422,9.5029
328.5744,9.7938
328.7268,10.3877
328.8792,10.9836
329.0316,11.9085
329.184,10.782
329.3364,9.9243
329.4888,9.4769
329.6412,9.0825
329.7936,9.2905
329.946,9.7604
330.0984,9.9176
330.2508,9.7858
330.4032,10.2689
330.5556,10.4869
330.708,9.8755
330.8604,9.6815
331.0128,10.4229
331.1652,10.9817
331.3176,10.861
331.47,11.126
331.6224,11.5965
331.7748,11.8297
331.9272,11.9302
332.0796,11.9511
332.232,11.7832
332.3844,11.4854
332.5368,10.9098
332.6892,10.1116
332.8416,9.5615
332.994,10.4818
333.1464,12.0294
333.2988,13.3315
333.4512,14.4613
333.6036,14.3911
333.756,13.0246
333.9084,11.6061
334.0608,11.231
334.2132,11.6062
334.3656,13.1497
334.518,13.1106
334.6704,12.6728
334.8228,11.5083
334.9752,10.651
335.1276,10.3773
335.28,10.7777
335.4324,11.5614
335.5848,12.0189
335.7372,12.2098
335.8896,12.4385
336.042,12.4697
336.1944,11.5656
336.3468,10.1989
336.4992,8.9017
336.6516,7.6971
336.804,6.7466
336.9564,7.9436
337.1088,8.713
337.2612,8.6899
337.4136,7.2641
337.566,6.0474
337.7184,5.4622
337.8708,5.9095
338.0232,6.6442
338.1756,7.566
338.328,8.0581
338.4804,8.2444
338.6328,8.2405
338.7852,8.1289
338.9376,8.1292
339.09,8.1877
339.2424,8.136
339.3948,7.8617
339.5472,7.7309
339.6996,7.7604
339.852,8.2055
340.0044,9.0911
340.1568,10.1669
340.3092,11.395
340.4616,12.2399
340.614,11.5027
340.7664,10.3519
340.9188,9.371
341.0712,8.2742
341.2236,7.1999
341.376,7.1352
341.5284,8.4883
341.6808,9.1042
341.8332,9.2135
341.9856,9.7585
342.138,10.889
342.2904,12.183
342.4428,12.3889
342.5952,10.3201
342.7476,8.1399
342.9,6.8069
343.0524,7.0259
343.2048,8.4505
343.3572,9.0752
343.5096,8.9099
343.662,8.5399
343.8144,8.0374
343.9668,7.6422
344.1192,8.5887
344.2716,7.5509
344.424,6.0758
344.5764,5.8725
344.7288,6.12
344.8812,5.9285
345.0336,5.9404
345.186,6.4341
345.3384,8.4467
345.4908,9.8171
345.6432,10.1428
345.7956,9.7859
345.948,8.4233
346.1004,7.2247
346.2528,6.9918
346.4052,7.5521
346.5576,7.5757
346.71,7.1594
346.8624,7.5963
347.0148,8.4951
347.1672,8.8375
347.3196,9.0227
347.472,9.4101
347.6244,10.4308
347.7768,11.4473
347.9292,10.9083
348.0816,10.1492
348.234,9.9628
348.3864,10.3199
348.5388,10.1692
348.6912,9.2948
348.8436,8.5692
348.996,8.2639
349.1484,7.9266
349.3008,7.3735
349.4532,8.533
349.6056,9.6844
349.758,10.6429
349.9104,11.2218
350.0628,10.846
350.2152,10.1509
350.3676,9.5183
350.52,9.0211
350.6724,8.5396
350.8248,8.0523
350.9772,7.7101
351.1296,7.9299
351.282,8.5299
351.4344,9.2911
351.5868,9.0409
351.7392,8.6091
351.8916,8.7265
352.044,8.9484
352.1964,8.9727
352.3488,9.273
352.5012,10.2393
352.6536,11.3213
352.806,11.888
352.9584,11.8899
353.1108,11.0783
353.2632,10.0109
353.4156,9.9705
353.568,10.1922
353.7204,9.7575
353.8728,9.0634
354.0252,8.8814
354.1776,9.3072
354.33,9.9541
354.4824,10.7418
354.6348,10.8147
354.7872,10.5667
354.9396,10.2619
355.092,10.1233
355.2444,10.7336
355.3968,11.9882
355.5492,13.2752
355.7016,14.2048
355.854,14.9583
356.0064,15.2936
356.1588,15.3458
356.3112,15.0004
356.4636,13.9675
356.616,12.2996
356.7684,10.3555
356.9208,9.4206
357.0732,10.5259
357.2256,11.6186
357.378,11.3831
357.5304,10.3562
357.6828,9.6651
357.8352,9.9887
357.9876,11.1272
358.14,12.7399
358.2924,13.609
358.4448,13.5013
358.5972,12.4616
358.7496,10.8028
358.902,9.285
359.0544,9.1403
359.2068,10.8211
359.3592,12.8392
359.5116,13.7327
359.664,13.4059
359.8164,12.5361
359.9688,11.6667
360.1212,11.2074
360.2736,11.1988
360.426,11.6472
360.5784,11.7631
360.7308,10.929
360.8832,10.5184
361.0356,10.7399
361.188,11.3307
361.3404,12.1118
361.4928,12.8461
361.6452,13.1674
361.7976,12.879
361.95,12.3252
362.1024,11.8009
362.2548,11.6671
362.4072,12.3333
362.5596,13.3343
362.712,13.4832
362.8644,13.216
363.0168,12.9071
363.1692,12.8652
363.3216,13.372
363.474,14.2969
363.6264,15.2132
363.7788,15.5177
363.9312,14.73
364.0836,13.2063
364.236,12.1654
364.3884,11.8934
364.5408,11.611
364.6932,11.1952
364.8456,11.1454
364.998,11.8152
365.1504,12.4053
365.3028,12.3912
365.4552,12.4261
365.6076,12.7663
365.76,13.2782
365.9124,13.9396
366.0648,14.5831
366.2172,14.9042
366.3696,14.8422
366.522,14.126
366.6744,12.979
366.8268,12.333
366.9792,12.8876
367.1316,14.2761
367.284,15.3721
367.4364,15.4311
367.5888,14.7532
367.7412,13.9791
367.8936,13.4237
368.046,13.1007
368.1984,12.9102
368.3508,13.0102
368.5032,13.6932
368.6556,14.5629
368.808,14.9678
368.9604,14.9165
369.1128,14.7594
369.2652,14.9392
369.4176,15.4933
369.57,15.7246
369.7224,15.3745
369.8748,14.9769
370.0272,15.0778
370.1796,15.9441
370.332,17.2509
370.4844,18.4077
370.6368,19.0958
370.7892,18.949
370.9416,17.7818
371.094,15.8772
371.2464,14.1124
371.3988,13.7122
371.5512,14.7671
371.7036,16.0929
371.856,16.681
372.0084,16.2363
372.1608,15.7267
372.3132,15.7548
372.4656,15.6364
372.618,15.1433
372.7704,14.6137
372.9228,13.9574
373.0752,12.9051
373.2276,12.0933
373.38,12.1783
373.5324,12.486
373.6848,12.0626
373.8372,10.9182
373.9896,10.3864
374.142,11.5508
374.2944,13.3355
374.4468,14.1494
374.5992,13.7702
374.7516,12.7573
374.904,12.1107
375.0564,12.5524
375.2088,13.1795
375.3612,12.8054
375.5136,11.9273
375.666,11.4277
375.8184,11.1597
375.9708,10.6703
376.1232,10.1135
376.2756,9.9436
376.428,10.3779
376.5804,11.332
376.7328,12.4007
376.8852,12.801
377.0376,12.31
377.19,11.7331
377.3424,11.6636
377.4948,11.8237
377.6472,11.6051
377.7996,11.062
377.952,10.8589
378.1044,11.2453
378.2568,11.8044
378.4092,12.0424
378.5616,11.7635
378.714,11.4717
378.8664,11.9606
379.0188,13.1587
379.1712,14.0058
379.3236,13.6583
379.476,12.6341
379.6284,12.2604
379.7808,12.8652
379.9332,13.5235
380.0856,13.6256
380.238,13.5204
380.3904,13.6033
380.5428,13.3161
380.6952,11.8855
380.8476,9.9164
381,8.9085
381.1524,9.5968
381.3048,11.2518
381.4572,12.4132
381.6096,12.6191
381.762,12.8362
381.9144,13.7694
382.0668,15.1892
382.2192,16.402
382.3716,16.8383
382.524,16.9353
382.6764,17.2442
382.8288,17.4181
382.9812,17.116
383.1336,16.3715
383.286,15.543
383.4384,15.3241
383.5908,15.884
383.7432,16.6209
383.8956,16.9865
384.048,16.8063
384.2004,16.1537
384.3528,15.2659
384.5052,14.3741
384.6576,13.5716
384.81,13.1093
384.9624,13.4177
385.1148,14.1812
385.2672,14.4433
385.4196,14.0441
385.572,13.6201
385.7244,13.5108
385.8768,13.7033
386.0292,14.2216
386.1816,14.8504
386.334,14.9922
386.4864,14.3577
386.6388,13.3679
386.7912,12.6537
386.9436,12.5044
387.096,13.0528
387.2484,14.2275
387.4008,14.9851
387.5532,14.1808
387.7056,12.2868
387.858,10.8158
388.0104,10.487
388.1628,10.8213
388.3152,11.2756
388.4676,11.8983
388.62,12.598
388.7724,12.839
388.9248,12.7473
389.0772,13.0677
389.2296,13.8564
389.382,14.833
389.5344,15.7646
389.6868,16.0674
389.8392,15.9798
389.9916,16.476
390.144,17.2589
390.2964,17.2882
390.4488,16.5514
390.6012,15.7407
390.7536,15.1525
390.906,14.7848
391.0584,14.9147
391.2108,15.784
391.3632,16.9611
391.5156,17.7429
391.668,17.9436
391.8204,17.6395
391.9728,16.7536
392.1252,15.5181
392.2776,14.5608
392.43,14.1867
392.5824,14.2053
392.7348,14.4158
392.8872,14.7547
393.0396,15.1048
393.192,15.0996
393.3444,14.5286
393.4968,13.9373
393.6492,13.6591
393.8016,13.3884
393.954,13.3102
394.1064,13.9143
394.2588,15.08
394.4112,16.2993
394.5636,17.3489
394.716,18.152
394.8684,18.2092
395.0208,17.1225
395.1732,15.3687
395.3256,13.791
395.478,12.8486
395.6304,12.5329
395.7828,12.7006
395.9352,13.1323
396.0876,13.345
396.24,13.1306
396.3924,12.9404
396.5448,13.1053
396.6972,13.3396
396.8496,13.239
397.002,12.8524
397.1544,12.6111
397.3068,12.5776
397.4592,12.4784
397.6116,12.5524
397.764,13.197
397.9164,13.9945
398.0688,14.1049
398.2212,13.6037
398.3736,13.2366
398.526,13.176
398.6784,13.2606
398.8308,13.5359
398.9832,13.6674
399.1356,13.2321
399.288,12.6567
399.4404,12.5745
399.5928,12.8911
399.7452,13.0536
399.8976,13.1158
400.05,13.1884
400.2024,12.8361
400.3548,12.2941
400.5072,12.0864
400.6596,12.4
400.812,13.3515
400.9644,14.1298
401.1168,13.8448
401.2692,13.0539
401.4216,12.6471
401.574,12.9521
401.7264,13.8386
401.8788,14.8001
402.0312,15.3368
402.1836,15.1037
402.336,14.2061
402.4884,13.0662
402.6408,11.9509
402.7932,11.1191
402.9456,10.9255
403.098,11.6488
403.2504,12.9758
403.4028,13.8104
403.5552,13.8051
403.7076,13.5714
403.86,13.674
404.0124,14.5189
404.1648,15.0014
404.3172,13.9436
404.4696,12.2095
404.622,11.2432
404.7744,12.0636
404.9268,14.1074
405.0792,15.3765
405.2316,15.0914
405.384,14.0311
405.5364,13.2916
405.6888,13.4077
405.8412,13.8944
405.9936,13.9305
406.146,13.3463
406.2984,12.1663
406.4508,11.2215
406.6032,11.8622
406.7556,13.2082
406.908,13.6034
407.0604,12.513
407.2128,10.6823
407.3652,9.8065
407.5176,10.636
407.67,12.0429
407.8224,12.5485
407.9748,12.2337
408.1272,12.235
408.2796,12.7552
408.432,12.9238
408.5844,12.4624
408.7368,11.7991
408.8892,11.4904
409.0416,11.8315
409.194,12.2632
409.3464,12.5541
409.4988,13.1021
409.6512,14.0229
409.8036,14.8215
409.956,14.84
410.1084,14.3143
410.2608,13.8449
410.4132,13.6772
410.5656,13.6674
410.718,13.3416
410.8704,12.692
411.0228,12.6075
411.1752,13.3129
411.3276,13.8511
411.48,13.6347
411.6324,13.032
411.7848,12.4867
411.9372,11.8828
412.0896,11.6588
412.242,12.0547
412.3944,12.7094
412.5468,13.2338
412.6992,13.4964
412.8516,13.5149
413.004,14.1211
413.1564,15.5086
413.3088,17.0052
413.4612,18.2841
413.6136,18.6332
413.766,17.864
413.9184,16.7557
414.0708,16.0113
414.2232,16.1835
414.3756,16.5735
414.528,16.181
414.6804,15.1676
414.8328,14.9807
414.9852,15.3229
415.1376,15.0432
415.29,14.192
415.4424,13.2407
415.5948,12.4617
415.7472,11.991
415.8996,11.6734
416.052,11.5886
416.2044,11.3812
416.3568,11.1028
416.5092,11.6454
416.6616,12.8163
416.814,13.6386
416.9664,14.014
417.1188,14.0958
417.2712,13.8597
417.4236,13.428
417.576,12.9
417.7284,12.2142
417.8808,11.9314
418.0332,12.4212
418.1856,12.9705
418.338,12.8704
418.4904,12.297
418.6428,11.6353
418.7952,11.256
418.9476,11.4337
419.1,11.9438
419.2524,12.5348
419.4048,12.7696
419.5572,12.7632
419.7096,13.1042
419.862,13.4983
420.0144,13.5507
420.1668,13.0353
420.3192,12.0651
420.4716,10.9514
420.624,10.3835
420.7764,10.5455
420.9288,10.9283
421.0812,10.8811
421.2336,10.5227
421.386,10.7056
421.5384,11.3807
421.6908,11.8306
421.8432,11.5293
421.9956,11.3081
422.148,11.8289
422.3004,12.3022
422.4528,12.0902
422.6052,11.3764
422.7576,10.7352
422.91,10.4066
423.0624,10.6967
423.2148,11.1724
423.3672,11.472
423.5196,11.9078
423.672,12.2464
423.8244,11.9969
423.9768,11.8775
424.1292,12.221
424.2816,12.5706
424.434,12.7233
424.5864,12.3872
424.7388,12.0964
424.8912,12.3487
425.0436,12.9207
425.196,13.371
425.3484,13.6249
425.5008,13.6239
425.6532,13.3452
425.8056,13.3038
425.958,13.6545
426.1104,14.1618
426.2628,14.3112
426.4152,13.9917
426.5676,14.0511
426.72,14.3591
426.8724,14.7885
427.0248,14.7356
427.1772,13.8274
427.3296,12.6877
427.482,12.0555
427.6344,12.1999
427.7868,12.7391
427.9392,12.8771
428.0916,12.4849
428.244,12.0092
428.3964,11.797
428.5488,12.2126
428.7012,13.1007
428.8536,13.3607
429.006,12.8292
429.1584,12.0536
429.3108,11.7273
429.4632,12.3002
429.6156,12.9756
429.768,12.8736
429.9204,12.3302
430.0728,11.8704
430.2252,12.0066
430.3776,12.52
430.53,12.6637
430.6824,12.2424
430.8348,11.486
430.9872,11.517
431.1396,11.7184
431.292,11.4233
431.4444,10.7027
431.5968,10.5538
431.7492,10.9382
431.9016,11.6442
432.054,12.3564
432.2064,12.9067
432.3588,12.9889
432.5112,12.5987
432.6636,12.096
432.816,11.8176
432.9684,12.1039
433.1208,12.9903
433.2732,13.7539
433.4256,13.9222
433.578,13.6323
433.7304,13.0886
433.8828,12.3
434.0352,11.4449
434.1876,10.583
434.34,10.4551
434.4924,11.2411
434.6448,12.5438
434.7972,13.6197
434.9496,14.5978
435.102,14.6154
435.2544,13.7533
435.4068,12.7396
435.5592,11.917
435.7116,11.2816
435.864,11.0174
436.0164,11.5918
436.1688,12.5603
436.3212,13.7021
436.4736,13.5263
436.626,12.601
436.7784,12.3505
436.9308,12.9034
437.0832,13.3112
437.2356,12.611
437.388,11.3442
437.5404,10.3341
437.6928,10.2643
437.8452,11.0352
437.9976,12.0375
438.15,12.3924
438.3024,12.2411
438.4548,12.1704
438.6072,11.9984
438.7596,11.2962
438.912,10.6101
439.0644,10.8199
439.2168,11.6067
439.3692,12.4142
439.5216,13.0428
439.674,13.2771
439.8264,13.0302
439.9788,12.3269
440.1312,11.8479
440.2836,11.8475
440.436,11.4797
440.5884,10.971
440.7408,11.4695
440.8932,13.0356
441.0456,13.3523
441.198,12.5204
441.3504,11.5002
441.5028,10.5941
441.6552,10.0911
441.8076,9.7822
441.96,9.8401
442.1124,10.2521
442.2648,10.7955
442.4172,11.2102
442.5696,11.1797
442.722,10.8366
442.8744,10.4328
443.0268,10.1238
443.1792,9.8245
443.3316,9.8622
443.484,10.5127
443.6364,11.3671
443.7888,11.4729
443.9412,10.8209
444.0936,9.9689
444.246,9.4089
444.3984,9.3439
444.5508,10.3208
444.7032,12.1636
444.8556,13.7882
445.008,14.9264
445.1604,14.6979
445.3128,12.858
445.4652,12.0953
445.6176,12.389
445.77,12.2233
445.9224,11.1067
446.0748,10.8969
446.2272,11.2179
446.3796,11.1907
446.532,10.6857
446.6844,10.1936
446.8368,9.7948
446.9892,9.8548
447.1416,10.1883
447.294,11.1426
447.4464,12.9183
447.5988,14.2941
447.7512,14.4917
447.9036,13.8431
448.056,12.7773
448.2084,11.7295
448.3608,10.8739
448.5132,10.2973
448.6656,10.0675
448.818,10.0341
448.9704,10.0222
449.1228,10.0817
449.2752,10.2771
449.4276,10.384
449.58,10.3927
449.7324,10.3113
449.8848,10.2483
450.0372,10.3823
450.1896,10.7784
450.342,11.7367
450.4944,12.7991
450.6468,13.5022
450.7992,13.5515
450.9516,12.2033
451.104,11.2712
451.2564,11.4644
451.4088,11.543
451.5612,11.0696
451.7136,10.4163
451.866,10.1426
452.0184,9.9915
452.1708,9.3881
452.3232,8.5344
452.4756,8.2986
452.628,8.7759
452.7804,9.6537
452.9328,10.3292
453.0852,10.6192
453.2376,10.5824
453.39,10.5492
453.5424,10.1394
453.6948,9.9074
453.8472,10.9318
453.9996,12.1972
454.152,12.3804
454.3044,12.7041
454.4568,13.6863
454.6092,14.0963
454.7616,13.6512
454.914,12.8973
455.0664,12.2459
455.2188,10.8578
455.3712,11.1513
455.5236,12.768
455.676,14.1217
455.8284,14.2095
455.9808,13.4129
456.1332,11.8901
456.2856,10.3376
456.438,10.1141
456.5904,11.2083
456.7428,12.1023
456.8952,12.5091
457.0476,13.0002
457.2,13.2657
457.3524,13.2426
457.5048,12.9626
457.6572,12.6499
457.8096,12.0852
457.962,10.992
458.1144,10.3911
458.2668,11.1613
458.4192,12.0468
458.5716,12.3163
458.724,12.2599
458.8764,12.0413
459.0288,11.887
459.1812,11.984
459.3336,12.3524
459.486,12.6894
459.6384,12.911
459.7908,12.8451
459.9432,12.6968
460.0956,11.8011
460.248,13.0101
460.4004,14.3279
460.5528,14.2518
460.7052,14.1131
460.8576,14.1608
461.01,13.7595
461.1624,12.9177
461.3148,13.1612
461.4672,13.7576
461.6196,13.5196
461.772,12.7265
461.9244,12.8955
462.0768,13.7511
462.2292,13.9574
462.3816,13.3506
462.534,11.9953
462.6864,10.9929
462.8388,11.5811
462.9912,13.0648
463.1436,14.6266
463.296,15.3779
463.4484,14.8295
463.6008,13.7771
463.7532,12.6846
463.9056,11.9022
464.058,11.4969
464.2104,11.9039
464.3628,13.3274
464.5152,14.6027
464.6676,14.8734
464.82,14.3772
464.9724,13.3561
465.1248,11.8482
465.2772,10.9268
465.4296,11.0691
465.582,11.2926
465.7344,11.1219
465.8868,10.6429
466.0392,10.9679
466.1916,12.0867
466.344,12.9202
466.4964,13.2081
466.6488,12.8621
466.8012,11.897
466.9536,10.6828
467.106,9.8154
467.2584,9.5817
467.4108,10.2561
467.5632,11.4722
467.7156,12.2634
467.868,12.3194
468.0204,12.4898
468.1728,12.488
468.3252,11.8564
468.4776,10.888
468.63,10.2819
468.7824,10.4697
468.9348,11.2257
469.0872,11.9717
469.2396,12.133
469.392,12.6533
469.5444,13.9841
469.6968,15.0504
469.8492,14.8873
470.0016,13.75
470.154,12.2675
470.3064,11.0601
470.4588,11.0677
470.6112,11.6963
470.7636,11.9612
470.916,11.5825
471.0684,10.8856
471.2208,10.3485
471.3732,10.258
471.5256,10.8252
471.678,11.3809
471.8304,11.5264
471.9828,11.579
472.1352,12.0503
472.2876,12.9782
472.44,13.4799
472.5924,13.1754
472.7448,12.4733
472.8972,11.6138
473.0496,10.6677
473.202,10.4603
473.3544,11.4975
473.5068,12.8832
473.6592,13.5883
473.8116,13.3983
473.964,12.8171
474.1164,12.7501
474.2688,13.3818
474.4212,14.3205
474.5736,14.6425
474.726,14.0442
474.8784,13.2646
475.0308,13.0027
475.1832,13.199
475.3356,13.2156
475.488,12.9362
475.6404,12.4051
475.7928,11.4767
475.9452,11.3123
476.0976,12.1521
476.25,13.223
476.4024,14.2719
476.5548,14.7987
476.7072,14.5793
476.8596,14.2686
477.012,14.4094
477.1644,14.5708
477.3168,14.0154
477.4692,12.1751
477.6216,13.3251
477.774,15.3125
477.9264,15.7392
478.0788,16.1062
478.2312,16.7869
478.3836,17.6924
478.536,18.2086
478.6884,17.9457
478.8408,17.4406
478.9932,17.1308
479.1456,17.1719
479.298,17.3453
479.4504,17.5407
479.6028,17.4636
479.7552,16.6762
479.9076,15.9467
480.06,15.7245
480.2124,15.3426
480.3648,14.6126
480.5172,13.9425
480.6696,13.55
480.822,13.3487
480.9744,13.1149
481.1268,12.7716
481.2792,12.3932
481.4316,12.1346
481.584,12.0145
481.7364,11.8971
481.8888,11.812
482.0412,11.5669
482.1936,10.9832
482.346,10.4999
482.4984,10.7461
482.6508,11.2838
482.8032,11.2431
482.9556,10.6968
483.108,10.1116
483.2604,9.6747
483.4128,9.5199
483.5652,9.6465
483.7176,10.1956
483.87,11.4036
484.0224,12.8524
484.1748,14.113
484.3272,14.9492
484.4796,15.0051
484.632,14.7872
484.7844,15.1184
484.9368,15.6206
485.0892,15.4419
485.2416,14.7271
485.394,14.2747
485.5464,14.2728
485.6988,14.627
485.8512,15.1926
486.0036,15.5504
486.156,15.6446
486.3084,15.6938
486.4608,15.9031
486.6132,16.3975
486.7656,17.0149
486.918,17.4763
487.0704,17.7392
487.2228,17.8551
487.3752,17.5982
487.5276,16.8545
487.68,16.2676
487.8324,16.254
487.9848,16.4911
488.1372,16.751
488.2896,16.7353
488.442,16.4397
488.5944,16.0271
488.7468,15.4299
488.8992,14.9155
489.0516,14.7941
489.204,15.1437
489.3564,15.7855
489.5088,16.0861
489.6612,15.8098
489.8136,15.4385
489.966,15.2489
490.1184,15.3439
490.2708,15.6093
490.4232,16.0747
490.5756,16.7897
490.728,17.5686
490.8804,18.5337
491.0328,19.5202
491.1852,19.9061
491.3376,19.2759
491.49,18.2266
491.6424,17.4299
491.7948,16.937
491.9472,16.6064
492.0996,16.4311
492.252,16.4548
492.4044,16.6871
492.5568,17.2624
492.7092,18.2141
492.8616,19.2133
493.014,19.7124
493.1664,19.6279
493.3188,19.0498
493.4712,18.1449
493.6236,17.2998
493.776,16.8669
493.9284,16.8757
494.0808,17.252
494.2332,17.8512
494.3856,18.4632
494.538,18.9585
494.6904,19.1543
494.8428,18.7428
494.9952,17.9601
495.1476,17.2533
495.3,16.9926
495.4524,17.2808
495.6048,17.526
495.7572,17.2718
495.9096,16.6068
496.062,16.171
496.2144,16.4013
496.3668,16.8283
496.5192,17.2666
496.6716,17.6179
496.824,17.8233
496.9764,17.9476
497.1288,18.0242
497.2812,18.0461
497.4336,18.0298
497.586,17.9659
497.7384,17.8706
497.8908,17.71
498.0432,17.5395
498.1956,17.3614
498.348,17.2586
498.5004,17.5373
498.6528,18.2595
498.8052,18.961
498.9576,19.4229
499.11,19.3652
499.2624,18.9942
499.4148,18.7823
499.5672,18.7652
499.7196,18.9717
499.872,19.5091
500.0244,20.1862
500.1768,20.1519
500.3292,19.8922
500.4816,19.8569
500.634,19.9755
500.7864,20.2509
500.9388,20.7338
501.0912,21.2259
501.2436,21.5738
501.396,21.7689
501.5484,21.7022
501.7008,21.493
501.8532,21.2457
502.0056,21.1239
502.158,21.0896
502.3104,21.1335
502.4628,21.1934
502.6152,21.1286
502.7676,21.0064
502.92,20.8893
503.0724,20.7955
503.2248,20.7076
503.3772,20.413
503.5296,19.6643
503.682,19.1989
503.8344,19.4597
503.9868,20.2949
504.1392,21.4618
504.2916,22.4597
504.444,23.296
504.5964,23.9089
504.7488,24.1105
504.9012,24.0962
505.0536,23.7962
505.206,23.266
505.3584,23.1194
505.5108,23.4422
505.6632,23.4686
505.8156,23.0961
505.968,22.8528
506.1204,22.9335
506.2728,23.3579
506.4252,23.8045
506.5776,24.0029
506.73,23.891
506.8824,23.4986
507.0348,23.045
507.1872,22.6559
507.3396,22.5748
507.492,22.8122
507.6444,23.1659
507.7968,23.1151
507.9492,22.3409
508.1016,21.7033
508.254,21.0793
508.4064,20.4881
508.5588,20.172
508.7112,20.0123
508.8636,20.2
509.016,20.7402
509.1684,21.5132
509.3208,22.1573
509.4732,22.2255
509.6256,21.7654
509.778,21.4997
509.9304,21.5356
510.0828,21.9541
510.2352,22.3546
510.3876,22.7079
510.54,22.7799
510.6924,22.6562
510.8448,22.3884
510.9972,22.0041
511.1496,21.5549
511.302,21.0701
511.4544,20.9508
511.6068,20.9723
511.7592,20.9856
511.9116,20.6558
512.064,20.3245
512.2164,19.9738
512.3688,19.8795
512.5212,20.2455
512.6736,20.7666
512.826,21.336
512.9784,21.8071
513.1308,22.1939
513.2832,22.5819
513.4356,22.4041
513.588,21.9896
513.7404,22.0131
513.8928,22.4864
514.0452,22.7275
514.1976,22.1662
514.35,21.217
514.5024,20.4701
514.6548,20.1713
514.8072,20.2522
514.9596,20.7553
515.112,21.5813
515.2644,22.0788
515.4168,21.789
515.5692,21.4891
515.7216,21.6674
515.874,22.0367
516.0264,22.0815
516.1788,21.8753
516.3312,21.5135
516.4836,21.0398
516.636,20.8464
516.7884,20.8607
516.9408,21.3934
517.0932,22.2025
517.2456,23.0915
517.398,23.5429
517.5504,23.419
517.7028,23.0597
517.8552,22.2366
518.0076,21.2791
518.16,20.4267
518.3124,19.5961
518.4648,19.0869
518.6172,19.168
518.7696,19.4812
518.922,19.0454
519.0744,18.2338
519.2268,17.6442
519.3792,17.3916
519.5316,17.5007
519.684,17.9799
519.8364,17.9795
519.9888,17.8819
520.1412,18.2465
520.2936,18.7587
520.446,19.3944
520.5984,19.7386
520.7508,19.6024
520.9032,19.0969
521.0556,18.6869
521.208,18.5436
521.3604,18.7917
521.5128,19.204
521.6652,19.7435
521.8176,19.9388
521.97,20.0193
522.1224,20.3652
522.2748,21.2994
522.4272,21.5964
522.5796,21.276
522.732,20.7028
522.8844,20.2425
523.0368,20.0872
523.1892,20.3091
523.3416,20.6732
523.494,21.0393
523.6464,21.3802
523.7988,21.2633
523.9512,20.8347
524.1036,20.2993
524.256,20.0537
524.4084,20.2926
524.5608,20.642
524.7132,21.261
524.8656,21.9753
525.018,22.4623
525.1704,22.5772
525.3228,22.7085
525.4752,23.0148
525.6276,23.5658
525.78,23.6911
525.9324,23.2059
526.0848,22.6156
526.2372,22.05
526.3896,21.6136
526.542,21.5605
526.6944,21.4524
526.8468,20.8865
526.9992,20.3644
527.1516,20.0194
527.304,20.1185
527.4564,20.4506
527.6088,20.6902
527.7612,20.5631
527.9136,20.1302
528.066,19.6824
528.2184,19.3166
528.3708,19.3756
528.5232,20.0414
528.6756,20.4071
528.828,20.3728
528.9804,20.2975
529.1328,20.3325
529.2852,21.4803
529.4376,22.3147
529.59,22.7742
529.7424,22.4078
529.8948,21.6417
530.0472,21.5322
530.1996,22.0443
530.352,22.0884
530.5044,22.0506
530.6568,22.5229
530.8092,22.7822
530.9616,22.7089
531.114,22.3538
531.2664,21.6311
531.4188,21.129
531.5712,20.815
531.7236,20.7498
531.876,20.8219
532.0284,20.9142
532.1808,21.2648
532.3332,21.7181
532.4856,22.2073
532.638,22.2993
532.7904,22.1351
532.9428,21.8856
533.0952,21.7405
533.2476,21.8253
533.4,22.0409
533.5524,22.1194
533.7048,22.7124
533.8572,23.6306
534.0096,24.1458
534.162,23.8508
534.3144,23.4211
534.4668,23.4458
534.6192,23.8047
534.7716,24.4035
534.924,24.6033
535.0764,24.1246
535.2288,23.3091
535.3812,22.346
535.5336,21.9339
535.686,22.0082
535.8384,22.6223
535.9908,23.4495
536.1432,23.5327
536.2956,23.1161
536.448,22.718
536.6004,22.9844
536.7528,23.9049
536.9052,24.6946
537.0576,24.8711
537.21,24.6926
537.3624,24.6002
537.5148,25.1951
537.6672,26.0938
537.8196,26.6052
537.972,26.664
538.1244,26.7715
538.2768,27.5263
538.4292,27.7023
538.5816,26.9128
538.734,26.287
538.8864,26.2646
539.0388,26.4697
539.1912,25.9694
539.3436,25.6982
539.496,26.4999
539.6484,26.764
539.8008,26.2213
539.9532,25.3012
540.1056,24.0951
540.258,23.2045
540.4104,23.0058
540.5628,23.3743
540.7152,24.1684
540.8676,25.069
541.02,25.9943
541.1724,26.5048
541.3248,26.1228
541.4772,25.6945
541.6296,26.4032
541.782,27.3788
541.9344,27.4545
542.0868,26.9609
542.2392,26.242
542.3916,25.8491
542.544,26.1297
542.6964,26.8273
542.8488,27.3018
543.0012,27.0984
543.1536,26.2584
543.306,25.5467
543.4584,25.1749
543.6108,25.8438
543.7632,27.3456
543.9156,28.6226
544.068,29.2839
544.2204,29.6046
544.3728,29.7514
544.5252,29.8063
544.6776,29.8912
544.83,29.6936
544.9824,29.0786
545.1348,28.7507
545.2872,28.7453
545.4396,28.807
545.592,29.1811
545.7444,29.886
545.8968,30.7497
546.0492,31.8183
546.2016,32.3338
546.354,31.6078
546.5064,30.0859
546.6588,28.5605
546.8112,27.3921
546.9636,26.7748
547.116,26.7213
547.2684,27.3787
547.4208,28.1295
547.5732,28.4013
547.7256,28.2145
547.878,27.7278
548.0304,26.9943
548.1828,26.3059
548.3352,25.8641
548.4876,25.7844
548.64,26.0017
548.7924,26.4022
548.9448,26.8796
549.0972,27.3703
549.2496,27.8794
549.402,28.3062
549.5544,28.7249
549.7068,28.8171
549.8592,28.5058
550.0116,27.8689
550.164,27.0056
550.3164,26.1434
550.4688,26.0155
550.6212,26.3875
550.7736,26.7668
550.926,26.8224
551.0784,26.3924
551.2308,25.4618
551.3832,24.3279
551.5356,23.4672
551.688,23.2143
551.8404,23.574
551.9928,24.1558
552.1452,24.581
552.2976,24.5405
552.45,23.9488
552.6024,23.5475
552.7548,23.7429
552.9072,24.1093
553.0596,24.4067
553.212,24.5465
553.3644,24.5913
553.5168,24.9278
553.6692,25.6567
553.8216,26.3366
553.974,26.5354
554.1264,26.1849
554.2788,25.7897
554.4312,25.6759
554.5836,26.2699
554.736,27.0156
554.8884,27.523
555.0408,27.6217
555.1932,27.2723
555.3456,26.6998
555.498,26.1915
555.6504,25.9084
555.8028,25.7868
555.9552,25.7332
556.1076,25.719
556.26,25.7747
556.4124,25.9661
556.5648,26.333
556.7172,26.2374
556.8696,25.5298
557.022,24.9094
557.1744,24.5431
557.3268,24.3113
557.4792,24.2442
557.6316,24.4936
557.784,25.0954
557.9364,25.8758
558.0888,26.5643
558.2412,26.5351
558.3936,26.1944
558.546,26.1133
558.6984,26.4643
558.8508,26.6684
559.0032,26.1947
559.1556,25.5366
559.308,25.4382
559.4604,26.0146
559.6128,26.6796
559.7652,26.3284
559.9176,25.1214
560.07,23.9344
560.2224,23.2193
560.3748,22.8434
560.5272,22.8839
560.6796,23.4308
560.832,24.3412
560.9844,25.3933
561.1368,26.6936
561.2892,27.5493
561.4416,27.227
561.594,26.3361
561.7464,25.8654
561.8988,26.0224
562.0512,26.644
562.2036,27.4894
562.356,28.1949
562.5084,27.9036
562.6608,27.2412
562.8132,26.9905
562.9656,27.1964
563.118,27.7717
563.2704,28.229
563.4228,28.1275
563.5752,27.4354
563.7276,26.9987
563.88,27.1008
564.0324,27.4381
564.1848,27.8103
564.3372,28.1202
564.4896,28.4384
564.642,28.6534
564.7944,28.6086
564.9468,28.152
565.0992,27.2573
565.2516,26.3355
565.404,25.9161
565.5564,26.0337
565.7088,26.5914
565.8612,27.1522
566.0136,26.9571
566.166,26.1488
566.3184,25.495
566.4708,25.1981
566.6232,25.1077
566.7756,25.1898
566.928,25.4374
567.0804,25.7575
567.2328,26.0963
567.3852,26.2801
567.5376,25.9763
567.69,25.2864
567.8424,24.6704
567.9948,24.4118
568.1472,24.5285
568.2996,24.9628
568.452,25.5844
568.6044,25.9271
568.7568,26.007
568.9092,26.1084
569.0616,26.1979
569.214,26.0856
569.3664,25.6235
569.5188,25.0388
569.6712,24.5455
569.8236,24.5274
569.976,24.9463
570.1284,25.0847
570.2808,24.7832
570.4332,24.3951
570.5856,24.2176
570.738,24.4015
570.8904,24.8893
571.0428,25.5384
571.1952,26.2095
571.3476,26.7533
571.5,27.1428
571.6524,27.5211
571.8048,27.638
571.9572,27.2366
572.1096,26.4986
572.262,25.6609
572.4144,24.8889
572.5668,24.0022
572.7192,23.5299
572.8716,23.8191
573.024,24.3898
573.1764,24.5152
573.3288,24.7445
573.4812,25.8565
573.6336,27.7225
573.786,29.1494
573.9384,29.1476
574.0908,28.6305
574.2432,28.2289
574.3956,27.4954
574.548,26.477
574.7004,25.555
574.8528,25.2226
575.0052,25.646
575.1576,26.3832
575.31,27.0123
575.4624,27.4015
575.6148,27.7681
575.7672,27.8505
575.9196,27.5655
576.072,26.8603
576.2244,25.8992
576.3768,25.226
576.5292,25.1269
576.6816,25.4505
576.834,25.7574
576.9864,25.6185
577.1388,25.0639
577.2912,24.4589
577.4436,24.095
577.596,24.0094
577.7484,24.1134
577.9008,24.3573
578.0532,24.5732
578.2056,24.57
578.358,24.3634
578.5104,24.0261
578.6628,23.6687
578.8152,23.3464
578.9676,23.1214
579.12,23.1997
579.2724,23.587
579.4248,24.1561
579.5772,24.737
579.7296,25.092
579.882,25.2554
580.0344,25.3121
580.1868,25.0219
580.3392,24.4292
580.4916,24.1743
580.644,24.7423
580.7964,25.6388
580.9488,25.5813
581.1012,24.4272
581.2536,23.3172
581.406,23.3147
581.5584,24.4047
581.7108,25.6471
581.8632,26.588
582.0156,27.2208
582.168,27.5912
582.3204,27.3406
582.4728,26.3951
582.6252,25.3312
582.7776,24.891
582.93,25.4255
583.0824,26.4246
583.2348,27.3569
583.3872,28.0724
583.5396,28.7016
583.692,29.148
583.8444,29.0167
583.9968,28.4044
584.1492,27.9671
584.3016,28.036
584.454,28.2408
584.6064,28.1426
584.7588,27.7769
584.9112,27.3429
585.0636,26.8399
585.216,26.4021
585.3684,26.5271
585.5208,27.3239
585.6732,28.5464
585.8256,29.8008
585.978,30.4744
586.1304,30.389
586.2828,29.7334
586.4352,28.6888
586.5876,27.7297
586.74,27.2464
586.8924,27.1545
587.0448,27.1579
587.1972,27.1712
587.3496,27.9941
587.502,29.7801
587.6544,31.3434
587.8068,32.0754
587.9592,31.6954
588.1116,30.5
588.264,29.1481
588.4164,27.992
588.5688,27.3792
588.7212,27.7864
588.8736,28.564
589.026,28.7061
589.1784,28.2669
589.3308,27.9588
589.4832,27.934
589.6356,27.7886
589.788,27.3311
589.9404,26.9153
590.0928,26.914
590.2452,27.326
590.3976,27.7919
590.55,28.0944
590.7024,28.0451
590.8548,27.397
591.0072,26.6319
591.1596,26.1059
591.312,25.9113
591.4644,26.0839
591.6168,26.2803
591.7692,26.1128
591.9216,25.5428
592.074,24.8366
592.2264,24.7575
592.3788,25.3088
592.5312,25.9823
592.6836,26.6185
592.836,27.305
592.9884,27.753
593.1408,27.847
593.2932,27.5348
593.4456,27.015
593.598,26.8508
593.7504,27.5644
593.9028,28.7362
594.0552,29.717
594.2076,29.8838
594.36,29.3481
594.5124,29.0208
594.6648,29.7516
594.8172,31.2043
594.9696,32.6931
595.122,33.8637
595.2744,33.8942
595.4268,33.1197
595.5792,32.6407
595.7316,32.9607
595.884,33.4957
596.0364,33.7635
596.1888,33.7544
596.3412,33.5203
596.4936,32.9528
596.646,31.8823
596.7984,31.1097
596.9508,31.0178
597.1032,31.3261
597.2556,31.882
597.408,32.6972
597.5604,33.2943
597.7128,33.4809
597.8652,33.5528
598.0176,33.7205
598.17,34.0772
598.3224,34.6305
598.4748,35.0881
598.6272,35.442
598.7796,35.4795
598.932,34.7408
599.0844,33.3636
599.2368,32.3493
599.3892,32.3316
599.5416,32.9856
599.694,33.5516
599.8464,33.5689
599.9988,33.2698
600.1512,33.8779
600.3036,34.9764
600.456,35.6709
600.6084,35.6649
600.7608,34.9975
600.9132,33.9112
601.0656,32.7265
601.218,31.631
601.3704,30.7563
601.5228,30.5406
601.6752,30.8698
601.8276,30.7174
601.98,29.6153
602.1324,28.1371
602.2848,27.1228
602.4372,26.4033
602.5896,26.7949
602.742,28.1054
602.8944,29.4684
603.0468,30.9041
603.1992,32.0299
603.3516,32.0696
603.504,30.7997
603.6564,29.8405
603.8088,29.9687
603.9612,30.6005
604.1136,31.2096
604.266,31.3492
604.4184,30.4379
604.5708,29.122
604.7232,28.4597
604.8756,28.5967
605.028,29.0064
605.1804,29.1177
605.3328,28.9833
605.4852,29.3725
605.6376,30.0793
605.79,29.8515
605.9424,29.1594
606.0948,29.103
606.2472,29.4006
606.3996,29.5086
606.552,29.3872
606.7044,28.8539
606.8568,27.9795
607.0092,27.143
607.1616,26.7671
607.314,26.7427
607.4664,27.1427
607.6188,27.9531
607.7712,28.8906
607.9236,29.8347
608.076,30.7138
608.2284,31.0849
608.3808,30.4423
608.5332,29.8195
608.6856,29.9852
608.838,30.5074
608.9904,30.9352
609.1428,30.8206
609.2952,30.3976
609.4476,30.4912
609.6,31.4729
609.7524,32.7375
609.9048,33.425
610.0572,33.4438
610.2096,33.4337
610.362,33.7943
610.5144,34.6378
610.6668,35.4335
610.8192,35.6153
610.9716,35.1859
611.124,34.4196
611.2764,33.519
611.4288,32.4998
611.5812,31.4964
611.7336,30.8616
611.886,30.8385
612.0384,31.3716
612.1908,31.7446
612.3432,31.4063
612.4956,30.6562
612.648,30.1479
612.8004,30.1429
612.9528,30.4697
613.1052,30.7248
613.2576,30.6534
613.41,30.1381
613.5624,29.4894
613.7148,29.4539
613.8672,30.1187
614.0196,29.82
614.172,28.3945
614.3244,27.4244
614.4768,27.849
614.6292,29.1546
614.7816,30.7182
614.934,32.1062
615.0864,33.0204
615.2388,33.4831
615.3912,33.3958
615.5436,32.716
615.696,31.4469
615.8484,30.3208
616.0008,30.2736
616.1532,31.1451
616.3056,32.0942
616.458,32.6975
616.6104,32.6079
616.7628,31.7054
616.9152,30.3365
617.0676,29.6955
617.22,30.1668
617.3724,31.1208
617.5248,31.2532
617.6772,30.907
617.8296,30.9725
617.982,30.5115
618.1344,29.3096
618.2868,28.0987
618.4392,27.7488
618.5916,28.6084
618.744,30.1572
618.8964,31.6936
619.0488,32.7577
619.2012,33.2484
619.3536,33.2489
619.506,32.9721
619.6584,32.6475
619.8108,32.2177
619.9632,31.6461
620.1156,31.1111
620.268,30.5678
620.4204,29.7862
620.5728,28.8575
620.7252,28.1478
620.8776,27.826
621.03,27.8392
621.1824,28.1499
621.3348,28.6373
621.4872,29.1118
621.6396,29.4514
621.792,29.7652
621.9444,30.3019
622.0968,31.2097
622.2492,32.2626
622.4016,33.1716
622.554,33.8284
622.7064,33.921
622.8588,33.3014
623.0112,32.2373
623.1636,31.5616
623.316,31.7107
623.4684,32.2108
623.6208,32.5332
623.7732,32.2953
623.9256,31.5137
624.078,30.6027
624.2304,30.03
624.3828,29.9177
624.5352,30.0512
624.6876,30.2063
624.84,30.325
624.9924,30.3837
625.1448,30.3564
625.2972,30.1332
625.4496,29.5879
625.602,28.6484
625.7544,27.8031
625.9068,27.5995
626.0592,27.8459
626.2116,28.2664
626.364,29.0372
626.5164,30.1093
626.6688,31.1449
626.8212,31.4854
626.9736,30.9825
627.126,30.6018
627.2784,30.8113
627.4308,30.5949
627.5832,29.4906
627.7356,28.5296
627.888,28.6029
628.0404,29.129
628.1928,29.05
628.3452,28.3555
628.4976,27.575
628.65,27.1126
628.8024,27.4357
628.9548,28.4582
629.1072,29.573
629.2596,30.2054
629.412,30.1098
629.5644,29.3758
629.7168,28.5751
629.8692,28.3779
630.0216,28.7961
630.174,28.9915
630.3264,28.6944
630.4788,28.683
630.6312,29.3746
630.7836,29.9082
630.936,29.7765
631.0884,29.4625
631.2408,29.348
631.3932,29.5089
631.5456,29.9202
631.698,30.4791
631.8504,31.0423
632.0028,31.5131
632.1552,32.1031
632.3076,33.0922
632.46,34.3293
632.6124,35.3773
632.7648,35.2082
632.9172,34.1318
633.0696,33.565
633.222,33.9436
633.3744,34.4643
633.5268,34.4239
633.6792,34.12
633.8316,34.2178
633.984,34.7851
634.1364,35.2013
634.2888,34.9143
634.4412,33.9127
634.5936,32.7758
634.746,32.0491
634.8984,31.9323
635.0508,32.1602
635.2032,32.2229
635.3556,32.0715
635.508,32.2227
635.6604,32.5849
635.8128,32.3661
635.9652,31.4059
636.1176,30.7559
636.27,31.1856
636.4224,31.7816
636.5748,31.6435
636.7272,31.1481
636.8796,31.085
637.032,31.6134
637.1844,32.349
637.3368,32.8581
637.4892,32.6771
637.6416,31.8885
637.794,31.3311
637.9464,31.2987
638.0988,31.2384
638.2512,30.7552
638.4036,30.1003
638.556,29.7615
638.7084,30.3475
638.8608,31.6261
639.0132,32.9809
639.1656,34.2816
639.318,34.9359
639.4704,34.5388
639.6228,33.5373
639.7752,32.3888
639.9276,31.4993
640.08,31.2937
640.2324,31.8286
640.3848,32.6275
640.5372,32.6527
640.6896,31.3602
640.842,29.3065
640.9944,27.7045
641.1468,27.4468
641.2992,28.1756
641.4516,29.0538
641.604,29.7769
641.7564,30.3224
641.9088,30.708
642.0612,30.9184
642.2136,30.6753
642.366,29.4774
642.5184,27.8425
642.6708,26.9593
642.8232,26.9899
642.9756,27.3956
643.128,27.8323
643.2804,28.0267
643.4328,27.613
643.5852,26.5893
643.7376,25.638
643.89,25.5635
644.0424,26.2977
644.1948,27.2923
644.3472,28.2559
644.4996,28.7812
644.652,28.4634
644.8044,27.4837
644.9568,26.5087
645.1092,26.0922
645.2616,26.2184
645.414,26.5283
645.5664,26.7699
645.7188,26.8934
645.8712,26.8985
646.0236,26.7652
646.176,26.4683
646.3284,26.0967
646.4808,25.9302
646.6332,26.1272
646.7856,26.5859
646.938,27.0551
647.0904,27.3208
647.2428,27.3768
647.3952,27.1721
647.5476,26.6711
647.7,26.0137
647.8524,25.6163
648.0048,25.8304
648.1572,26.3952
648.3096,26.8255
648.462,26.8762
648.6144,26.5511
648.7668,25.9802
648.9192,25.5081
649.0716,25.5057
649.224,25.8788
649.3764,26.1738
649.5288,26.0043
649.6812,25.5306
649.8336,25.3878
649.986,25.884
650.1384,26.7524
650.2908,27.5149
650.4432,27.8289
650.5956,27.784
650.748,27.8039
650.9004,28.1582
651.0528,28.673
651.2052,28.9917
651.3576,28.9278
651.51,28.4983
651.6624,28.0244
651.8148,27.929
651.9672,28.2809
652.1196,28.7013
652.272,28.7392
652.4244,28.3344
652.5768,27.6975
652.7292,26.9844
652.8816,26.4806
653.034,26.5446
653.1864,27.0698
653.3388,27.6732
653.4912,28.2033
653.6436,28.6268
653.796,28.8391
653.9484,28.647
654.1008,28.0544
654.2532,27.5255
654.4056,27.4456
654.558,27.8095
654.7104,28.4672
654.8628,29.204
655.0152,29.771
655.1676,29.9747
655.32,29.8498
655.4724,29.5833
655.6248,29.3099
655.7772,29.0166
655.9296,28.8058
656.082,29.0004
656.2344,29.5137
656.3868,29.8544
656.5392,29.8143
656.6916,29.5565
656.844,29.4443
656.9964,29.8522
657.1488,30.7449
657.3012,31.7381
657.4536,32.5848
657.606,33.1629
657.7584,33.3394
657.9108,33.1583
658.0632,32.7191
658.2156,32.0763
658.368,31.3757
658.5204,30.9104
658.6728,30.9382
658.8252,31.2912
658.9776,31.5856
659.13,31.7015
659.2824,31.7346
659.4348,31.5524
659.5872,30.9312
659.7396,30.1874
659.892,29.985
660.0444,30.606
660.1968,31.6049
660.3492,32.1233
660.5016,32.1342
660.654,32.527
660.8064,33.2587
660.9588,33.5275
661.1112,33.3496
661.2636,33.2019
661.416,33.2975
661.5684,33.7443
661.7208,34.4989
661.8732,35.3575
662.0256,36.2243
662.178,36.9815
662.3304,37.0961
662.4828,36.2029
662.6352,34.848
662.7876,33.609
662.94,32.6522
663.0924,32.3996
663.2448,33.1192
663.3972,34.3603
663.5496,35.5567
663.702,36.5717
663.8544,37.3986
664.0068,37.8842
664.1592,37.8425
664.3116,37.2681
664.464,36.7173
664.6164,36.8483
664.7688,37.3854
664.9212,37.5216
665.0736,37.1774
665.226,36.8704
665.3784,36.8356
665.5308,36.9911
665.6832,37.1854
665.8356,37.2309
665.988,36.9706
666.1404,36.269
666.2928,35.0524
666.4452,33.4115
666.5976,31.4492
666.75,29.3531
666.9024,27.4221
667.0548,25.9049
667.2072,25.1792
667.3596,25.4644
667.512,26.3357
667.6644,27.0947
667.8168,27.3045
667.9692,27.0172
668.1216,26.7665
668.274,27.0275
668.4264,27.6599
668.5788,28.3414
668.7312,28.9668
668.8836,29.5044
669.036,29.9227
669.1884,30.0022
669.3408,29.348
669.4932,28.1549
669.6456,27.2524
669.798,26.9759
669.9504,26.9954
670.1028,27.0908
670.2552,27.3656
670.4076,27.912
670.56,28.5978
670.7124,29.1681
670.8648,29.3179
671.0172,28.8362
671.1696,28.0337
671.322,27.7172
671.4744,28.3253
671.6268,29.3225
671.7792,29.8208
671.9316,29.475
672.084,28.4464
672.2364,27.3003
672.3888,26.5943
672.5412,26.334
672.6936,26.2381
672.846,26.0265
672.9984,25.5155
673.1508,24.7479
673.3032,23.9218
673.4556,23.2886
673.608,23.0138
673.7604,23.0771
673.9128,23.305
674.0652,23.5031
674.2176,23.5522
674.37,23.4752
674.5224,23.6096
674.6748,24.1465
674.8272,24.6157
674.9796,24.7305
675.132,24.846
675.2844,25.0067
675.4368,24.7836
675.5892,24.0968
675.7416,23.3997
675.894,23.1725
676.0464,23.6304
676.1988,24.675
676.3512,25.9924
676.5036,27.4281
676.656,28.9408
676.8084,30.195
676.9608,30.7982
677.1132,30.8064
677.2656,30.6735
677.418,30.9378
677.5704,31.8129
677.7228,32.9667
677.8752,33.6165
678.0276,33.2299
678.18,32.1235
678.3324,30.8762
678.4848,30.1823
678.6372,30.5258
678.7896,31.5956
678.942,32.9338
679.0944,33.8586
679.2468,33.5752
679.3992,32.4951
679.5516,31.8767
679.704,32.333
679.8564,33.4621
680.0088,34.5193
680.1612,34.579
680.3136,33.1694
680.466,31.4608
680.6184,30.7352
680.7708,30.7087
680.9232,30.731
681.0756,30.8305
681.228,31.4484
681.3804,32.8179
681.5328,34.5484
681.6852,36.15
681.8376,37.334
681.99,37.9564
682.1424,37.9074
682.2948,36.9769
682.4472,35.2567
682.5996,33.5594
682.752,32.6203
682.9044,32.3142
683.0568,32.3041
683.2092,32.3609
683.3616,32.2281
683.514,31.8469
683.6664,31.5428
683.8188,31.5898
683.9712,31.8843
684.1236,32.1935
684.276,32.3678
684.4284,32.361
684.5808,32.1712
684.7332,31.7625
684.8856,30.98
685.038,29.9504
685.1904,29.5016
685.3428,30.0932
685.4952,30.6798
685.6476,30.125
685.8,28.8799
685.9524,27.7864
686.1048,26.9311
686.2572,26.5031
686.4096,26.5295
686.562,26.6166
686.7144,26.3991
686.8668,25.8853
687.0192,25.3769
687.1716,25.2292
687.324,25.6307
687.4764,26.4646
687.6288,27.386
687.7812,28.15
687.9336,28.6429
688.086,28.8555
688.2384,29.1305
688.3908,29.9529
688.5432,31.1557
688.6956,32.1443
688.848,32.4187
689.0004,31.8515
689.1528,30.9634
689.3052,30.2216
689.4576,29.6727
689.61,29.241
689.7624,29.4409
689.9148,30.447
690.0672,32.0845
690.2196,34.2102
690.372,36.2754
690.5244,37.9964
690.6768,39.3331
690.8292,40.3875
690.9816,41.1976
691.134,41.7548
691.2864,41.9177
691.4388,41.3428
691.5912,40.07
691.7436,38.5285
691.896,37.1142
692.0484,36.0915
692.2008,35.2896
692.3532,34.6135
692.5056,34.0714
692.658,33.5685
692.8104,32.8734
692.9628,31.7009
693.1152,30.3561
693.2676,29.5589
693.42,29.266
693.5724,29.132
693.7248,28.9556
693.8772,28.691
694.0296,28.5027
694.182,28.6839
694.3344,29.3087
694.4868,30.2388
694.6392,31.1572
694.7916,31.5854
694.944,31.1515
695.0964,30.1852
695.2488,28.9817
695.4012,27.6224
695.5536,26.4871
695.706,26.1391
695.8584,26.8124
696.0108,28.0458
696.1632,29.0609
696.3156,29.5615
696.468,29.6121
696.6204,29.3977
696.7728,29.1711
696.9252,29.3596
697.0776,30.2818
697.23,31.6183
697.3824,32.6945
697.5348,33.1373
697.6872,32.8537
697.8396,31.9789
697.992,30.9003
698.1444,30.458
698.2968,31.0861
698.4492,31.7827
698.6016,31.6842
698.754,31.0831
698.9064,30.4799
699.0588,30.5482
699.2112,31.1605
699.3636,31.8211
699.516,32.4497
699.6684,33.2788
699.8208,34.4635
699.9732,35.7506
700.1256,36.7217
700.278,37.4048
700.4304,37.9452
700.5828,37.9766
700.7352,37.497
700.8876,37.7612
701.04,39.1758
701.1924,41.7241
701.3448,44.4478
701.4972,45.9173
701.6496,47.5147
701.802,49.3733
701.9544,51.0973
702.1068,52.1624
702.2592,52.2972
702.4116,50.4636
702.564,46.668
702.7164,42.2525
702.8688,38.1916
703.0212,34.9316
703.1736,33.3816
703.326,32.7945
703.4784,33.0483
703.6308,34.0507
703.7832,35.2817
703.9356,35.1312
704.088,34.2153
704.2404,34.1316
704.3928,34.3982
704.5452,34.2325
704.6976,33.3224
704.85,31.7631
705.0024,30.4182
705.1548,30.1946
705.3072,29.9995
705.4596,29.6758
705.612,29.3985
705.7644,29.7056
705.9168,30.5365
706.0692,31.2492
706.2216,31.535
706.374,31.034
706.5264,30.606
706.6788,30.3914
706.8312,30.4601
706.9836,30.9415
707.136,31.5653
707.2884,31.7702
707.4408,31.305
707.5932,30.7466
707.7456,30.2854
707.898,29.9332
708.0504,29.858
708.2028,30.232
708.3552,31.5829
708.5076,32.9203
708.66,33.5734
708.8124,33.6644
708.9648,33.3802
709.1172,32.7218
709.2696,32.002
709.422,31.6121
709.5744,32.2614
709.7268,33.0218
709.8792,33.4722
710.0316,33.5432
710.184,33.1636
710.3364,31.8654
710.4888,29.85
710.6412,29.0036
710.7936,29.2124
710.946,30.26
711.0984,31.9273
711.2508,33.0205
711.4032,32.7591
711.5556,31.8771
711.708,31.0097
711.8604,30.4896
712.0128,30.2872
712.1652,30.3258
712.3176,29.287
712.47,27.8909
712.6224,27.5167
712.7748,27.5153
712.9272,27.4845
713.0796,27.2697
713.232,26.7698
713.3844,25.9236
713.5368,25.1059
713.6892,24.4929
713.8416,24.0665
713.994,23.8199
714.1464,23.7476
714.2988,23.9704
714.4512,24.3279
714.6036,24.7299
714.756,24.895
714.9084,24.3475
715.0608,23.7124
715.2132,24.2048
715.3656,25.894
715.518,25.5134
715.6704,25.4757
715.8228,25.8197
715.9752,26.2804
716.1276,24.9143
716.28,22.1189
716.4324,19.5891
716.5848,18.8956
716.7372,18.6112
716.8896,18.2558
717.042,17.7628
717.1944,18.8641
717.3468,20.0168
717.4992,19.607
717.6516,18.5958
717.804,17.9016
717.9564,18.0952
718.1088,18.9907
718.2612,19.6081
718.4136,19.0154
718.566,17.9188
718.7184,16.9408
718.8708,16.5542
719.0232,16.6665
719.1756,17.4155
719.328,18.2917
719.4804,18.8834
719.6328,19.2909
719.7852,19.4731
719.9376,19.4888
720.09,18.764
720.2424,16.4555
720.3948,16.0429
720.5472,16.3479
720.6996,17.5394
720.852,19.2605
721.0044,20.4134
721.1568,20.7001
721.3092,20.1744
721.4616,19.4353
721.614,19.1029
721.7664,18.9227
721.9188,18.4764
722.0712,17.7426
722.2236,17.0484
722.376,16.8351
722.5284,17.0009
722.6808,17.2345
722.8332,17.4934
722.9856,17.798
723.138,18.1947
723.2904,18.6294
723.4428,19.0033
723.5952,19.2159
723.7476,19.222
723.9,19.1751
724.0524,19.2682
724.2048,19.7072
724.3572,20.6959
724.5096,20.8326
724.662,20.2084
724.8144,19.7278
724.9668,19.4993
725.1192,19.5265
725.2716,19.6996
725.424,20.1189
725.5764,20.621
725.7288,20.0928
725.8812,18.8622
726.0336,17.7112
726.186,17.1925
726.3384,17.725
726.4908,18.9837
726.6432,19.9344
726.7956,19.786
726.948,19.0127
727.1004,18.3004
727.2528,18.7201
727.4052,19.4749
727.5576,20.5957
727.71,21.5614
727.8624,21.9265
728.0148,21.9051
728.1672,21.5966
728.3196,21.1432
728.472,21.3532
728.6244,21.1488
728.7768,20.6719
728.9292,20.2945
729.0816,20.0845
729.234,20.2132
729.3864,20.6523
729.5388,21.7023
729.6912,22.7585
729.8436,23.6644
729.996,24.1862
730.1484,23.7768
730.3008,23.5502
730.4532,23.8646
730.6056,23.8452
730.758,22.8558
730.9104,22.1246
731.0628,21.666
731.2152,21.0725
731.3676,21.5938
731.52,23.1762
731.6724,24.624
731.8248,25.5083
731.9772,25.3916
732.1296,24.5147
732.282,24.1719
732.4344,24.3374
732.5868,24.7906
732.7392,25.4379
732.8916,26.1277
733.044,26.3525
733.1964,26.2078
733.3488,25.4989
733.5012,24.4167
733.6536,23.1923
733.806,22.5998
733.9584,22.8506
734.1108,23.5268
734.2632,24.2225
734.4156,24.7063
734.568,24.8549
734.7204,24.5684
734.8728,24.2979
735.0252,24.1057
735.1776,24.5467
735.33,24.921
735.4824,24.6114
735.6348,23.3025
735.7872,22.6123
735.9396,22.6713
736.092,23.019
736.2444,23.5271
736.3968,23.3407
736.5492,22.3016
736.7016,21.3868
736.854,21.425
737.0064,22.2026
737.1588,22.6629
737.3112,22.928
737.4636,23.0751
737.616,23.7172
737.7684,24.6121
737.9208,25.1774
738.0732,25.3411
738.2256,25.3869
738.378,25.3949
738.5304,25.4352
738.6828,25.468
738.8352,25.126
738.9876,25.1922
739.14,25.9571
739.2924,26.7892
739.4448,27.1575
739.5972,26.8476
739.7496,26.2811
739.902,25.6742
740.0544,25.0818
740.2068,24.3766
740.3592,23.9687
740.5116,23.7639
740.664,23.4806
740.8164,23.1979
740.9688,23.0769
741.1212,22.9408
741.2736,22.8243
741.426,23.4206
741.5784,24.5091
741.7308,25.3861
741.8832,26.0677
742.0356,26.1926
742.188,25.9239
742.3404,25.4021
742.4928,25.304
742.6452,25.7576
742.7976,26.223
742.95,26.4855
743.1024,26.4121
743.2548,26.2397
743.4072,26.2338
743.5596,26.5117
743.712,27.2833
743.8644,27.9254
744.0168,28.4596
744.1692,28.6988
744.3216,28.5514
744.474,27.9757
744.6264,27.1622
744.7788,26.0204
744.9312,25.8433
745.0836,26.0178
745.236,26.2412
745.3884,26.6155
745.5408,27.0237
745.6932,26.9923
745.8456,26.4852
745.998,25.6012
746.1504,24.2924
746.3028,22.9814
746.4552,22.4899
746.6076,22.9908
746.76,23.3672
746.9124,23.1613
747.0648,22.5114
747.2172,21.9037
747.3696,21.884
747.522,22.6303
747.6744,23.4335
747.8268,23.6876
747.9792,23.3898
748.1316,23.2864
748.284,23.8261
748.4364,24.7652
748.5888,25.7132
748.7412,26.1443
748.8936,25.7842
749.046,25.0478
749.1984,24.5205
749.3508,24.4442
749.5032,24.6862
749.6556,25.0453
749.808,25.2129
749.9604,25.0319
750.1128,24.4428
750.2652,23.2185
750.4176,22.3469
750.57,22.1671
750.7224,24.872
750.8748,26.7654
751.0272,27.5736
751.1796,26.7578
751.332,25.7669
751.4844,25.4169
751.6368,25.3719
751.7892,25.013
751.9416,24.3175
752.094,24.9733
752.2464,26.3244
752.3988,27.4052
752.5512,27.8768
752.7036,27.2752
752.856,26.5453
753.0084,26.2544
753.1608,26.2827
753.3132,26.3276
753.4656,25.5722
753.618,24.8307
753.7704,25.0827
753.9228,25.4415
754.0752,24.694
754.2276,22.2246
754.38,19.2128
754.5324,17.2382
754.6848,16.407
754.8372,16.0955
754.9896,16.0492
755.142,16.3479
755.2944,17.1414
755.4468,18.2963
755.5992,19.3954
755.7516,20.0004
755.904,19.5275
756.0564,18.4912
756.2088,18.2791
756.3612,19.0094
756.5136,19.8926
756.666,20.0804
756.8184,19.5727
756.9708,19.4582
757.1232,19.7474
757.2756,19.9738
757.428,19.784
757.5804,19.502
757.7328,19.4684
757.8852,19.7438
758.0376,20.3562
758.19,21.1465
758.3424,22.0421
758.4948,22.9928
758.6472,24.0373
758.7996,25.0388
758.952,25.8388
759.1044,26.5273
759.2568,27.2021
759.4092,27.2504
759.5616,26.5797
759.714,25.8766
759.8664,25.428
760.0188,25.8152
760.1712,26.9985
760.3236,28.0517
760.476,27.6889
760.6284,27.1195
760.7808,27.2944
760.9332,27.4962
761.0856,26.9851
761.238,26.3659
761.3904,26.2561
761.5428,26.7525
761.6952,27.2655
761.8476,27.1986
762,27.0599
762.1524,27.3134
762.3048,27.4616
762.4572,26.7074
762.6096,25.3066
762.762,24.9968
762.9144,26.0692
763.0668,27.9117
763.2192,29.2793
763.3716,28.8018
763.524,27.3725
763.6764,26.475
763.8288,26.222
763.9812,26.209
764.1336,26.2363
764.286,26.2156
764.4384,26.0938
764.5908,25.769
764.7432,25.3478
764.8956,24.8068
765.048,24.1312
765.2004,23.9621
765.3528,24.5612
765.5052,25.6199
765.6576,26.4909
765.81,26.8737
765.9624,26.7816
766.1148,26.3695
766.2672,25.7794
766.4196,25.2958
766.572,25.0676
766.7244,25.1368
766.8768,25.4519
767.0292,25.8616
767.1816,25.9963
767.334,25.5922
767.4864,24.7638
767.6388,24.0336
767.7912,23.745
767.9436,23.7992
768.096,23.863
768.2484,23.7663
768.4008,23.5849
768.5532,23.4813
768.7056,23.5891
768.858,23.9129
769.0104,24.297
769.1628,24.8645
769.3152,25.8287
769.4676,26.9586
769.62,27.7887
769.7724,27.9775
769.9248,27.5186
770.0772,26.7601
770.2296,25.8881
770.382,25.2091
770.5344,25.2314
770.6868,25.8971
770.8392,26.6268
770.9916,26.9681
771.144,26.8413
771.2964,26.35
771.4488,25.8497
771.6012,25.7825
771.7536,26.1385
771.906,26.5654
772.0584,26.7693
772.2108,26.4732
772.3632,25.7734
772.5156,25.0477
772.668,24.3789
772.8204,23.76
772.9728,23.3418
773.1252,23.0861
773.2776,22.7153
773.43,21.9677
773.5824,20.9453
773.7348,20.0639
773.8872,19.559
774.0396,19.4839
774.192,19.6608
