"DEPTH_WMSF","HCGR"
0.1524,2.1874
0.3048,1.8542
0.4572,2.3934
0.6096,2.0114
0.762,1.676
0.9144,3.638
1.0668,1.5388
1.2192,3.1984
1.3716,4.6016
1.524,4.209
1.6764,4.4702
1.8288,5.9184
1.9812,6.5622
2.1336,8.2022
2.286,8.7022
2.4384,9.7596
2.5908,7.0076
2.7432,8.4954
2.8956,7.3788
3.048,5.8938
3.2004,5.9394
3.3528,6.4554
3.5052,6.1814
3.6576,6.6128
3.81,5.2518
3.9624,5.8146
4.1148,6.0342
4.2672,5.7854
4.4196,4.8392
4.572,4.8066
4.7244,4.6838
4.8768,4.5984
5.0292,3.2546
5.1816,2.5652
5.334,3.2904
5.4864,3.2164
5.6388,2.8318
5.7912,3.556
5.9436,4.0324
6.096,4.0564
6.2484,4.2344
6.4008,4.052
6.5532,4.2944
6.7056,4.6432
6.858,5.8766
7.0104,4.7684
7.1628,4.9992
7.3152,5.2578
7.4676,5.0596
7.62,4.7058
7.7724,5.3412
7.9248,6.0566
8.0772,6.7626
8.2296,6.0392
8.382,5.446
8.5344,3.6368
8.6868,4.5052
8.8392,5.0954
8.9916,5.5044
9.144,4.6354
9.2964,4.8032
9.4488,4.3976
9.6012,4.8536
9.7536,4.5516
9.906,4.4038
10.0584,4.0662
10.2108,4.4448
10.3632,4.2264
10.5156,4.0988
10.668,4.1078
10.8204,4.6218
10.9728,4.765
11.1252,4.39
11.2776,4.67
11.43,5.0764
11.5824,5.6586
11.7348,6.415
11.8872,7.812
12.0396,6.8658
12.192,6.5326
12.3444,6.8778
12.4968,6.3976
12.6492,6.4422
12.8016,8.158
12.954,7.4144
13.1064,7.7872
13.2588,7.109
13.4112,8.3266
13.5636,7.1992
13.716,6.9332
13.8684,6.1964
14.0208,6.9908
14.1732,6.5012
14.3256,5.3548
14.478,4.209
14.6304,2.703
14.7828,1.1006
14.9352,1.4262
15.0876,1.6416
15.24,1.3962
15.3924,1.2846
15.5448,1.386
15.6972,0.5404
15.8496,0.8434
16.002,1.427
16.1544,2.0112
16.3068,4.1242
16.4592,5.6972
16.6116,5.0016
16.764,6.1256
16.9164,5.9644
17.0688,6.0662
17.2212,7.0218
17.3736,7.3384
17.526,6.3756
17.6784,5.5896
17.8308,5.9756
17.9832,7.1176
18.1356,7.039
18.288,7.5248
18.4404,6.2948
18.5928,6.1604
18.7452,6.9668
18.8976,6.7476
19.05,8.9786
19.2024,8.6236
19.3548,9.159
19.5072,7.908
19.6596,7.9
19.812,7.248
19.9644,8.2972
20.1168,10.0642
20.2692,10.3668
20.4216,9.97
20.574,8.8366
20.7264,7.4266
20.8788,7.9804
21.0312,7.479
21.1836,7.4736
21.336,7.4164
21.4884,8.2458
21.6408,7.7656
21.7932,7.286
21.9456,7.3486
22.098,7.8868
22.2504,6.1856
22.4028,8.0092
22.5552,7.638
22.7076,7.1228
22.86,6.8512
23.0124,7.4688
23.1648,7.2698
23.3172,7.6366
23.4696,6.9748
23.622,5.669
23.7744,5.7274
23.9268,7.4306
24.0792,6.7614
24.2316,5.838
24.384,7.2164
24.5364,8.1012
24.6888,6.8674
24.8412,7.4448
24.9936,8.5882
25.146,10.9026
25.2984,12.1076
25.4508,11.3034
25.6032,10.276
25.7556,10.1818
25.908,11.6068
26.0604,10.5836
26.2128,9.3844
26.3652,8.1002
26.5176,6.3094
26.67,5.9904
26.8224,6.9204
26.9748,7.1258
27.1272,6.8464
27.2796,6.3748
27.432,5.7184
27.5844,5.115
27.7368,4.6582
27.8892,4.7094
28.0416,5.9272
28.194,7.6828
28.3464,6.78
28.4988,4.9988
28.6512,6.3866
28.8036,6.3526
28.956,6.955
29.1084,6.0024
29.2608,5.8656
29.4132,5.7484
29.5656,4.774
29.718,3.884
29.8704,4.0376
30.0228,5.9232
30.1752,5.8966
30.3276,4.4898
30.48,3.5232
30.6324,4.3338
30.7848,4.3954
30.9372,4.979
31.0896,5.0694
31.242,7.1666
31.3944,8.2554
31.5468,8.6282
31.6992,7.821
31.8516,7.479
32.004,8.2334
32.1564,6.971
32.3088,7.2004
32.4612,5.8088
32.6136,6.2788
32.766,6.5406
32.9184,4.991
33.0708,5.099
33.2232,3.7394
33.3756,4.5268
33.528,5.3644
33.6804,5.5822
33.8328,7.7998
33.9852,6.762
34.1376,6.5638
34.29,5.6302
34.4424,4.6088
34.5948,6.4726
34.7472,6.9372
34.8996,8.5732
35.052,6.6176
35.2044,5.716
35.3568,5.0622
35.5092,5.6806
35.6616,7.406
35.814,6.5144
35.9664,6.6322
36.1188,7.1888
36.2712,7.6002
36.4236,6.7224
36.576,4.8596
36.7284,5.1938
36.8808,5.2856
37.0332,5.4406
37.1856,4.9048
37.338,4.0654
37.4904,5.962
37.6428,5.4284
37.7952,5.7852
37.9476,6.3182
38.1,6.4026
38.2524,6.5598
38.4048,7.233
38.5572,7.3948
38.7096,7.1158
38.862,6.6724
39.0144,6.9244
39.1668,5.381
39.3192,6.1558
39.4716,5.893
39.624,6.0612
39.7764,5.9222
39.9288,6.2384
40.0812,3.8162
40.2336,3.834
40.386,3.2792
40.5384,3.6784
40.6908,4.4546
40.8432,3.7552
40.9956,2.4718
41.148,2.9448
41.3004,2.5138
41.4528,2.8096
41.6052,3.0926
41.7576,4.4172
41.91,4.9722
42.0624,5.1116
42.2148,4.5534
42.3672,4.9564
42.5196,4.3672
42.672,5.384
42.8244,4.4538
42.9768,5.448
43.1292,6.4676
43.2816,7.2452
43.434,8.3286
43.5864,7.1768
43.7388,7.4844
43.8912,7.749
44.0436,7.4736
44.196,8.73
44.3484,7.3924
44.5008,8.2608
44.6532,7.4648
44.8056,9.5884
44.958,9.9768
45.1104,8.6982
45.2628,8.688
45.4152,10.2036
45.5676,11.3132
45.72,9.786
45.8724,6.806
46.0248,5.4878
46.1772,6.0958
46.3296,6.5658
46.482,3.8364
46.6344,3.9764
46.7868,3.7278
46.9392,5.4806
47.0916,4.5622
47.244,3.4118
47.3964,3.2682
47.5488,4.1404
47.7012,3.9386
47.8536,3.476
48.006,4.5398
48.1584,5.9512
48.3108,9.2846
48.4632,8.7192
48.6156,6.2632
48.768,7.1558
48.9204,7.0782
49.0728,9.1194
49.2252,7.6034
49.3776,8.534
49.53,7.4584
49.6824,6.363
49.8348,5.5772
49.9872,5.2244
50.1396,7.2466
50.292,8.8916
50.4444,8.0392
50.5968,8.2978
50.7492,6.7036
50.9016,6.5934
51.054,6.8448
51.2064,7.8598
51.3588,8.0844
51.5112,9.7256
51.6636,8.95
51.816,6.9856
51.9684,6.109
52.1208,6.0514
52.2732,5.19
52.4256,5.5636
52.578,6.351
52.7304,5.7708
52.8828,5.4468
53.0352,6.5674
53.1876,6.0484
53.34,6.5452
53.4924,6.7692
53.6448,6.7968
53.7972,7.8996
53.9496,6.7822
54.102,6.5958
54.2544,4.5768
54.4068,4.9424
54.5592,5.2222
54.7116,5.2786
54.864,4.466
55.0164,3.9082
55.1688,3.6216
55.3212,2.8492
55.4736,2.155
55.626,2.1694
55.7784,2.3902
55.9308,3.3806
56.0832,3.0292
56.2356,5.085
56.388,5.2572
56.5404,6.509
56.6928,5.8834
56.8452,6.9482
56.9976,5.7322
57.15,5.4146
57.3024,4.7658
57.4548,5.1492
57.6072,5.0538
57.7596,6.8396
57.912,5.732
58.0644,6.4896
58.2168,5.62
58.3692,5.9854
58.5216,5.1152
58.674,5.2256
58.8264,5.1668
58.9788,5.3586
59.1312,4.937
59.2836,4.6298
59.436,3.9464
59.5884,3.5158
59.7408,3.3696
59.8932,3.9794
60.0456,3.234
60.198,4.191
60.3504,4.833
60.5028,4.7442
60.6552,5.998
60.8076,5.4342
60.96,5.7062
61.1124,5.9562
61.2648,6.1006
61.4172,5.2374
61.5696,5.1314
61.722,5.0652
61.8744,4.7012
62.0268,4.6966
62.1792,5.7452
62.3316,5.5004
62.484,5.7428
62.6364,6.5486
62.7888,4.7602
62.9412,4.4656
63.0936,5.8374
63.246,5.6494
63.3984,7.7074
63.5508,8.627
63.7032,9.3422
63.8556,7.7456
64.008,7.6436
64.1604,7.354
64.3128,8.0664
64.4652,10.6944
64.6176,9.9328
64.77,9.5716
64.9224,8.6332
65.0748,6.8666
65.2272,6.9208
65.3796,7.3934
65.532,7.7162
65.6844,6.8146
65.8368,7.9048
65.9892,7.5982
66.1416,6.5864
66.294,5.673
66.4464,4.1178
66.5988,4.1966
66.7512,3.4514
66.9036,2.3702
67.056,1.6412
67.2084,2.491
67.3608,2.9438
67.5132,3.5704
67.6656,3.8838
67.818,3.5112
67.9704,3.9606
68.1228,5.2806
68.2752,6.1408
68.4276,8.7344
68.58,8.4234
68.7324,10.8334
68.8848,8.2024
69.0372,8.5568
69.1896,7.3482
69.342,6.8938
69.4944,7.3924
69.6468,7.3842
69.7992,7.3112
69.9516,6.9734
70.104,6.0346
70.2564,6.8164
70.4088,4.848
70.5612,6.1716
70.7136,6.054
70.866,5.5042
71.0184,5.6908
71.1708,5.4642
71.3232,5.324
71.4756,5.0776
71.628,4.3484
71.7804,4.7476
71.9328,3.8998
72.0852,4.9754
72.2376,5.5648
72.39,4.8912
72.5424,5.7696
72.6948,5.7752
72.8472,7.837
72.9996,7.336
73.152,7.553
73.3044,7.9742
73.4568,7.3152
73.6092,8.4282
73.7616,8.0758
73.914,7.9578
74.0664,9.4254
74.2188,8.5408
74.3712,7.067
74.5236,5.8472
74.676,5.515
74.8284,5.4824
74.9808,5.6242
75.1332,5.3566
75.2856,4.6246
75.438,4.0324
75.5904,3.5482
75.7428,2.8244
75.8952,2.1296
76.0476,2.0446
76.2,2.5358
76.3524,3.356
76.5048,3.6468
76.6572,3.9008
76.8096,5.4306
76.962,5.5792
77.1144,5.8962
77.2668,6.6906
77.4192,5.6994
77.5716,9.1626
77.724,9.0752
77.8764,9.0758
78.0288,8.6966
78.1812,8.2936
78.3336,8.465
78.486,8.092
78.6384,8.9348
78.7908,8.5676
78.9432,8.723
79.0956,9.084
79.248,4.9788
79.4004,4.9308
79.5528,4.63
79.7052,5.6304
79.8576,7.4142
80.01,6.1048
80.1624,7.1586
80.3148,6.003
80.4672,5.703
80.6196,6.4148
80.772,8.866
80.9244,10.3728
81.0768,9.1946
81.2292,7.964
81.3816,7.6772
81.534,6.6262
81.6864,7.6624
81.8388,6.0456
81.9912,6.3364
82.1436,7.5166
82.296,5.854
82.4484,4.8056
82.6008,4.5248
82.7532,4.5462
82.9056,4.6022
83.058,4.4654
83.2104,5.6154
83.3628,7.4212
83.5152,7.7192
83.6676,5.7676
83.82,5.5964
83.9724,6.472
84.1248,10.5842
84.2772,14.164
84.4296,7.7226
84.582,8.4257
84.7344,9.5331
84.8868,8.9235
85.0392,8.0723
85.1916,7.5313
85.344,9.9748
85.4964,8.8995
85.6488,8.1505
85.8012,7.6839
85.9536,8.52
86.106,8.516
86.2584,8.8041
86.4108,8.1074
86.5632,8.8304
86.7156,8.356
86.868,9.5108
87.0204,8.7262
87.1728,9.0924
87.3252,9.8001
87.4776,9.9239
87.63,9.5729
87.7824,10.1267
87.9348,9.6671
88.0872,9.4435
88.2396,8.9701
88.392,9.9245
88.5444,9.822
88.6968,10.8462
88.8492,9.8182
89.0016,10.1012
89.154,9.4799
89.3064,12.2008
89.4588,12.3669
89.6112,12.961
89.7636,11.0137
89.916,11.4739
90.0684,10.0582
90.2208,9.1818
90.3732,9.3348
90.5256,10.5501
90.678,11.0993
90.8304,11.1234
90.9828,10.0202
91.1352,9.157
91.2876,8.7161
91.44,9.8628
91.5924,8.718
91.7448,9.586
91.8972,11.3881
92.0496,10.4589
92.202,9.0188
92.3544,9.0003
92.5068,7.2784
92.6592,7.2144
92.8116,8.0187
92.964,9.5561
93.1164,8.8576
93.2688,9.2932
93.4212,9.5015
93.5736,8.4735
93.726,9.0088
93.8784,9.3935
94.0308,9.5245
94.1832,9.1986
94.3356,10.1886
94.488,9.5656
94.6404,10.0979
94.7928,12.2443
94.9452,11.7746
95.0976,10.9928
95.25,10.7351
95.4024,10.8328
95.5548,10.5938
95.7072,13.3397
95.8596,13.5696
96.012,12.835
96.1644,12.6307
96.3168,12.3024
96.4692,11.7856
96.6216,12.8297
96.774,13.8781
96.9264,14.3818
97.0788,14.4801
97.2312,14.1769
97.3836,14.1642
97.536,15.1408
97.6884,15.4495
97.8408,13.8689
97.9932,13.2536
98.1456,12.0277
98.298,11.6604
98.4504,11.3127
98.6028,11.1704
98.7552,11.296
98.9076,10.8163
99.06,10.5742
99.2124,10.3056
99.3648,10.3342
99.5172,10.5336
99.6696,11.6613
99.822,12.1471
99.9744,10.9718
100.1268,11.885
100.2792,10.9792
100.4316,10.0806
100.584,11.7895
100.7364,11.8692
100.8888,10.0192
101.0412,8.735
101.1936,9.4635
101.346,8.4962
101.4984,10.6117
101.6508,9.9516
101.8032,8.6452
101.9556,9.523
102.108,10.2573
102.2604,10.9534
102.4128,10.7343
102.5652,11.8279
102.7176,11.6381
102.87,12.2464
103.0224,13.0273
103.1748,13.0832
103.3272,12.7719
103.4796,13.3599
103.632,13.2855
103.7844,13.8103
103.9368,11.9778
104.0892,12.0512
104.2416,11.4775
104.394,11.3037
104.5464,10.1693
104.6988,10.4836
104.8512,9.7893
105.0036,9.8575
105.156,8.6027
105.3084,8.1542
105.4608,8.6111
105.6132,9.8057
105.7656,9.7184
105.918,10.6188
106.0704,11.9051
106.2228,10.9729
106.3752,10.4834
106.5276,8.8064
106.68,8.7554
106.8324,9.5823
106.9848,8.8069
107.1372,9.4291
107.2896,10.2107
107.442,10.8368
107.5944,10.0299
107.7468,9.1432
107.8992,9.5418
108.0516,9.9388
108.204,10.3618
108.3564,9.464
108.5088,9.2295
108.6612,8.8523
108.8136,8.6426
108.966,7.3292
109.1184,7.6331
109.2708,7.8624
109.4232,7.1154
109.5756,7.5833
109.728,7.4204
109.8804,8.9872
110.0328,8.6096
110.1852,9.7602
110.3376,10.0126
110.49,10.0608
110.6424,9.8415
110.7948,11.7347
110.9472,11.2026
111.0996,12.0048
111.252,11.7426
111.4044,12.9237
111.5568,13.3448
111.7092,14.1128
111.8616,13.8369
112.014,13.6564
112.1664,13.1606
112.3188,13.2911
112.4712,12.5934
112.6236,12.0323
112.776,12.158
112.9284,11.3451
113.0808,10.6501
113.2332,12.363
113.3856,12.0864
113.538,10.4128
113.6904,10.3798
113.8428,10.2272
113.9952,10.3076
114.1476,10.9551
114.3,11.6872
114.4524,10.3489
114.6048,9.3719
114.7572,8.3928
114.9096,8.0063
115.062,9.0931
115.2144,9.8656
115.3668,7.7937
115.5192,8.4813
115.6716,8.4861
115.824,8.6241
115.9764,8.5748
116.1288,8.1308
116.2812,8.8668
116.4336,10.3908
116.586,11.7645
116.7384,12.4237
116.8908,13.0026
117.0432,13.7567
117.1956,13.0529
117.348,13.8955
117.5004,13.765
117.6528,13.444
117.8052,13.2321
117.9576,13.069
118.11,11.791
118.2624,10.8277
118.4148,10.0884
118.5672,10.2309
118.7196,10.0528
118.872,10.1039
119.0244,9.2778
119.1768,10.653
119.3292,10.4515
119.4816,10.5166
119.634,11.2753
119.7864,11.6145
119.9388,11.5478
120.0912,11.3129
120.2436,11.6044
120.396,11.2055
120.5484,9.714
120.7008,8.4797
120.8532,8.5132
121.0056,8.307
121.158,8.1171
121.3104,8.1427
121.4628,8.2178
121.6152,7.264
121.7676,7.5167
121.92,6.4433
122.0724,7.8525
122.2248,8.743
122.3772,9.6013
122.5296,8.003
122.682,8.8687
122.8344,10.4494
122.9868,10.575
123.1392,10.9208
123.2916,11.0661
123.444,10.7942
123.5964,9.8602
123.7488,7.9483
123.9012,8.1678
124.0536,9.2434
124.206,9.4412
124.3584,9.3416
124.5108,9.1537
124.6632,9.8138
124.8156,10.7464
124.968,10.5518
125.1204,8.9794
125.2728,8.9949
125.4252,8.1339
125.5776,7.79
125.73,7.6091
125.8824,8.6277
126.0348,9.4035
126.1872,9.3952
126.3396,10.2321
126.492,10.7499
126.6444,11.3954
126.7968,12.4057
126.9492,12.135
127.1016,12.4904
127.254,12.6633
127.4064,11.8183
127.5588,12.126
127.7112,11.4629
127.8636,11.9581
128.016,12.1021
128.1684,10.3844
128.3208,9.8788
128.4732,8.2162
128.6256,8.4719
128.778,8.7234
128.9304,8.9847
129.0828,9.8518
129.2352,9.0744
129.3876,10.2625
129.54,9.7018
129.6924,9.3608
129.8448,9.8862
129.9972,9.6699
130.1496,9.2238
130.302,9.2928
130.4544,9.8557
130.6068,10.7798
130.7592,11.2026
130.9116,11.8834
131.064,11.7229
131.2164,11.1068
131.3688,11.8289
131.5212,10.9277
131.6736,10.9308
131.826,11.1372
131.9784,12.2473
132.1308,10.7345
132.2832,11.1852
132.4356,11.6657
132.588,12.6178
132.7404,12.817
132.8928,11.8056
133.0452,8.7034
133.1976,8.4778
133.35,9.08
133.5024,8.4262
133.6548,8.4429
133.8072,8.4734
133.9596,8.711
134.112,9.6212
134.2644,10.106
134.4168,9.3039
134.5692,10.3654
134.7216,12.1712
134.874,11.8958
135.0264,11.8771
135.1788,11.7178
135.3312,10.3648
135.4836,10.7956
135.636,12.1179
135.7884,12.449
135.9408,12.4638
136.0932,11.9818
136.2456,10.6298
136.398,10.2948
136.5504,9.7614
136.7028,10.1702
136.8552,12.1549
137.0076,11.3498
137.16,11.6723
137.3124,10.461
137.4648,10.3108
137.6172,11.3145
137.7696,11.0971
137.922,13.6918
138.0744,13.6657
138.2268,13.6108
138.3792,11.9623
138.5316,11.3667
138.684,11.8473
138.8364,13.0487
138.9888,13.3223
139.1412,13.8358
139.2936,12.3805
139.446,12.867
139.5984,11.3923
139.7508,12.3199
139.9032,12.9827
140.0556,14.2282
140.208,13.8071
140.3604,14.9915
140.5128,13.6175
140.6652,14.4832
140.8176,15.2002
140.97,16.7627
141.1224,15.8381
141.2748,16.2567
141.4272,16.1781
141.5796,14.2108
141.732,13.1276
141.8844,12.1483
142.0368,11.2105
142.1892,11.8819
142.3416,12.5995
142.494,13.0262
142.6464,13.0134
142.7988,12.2964
142.9512,10.76
143.1036,8.5601
143.256,9.0123
143.4084,9.306
143.5608,9.9404
143.7132,9.8405
143.8656,8.8345
144.018,9.3115
144.1704,9.278
144.3228,8.5899
144.4752,8.7472
144.6276,10.0617
144.78,11.9244
144.9324,11.7103
145.0848,12.2045
145.2372,11.7036
145.3896,13.9587
145.542,14.3536
145.6944,14.8769
145.8468,16.6359
145.9992,17.6522
146.1516,17.7601
146.304,16.1926
146.4564,15.687
146.6088,15.1768
146.7612,15.2861
146.9136,14.0603
147.066,13.0305
147.2184,13.6666
147.3708,13.7548
147.5232,15.6906
147.6756,16.9502
147.828,17.0904
147.9804,16.8719
148.1328,17.881
148.2852,19.1176
148.4376,17.9317
148.59,17.8966
148.7424,16.6492
148.8948,17.1546
149.0472,16.9588
149.1996,15.7646
149.352,14.311
149.5044,13.4927
149.6568,12.3383
149.8092,12.5465
149.9616,11.6211
150.114,12.6726
150.2664,10.3455
150.4188,10.3746
150.5712,10.7565
150.7236,11.2805
150.876,11.6647
151.0284,12.6072
151.1808,14.3054
151.3332,14.7243
151.4856,14.4732
151.638,13.9005
151.7904,12.6189
151.9428,13.389
152.0952,13.2072
152.2476,11.4307
152.4,10.3596
152.5524,11.2618
152.7048,11.7653
152.8572,12.0247
153.0096,11.8298
153.162,12.738
153.3144,14.3303
153.4668,16.2385
153.6192,15.1972
153.7716,15.771
153.924,15.4328
154.0764,16.4763
154.2288,17.8705
154.3812,18.8646
154.5336,19.5536
154.686,19.0037
154.8384,17.2967
154.9908,14.8164
155.1432,15.6904
155.2956,15.9754
155.448,15.7019
155.6004,15.9471
155.7528,17.784
155.9052,16.5336
156.0576,15.1636
156.21,15.7909
156.3624,17.8145
156.5148,17.6698
156.6672,19.9343
156.8196,17.8503
156.972,18.4407
157.1244,18.3887
157.2768,18.4373
157.4292,17.1852
157.5816,17.5363
157.734,18.7246
157.8864,21.1331
158.0388,23.0253
158.1912,23.2561
158.3436,22.9143
158.496,23.1234
158.6484,23.7447
158.8008,24.9545
158.9532,27.2562
159.1056,27.7272
159.258,27.6814
159.4104,25.9583
159.5628,23.0653
159.7152,21.9243
159.8676,20.2425
160.02,18.6981
160.1724,18.0889
160.3248,18.7792
160.4772,19.0272
160.6296,18.8037
160.782,18.1319
160.9344,17.5529
161.0868,18.2454
161.2392,20.4573
161.3916,22.116
161.544,24.593
161.6964,24.4886
161.8488,24.6686
162.0012,23.3757
162.1536,23.5476
162.306,24.1804
162.4584,21.6612
162.6108,20.5868
162.7632,20.8279
162.9156,21.3044
163.068,21.728
163.2204,24.3394
163.3728,25.3206
163.5252,26.1776
163.6776,25.4483
163.83,25.1379
163.9824,25.0473
164.1348,27.0232
164.2872,27.2784
164.4396,28.8752
164.592,30.9321
164.7444,33.1961
164.8968,31.3342
165.0492,30.6467
165.2016,31.2275
165.354,31.5525
165.5064,31.8395
165.6588,32.026
165.8112,34.2934
165.9636,35.6627
166.116,34.8284
166.2684,31.3562
166.4208,28.4502
166.5732,26.9688
166.7256,25.5347
166.878,22.2892
167.0304,21.7163
167.1828,21.3143
167.3352,22.1215
167.4876,22.3834
167.64,24.454
167.7924,26.2608
167.9448,27.6478
168.0972,26.1822
168.2496,25.3006
168.402,21.9878
168.5544,22.5391
168.7068,20.7527
168.8592,20.3979
169.0116,20.4763
169.164,20.7397
169.3164,20.829
169.4688,20.6653
169.6212,21.9234
169.7736,22.7062
169.926,21.1802
170.0784,22.4705
170.2308,23.5998
170.3832,26.2763
170.5356,29.7582
170.688,30.7882
170.8404,29.5146
170.9928,30.5276
171.1452,30.0198
171.2976,30.5404
171.45,31.6778
171.6024,31.8078
171.7548,28.8696
171.9072,29.3903
172.0596,29.2693
172.212,26.7403
172.3644,25.5589
172.5168,27.1227
172.6692,27.7492
172.8216,27.0056
172.974,23.668
173.1264,24.2026
173.2788,25.6266
173.4312,26.6675
173.5836,25.8659
173.736,25.446
173.8884,24.5823
174.0408,24.0944
174.1932,22.6078
174.3456,21.9019
174.498,22.8565
174.6504,23.7364
174.8028,24.5494
174.9552,26.0525
175.1076,26.4493
175.26,26.2579
175.4124,30.9217
175.5648,29.2712
175.7172,26.6818
175.8696,24.3159
176.022,24.916
176.1744,26.5594
176.3268,28.2337
176.4792,29.3231
176.6316,28.7497
176.784,28.9744
176.9364,27.9904
177.0888,22.8831
177.2412,22.3055
177.3936,21.6341
177.546,21.8853
177.6984,20.1476
177.8508,17.9314
178.0032,16.843
178.1556,16.4792
178.308,16.6054
178.4604,13.6966
178.6128,13.3739
178.7652,14.7393
178.9176,14.4632
179.07,15.9778
179.2224,17.6157
179.3748,17.5265
179.5272,18.6906
179.6796,19.9974
179.832,21.6432
179.9844,22.264
180.1368,25.5507
180.2892,26.2983
180.4416,27.1245
180.594,27.1434
180.7464,24.8673
180.8988,23.5544
181.0512,22.9007
181.2036,21.7522
181.356,19.828
181.5084,20.7554
181.6608,25.0608
181.8132,22.5551
181.9656,23.0033
182.118,22.5893
182.2704,23.8287
182.4228,24.3012
182.5752,25.3536
182.7276,26.071
182.88,26.4246
183.0324,28.1758
183.1848,26.652
183.3372,23.3819
183.4896,22.1704
183.642,22.2832
183.7944,22.3698
183.9468,22.6663
184.0992,20.434
184.2516,20.1919
184.404,18.8431
184.5564,19.457
184.7088,20.1282
184.8612,22.029
185.0136,21.0251
185.166,23.1755
185.3184,23.5926
185.4708,27.0641
185.6232,27.6643
185.7756,29.64
185.928,26.0057
186.0804,25.7487
186.2328,25.4765
186.3852,25.8062
186.5376,26.3996
186.69,30.1517
186.8424,31.0653
186.9948,32.9974
187.1472,32.6032
187.2996,32.1581
187.452,31.1805
187.6044,32.012
187.7568,31.5568
187.9092,28.2993
188.0616,26.5047
188.214,23.9039
188.3664,25.9113
188.5188,26.5125
188.6712,29.2863
188.8236,26.2262
188.976,26.9348
189.1284,25.6154
189.2808,24.8133
189.4332,23.5437
189.5856,23.4588
189.738,22.2838
189.8904,22.6351
190.0428,23.2921
190.1952,24.9284
190.3476,25.0255
190.5,24.4644
190.6524,24.0188
190.8048,26.4331
190.9572,29.2342
191.1096,29.7624
191.262,25.4909
191.4144,23.8866
191.5668,21.1317
191.7192,23.4322
191.8716,21.7421
192.024,20.5392
192.1764,20.3576
192.3288,21.3532
192.4812,23.6136
192.6336,21.8007
192.786,22.5777
192.9384,23.7668
193.0908,24.4459
193.2432,23.9993
193.3956,25.3762
193.548,26.0468
193.7004,27.4778
193.8528,29.7477
194.0052,34.2038
194.1576,35.8372
194.31,36.4146
194.4624,36.9633
194.6148,35.938
194.7672,38.2362
194.9196,37.6147
195.072,36.2046
195.2244,34.5435
195.3768,34.0739
195.5292,31.7435
195.6816,31.9797
195.834,32.244
195.9864,35.2931
196.1388,35.4152
196.2912,33.6662
196.4436,29.8711
196.596,26.2325
196.7484,23.6547
196.9008,23.017
197.0532,21.6796
197.2056,22.0726
197.358,23.6467
197.5104,23.3615
197.6628,23.7185
197.8152,21.1064
197.9676,20.4738
198.12,21.0949
198.2724,20.1874
198.4248,19.141
198.5772,17.0465
198.7296,18.2198
198.882,19.7315
199.0344,20.2278
199.1868,20.9255
199.3392,21.2801
199.4916,25.6753
199.644,24.9295
199.7964,21.8635
199.9488,22.8475
200.1012,26.182
200.2536,29.0219
200.406,29.7244
200.5584,29.8735
200.7108,27.535
200.8632,29.7036
201.0156,28.9075
201.168,27.743
201.3204,26.753
201.4728,28.3958
201.6252,29.3219
201.7776,31.1598
201.93,31.4853
202.0824,29.6092
202.2348,26.9588
202.3872,25.6854
202.5396,24.4636
202.692,24.0922
202.8444,25.4131
202.9968,24.5929
203.1492,24.2002
203.3016,23.2498
203.454,21.0445
203.6064,19.1774
203.7588,20.0224
203.9112,22.8274
204.0636,27.7695
204.216,30.5924
204.3684,32.8439
204.5208,29.4111
204.6732,27.2602
204.8256,26.7095
204.978,24.052
205.1304,23.8837
205.2828,24.4581
205.4352,25.8288
205.5876,23.3156
205.74,21.7978
205.8924,20.4361
206.0448,18.5526
206.1972,19.0726
206.3496,19.315
206.502,20.5285
206.6544,22.7473
206.8068,21.4361
206.9592,23.9953
207.1116,22.4935
207.264,22.4682
207.4164,19.1624
207.5688,18.0425
207.7212,17.0564
207.8736,17.7976
208.026,18.8548
208.1784,18.4165
208.3308,18.9331
208.4832,21.4691
208.6356,20.9722
208.788,21.6827
208.9404,20.4506
209.0928,21.419
209.2452,21.3358
209.3976,20.0456
209.55,18.3113
209.7024,17.7144
209.8548,19.3416
210.0072,20.105
210.1596,21.2767
210.312,20.8764
210.4644,21.0548
210.6168,20.6143
210.7692,21.8138
210.9216,22.0958
211.074,22.5013
211.2264,23.8875
211.3788,23.4125
211.5312,23.6025
211.6836,21.4184
211.836,20.2609
211.9884,21.428
212.1408,22.0846
212.2932,22.0307
212.4456,22.6808
212.598,23.6894
212.7504,23.2322
212.9028,23.2344
213.0552,22.5223
213.2076,21.126
213.36,21.5675
213.5124,22.8511
213.6648,20.7463
213.8172,22.1211
213.9696,24.3264
214.122,25.3459
214.2744,24.5529
214.4268,25.3185
214.5792,26.3584
214.7316,28.5493
214.884,32.4656
215.0364,36.5647
215.1888,39.3471
215.3412,42.0838
215.4936,41.0613
215.646,41.1303
215.7984,39.6361
215.9508,40.4709
216.1032,36.075
216.2556,34.225
216.408,35.0563
216.5604,36.1683
216.7128,34.6285
216.8652,29.9939
217.0176,28.9763
217.17,27.2582
217.3224,28.2472
217.4748,25.7293
217.6272,25.0339
217.7796,25.2586
217.932,24.3654
218.0844,22.4892
218.2368,20.6456
218.3892,20.8619
218.5416,21.3568
218.694,22.1994
218.8464,22.0014
218.9988,21.6917
219.1512,22.3076
219.3036,21.9911
219.456,20.5703
219.6084,17.8981
219.7608,18.4869
219.9132,18.4674
220.0656,19.5088
220.218,18.9745
220.3704,17.3146
220.5228,17.5599
220.6752,16.926
220.8276,16.688
220.98,16.5259
221.1324,17.6286
221.2848,17.8041
221.4372,18.6634
221.5896,17.0225
221.742,15.847
221.8944,18.3623
222.0468,20.4143
222.1992,22.3292
222.3516,22.5388
222.504,23.3019
222.6564,23.6802
222.8088,24.2557
222.9612,24.7563
223.1136,25.0106
223.266,23.4554
223.4184,21.7692
223.5708,21.314
223.7232,24.7997
223.8756,28.3412
224.028,28.7419
224.1804,28.0622
224.3328,25.7135
224.4852,24.4739
224.6376,24.7248
224.79,23.198
224.9424,22.4494
225.0948,24.5117
225.2472,22.6166
225.3996,21.9684
225.552,21.4905
225.7044,22.1878
225.8568,23.657
226.0092,23.1068
226.1616,23.0161
226.314,20.6511
226.4664,19.6078
226.6188,19.7972
226.7712,16.8146
226.9236,17.4404
227.076,15.9607
227.2284,15.3488
227.3808,17.0155
227.5332,16.835
227.6856,16.4141
227.838,16.5591
227.9904,15.2018
228.1428,15.0893
228.2952,15.2901
228.4476,15.5942
228.6,16.1709
228.7524,17.1955
228.9048,15.1004
229.0572,14.4447
229.2096,13.9818
229.362,15.2864
229.5144,14.3295
229.6668,15.0274
229.8192,15.4464
229.9716,13.7513
230.124,13.8141
230.2764,14.1769
230.4288,11.9088
230.5812,13.2371
230.7336,12.9883
230.886,13.226
231.0384,15.124
231.1908,16.9879
231.3432,16.1323
231.4956,14.9894
231.648,16.3192
231.8004,17.0363
231.9528,18.0693
232.1052,18.9218
232.2576,19.3018
232.41,18.3027
232.5624,19.7344
232.7148,18.1537
232.8672,20.7821
233.0196,22.6831
233.172,22.4598
233.3244,20.0813
233.4768,19.6332
233.6292,18.9214
233.7816,16.8873
233.934,16.8161
234.0864,16.8844
234.2388,16.7888
234.3912,17.1426
234.5436,16.6502
234.696,16.986
234.8484,16.8449
235.0008,17.1737
235.1532,18.0412
235.3056,18.5595
235.458,19.3796
235.6104,20.173
235.7628,19.8824
235.9152,19.6509
236.0676,19.8122
236.22,20.6397
236.3724,21.5898
236.5248,23.7905
236.6772,24.5702
236.8296,24.804
236.982,24.0543
237.1344,23.769
237.2868,24.3538
237.4392,25.4895
237.5916,25.1181
237.744,23.2726
237.8964,21.534
238.0488,22.8303
238.2012,24.985
238.3536,26.3894
238.506,26.3782
238.6584,26.2181
238.8108,26.4787
238.9632,27.2005
239.1156,26.0538
239.268,27.6374
239.4204,25.4143
239.5728,23.2354
239.7252,21.4057
239.8776,20.8877
240.03,22.3712
240.1824,23.1669
240.3348,24.0866
240.4872,25.3752
240.6396,25.2441
240.792,24.3338
240.9444,21.8891
241.0968,23.0742
241.2492,25.1379
241.4016,28.5633
241.554,28.0793
241.7064,29.9584
241.8588,31.6381
242.0112,33.6986
242.1636,31.7203
242.316,29.5144
242.4684,28.1835
242.6208,30.8873
242.7732,32.02
242.9256,31.9798
243.078,28.3921
243.2304,27.3479
243.3828,23.4002
243.5352,21.1574
243.6876,19.7476
243.84,18.3403
243.9924,18.6981
244.1448,19.5383
244.2972,20.3453
244.4496,21.1679
244.602,21.3862
244.7544,19.9045
244.9068,20.3353
245.0592,23.207
245.2116,24.4296
245.364,23.519
245.5164,25.1305
245.6688,27.1077
245.8212,29.1434
245.9736,28.5611
246.126,29.633
246.2784,29.6158
246.4308,28.9273
246.5832,26.6583
246.7356,25.0438
246.888,22.893
247.0404,23.8778
247.1928,24.0525
247.3452,25.3941
247.4976,25.8523
247.65,26.6704
247.8024,24.65
247.9548,22.5709
248.1072,23.7832
248.2596,23.0958
248.412,21.6895
248.5644,18.9247
248.7168,18.585
248.8692,17.9173
249.0216,20.76
249.174,23.237
249.3264,25.3285
249.4788,24.3897
249.6312,21.6934
249.7836,20.0341
249.936,19.5802
250.0884,21.4527
250.2408,24.3635
250.3932,24.2838
250.5456,22.2084
250.698,19.2409
250.8504,17.5037
251.0028,16.3368
251.1552,14.5111
251.3076,14.3505
251.46,12.4549
251.6124,13.3719
251.7648,14.8075
251.9172,15.1086
252.0696,15.3341
252.222,16.5236
252.3744,17.2139
252.5268,16.4723
252.6792,14.2605
252.8316,15.3373
252.984,13.9208
253.1364,14.785
253.2888,15.0375
253.4412,15.2535
253.5936,17.1081
253.746,17.6537
253.8984,18.0752
254.0508,18.1991
254.2032,20.0679
254.3556,19.875
254.508,19.9565
254.6604,22.2446
254.8128,24.8456
254.9652,25.2774
255.1176,25.8565
255.27,23.4082
255.4224,24.5653
255.5748,25.6251
255.7272,25.2529
255.8796,24.3097
256.032,23.6545
256.1844,25.8362
256.3368,24.979
256.4892,25.1916
256.6416,25.6147
256.794,26.0662
256.9464,27.2134
257.0988,23.1072
257.2512,21.2109
257.4036,20.0391
257.556,17.7155
257.7084,17.7583
257.8608,16.2273
258.0132,14.4051
258.1656,13.3449
258.318,12.9479
258.4704,14.1088
258.6228,15.697
258.7752,18.6567
258.9276,20.8135
259.08,23.3141
259.2324,25.2962
259.3848,25.9725
259.5372,26.867
259.6896,26.8501
259.842,26.4018
259.9944,28.3001
260.1468,26.9487
260.2992,25.0712
260.4516,22.4739
260.604,21.958
260.7564,20.8741
260.9088,20.7915
261.0612,21.3206
261.2136,19.7772
261.366,18.7615
261.5184,20.607
261.6708,19.4788
261.8232,17.873
261.9756,16.1415
262.128,14.197
262.2804,13.7506
262.4328,14.7479
262.5852,15.9327
262.7376,16.4437
262.89,18.4769
263.0424,18.8963
263.1948,17.0769
263.3472,16.8337
263.4996,17.0596
263.652,15.8774
263.8044,16.2986
263.9568,16.9256
264.1092,19.3973
264.2616,19.6933
264.414,20.737
264.5664,20.7392
264.7188,21.2806
264.8712,21.4453
265.0236,19.577
265.176,20.5224
265.3284,20.8039
265.4808,24.7343
265.6332,27.909
265.7856,30.123
265.938,30.8828
266.0904,31.4867
266.2428,31.7737
266.3952,30.9358
266.5476,29.9199
266.7,28.6334
266.8524,27.2092
267.0048,29.2367
267.1572,26.3057
267.3096,21.7277
267.462,17.3394
267.6144,16.0925
267.7668,16.3006
267.9192,14.3381
268.0716,14.0727
268.224,14.3529
268.3764,14.9621
268.5288,15.0084
268.6812,15.0853
268.8336,16.7715
268.986,17.5566
269.1384,19.241
269.2908,21.5645
269.4432,24.2749
269.5956,28.5909
269.748,29.4858
269.9004,28.1718
270.0528,25.8882
270.2052,24.6506
270.3576,24.7097
270.51,23.7575
270.6624,26.0012
270.8148,26.6999
270.9672,29.442
271.1196,30.3391
271.272,31.5833
271.4244,32.0759
271.5768,31.097
271.7292,32.2078
271.8816,31.3597
272.034,32.2943
272.1864,29.6496
272.3388,29.1338
272.4912,29.255
272.6436,28.9003
272.796,29.8042
272.9484,29.5347
273.1008,31.4429
273.2532,33.6073
273.4056,36.3325
273.558,35.0228
273.7104,34.8349
273.8628,32.8682
274.0152,32.4412
274.1676,29.5019
274.32,28.324
274.4724,25.3498
274.6248,26.876
274.7772,26.9359
274.9296,27.4413
275.082,26.7236
275.2344,27.3269
275.3868,26.3308
275.5392,23.8778
275.6916,21.8147
275.844,19.2689
275.9964,18.5116
276.1488,18.9381
276.3012,18.7828
276.4536,20.3139
276.606,22.2112
276.7584,23.2819
276.9108,23.5754
277.0632,24.8911
277.2156,26.5179
277.368,26.2807
277.5204,28.465
277.6728,28.6708
277.8252,28.2621
277.9776,26.6854
278.13,26.4038
278.2824,26.7998
278.4348,27.4859
278.5872,29.289
278.7396,29.9581
278.892,35.1578
279.0444,34.7372
279.1968,35.4237
279.3492,34.2723
279.5016,35.2219
279.654,32.5084
279.8064,34.6972
279.9588,32.5617
280.1112,32.3061
280.2636,29.7192
280.416,27.307
280.5684,24.1579
280.7208,24.8244
280.8732,25.3729
281.0256,23.2172
281.178,22.5215
281.3304,21.7205
281.4828,18.4769
281.6352,18.4613
281.7876,17.4487
281.94,19.5481
282.0924,19.1407
282.2448,18.9387
282.3972,17.2003
282.5496,17.4443
282.702,17.4982
282.8544,18.2299
283.0068,16.1947
283.1592,17.5481
283.3116,19.0294
283.464,20.8068
283.6164,22.4114
283.7688,22.1822
283.9212,21.3306
284.0736,20.2844
284.226,21.9152
284.3784,22.7294
284.5308,21.1667
284.6832,22.6398
284.8356,21.6605
284.988,20.8314
285.1404,20.2187
285.2928,18.3952
285.4452,18.824
285.5976,20.9079
285.75,23.072
285.9024,21.3655
286.0548,20.8402
286.2072,22.0091
286.3596,21.4375
286.512,20.6475
286.6644,18.8773
286.8168,19.1479
286.9692,18.7778
287.1216,20.4851
287.274,19.7085
287.4264,18.3563
287.5788,16.9985
287.7312,17.1218
287.8836,18.3548
288.036,19.7405
288.1884,20.2854
288.3408,21.452
288.4932,22.5779
288.6456,22.9157
288.798,21.0209
288.9504,19.6655
289.1028,20.6038
289.2552,22.4888
289.4076,22.2271
289.56,21.4567
289.7124,20.0161
289.8648,20.1487
290.0172,21.4978
290.1696,21.1275
290.322,20.0637
290.4744,20.0884
290.6268,20.7246
290.7792,20.6741
290.9316,20.4085
291.084,21.9474
291.2364,20.0169
291.3888,22.6877
291.5412,23.5305
291.6936,21.6525
291.846,19.034
291.9984,19.6741
292.1508,20.2238
292.3032,19.3181
292.4556,20.7709
292.608,19.4981
292.7604,20.3122
292.9128,22.7072
293.0652,26.0486
293.2176,24.9339
293.37,27.1843
293.5224,28.7861
293.6748,27.0592
293.8272,25.1408
293.9796,24.0974
294.132,23.2993
294.2844,24.3296
294.4368,25.2837
294.5892,23.3248
294.7416,20.4762
294.894,19.4985
295.0464,18.0784
295.1988,16.819
295.3512,15.2585
295.5036,14.4071
295.656,15.0189
295.8084,14.7875
295.9608,13.4963
296.1132,12.6561
296.2656,13.892
296.418,14.2398
296.5704,15.4496
296.7228,16.605
296.8752,16.2948
297.0276,17.6124
297.18,18.7097
297.3324,19.7576
297.4848,20.2192
297.6372,20.6436
297.7896,21.2905
297.942,21.054
298.0944,21.445
298.2468,21.4442
298.3992,20.6474
298.5516,19.6263
298.704,19.1736
298.8564,18.3299
299.0088,18.3988
299.1612,17.9138
299.3136,19.8789
299.466,19.1949
299.6184,19.0311
299.7708,16.6236
299.9232,14.4791
300.0756,14.1066
300.228,14.7329
300.3804,17.3681
300.5328,17.9736
300.6852,19.1388
300.8376,19.0471
300.99,18.2901
301.1424,18.6428
301.2948,18.305
301.4472,17.1878
301.5996,16.4712
301.752,16.2014
301.9044,15.0731
302.0568,13.2579
302.2092,13.896
302.3616,12.6616
302.514,12.4304
302.6664,12.8906
302.8188,13.7724
302.9712,14.5617
303.1236,15.1165
303.276,12.4897
303.4284,11.4872
303.5808,11.5299
303.7332,13.6326
303.8856,12.9885
304.038,12.7802
304.1904,13.4577
304.3428,13.501
304.4952,14.164
304.6476,14.2608
304.8,16.0092
