DEPTH_WMSF,HCGR,helper
0,7.2976,1
0.1524,6.298,1
0.3048,7.0988,1
0.4572,7.3924,1
0.6096,9.0244,1
0.762,6.526,1
0.9144,5.4052,1
1.0668,3.2164,1
1.2192,3.0944,1
1.3716,2.8264,1
1.524,2.5736,1
1.6764,0.0632,1
1.8288,0.0892,1
1.9812,0.504,1
2.1336,1.294,1
2.286,1.3672,1
2.4384,2.2888,1
2.5908,2.2228,1
2.7432,2.5668,1
2.8956,3.1248,1
3.048,2.9912,1
3.2004,3.1952,1
3.3528,3.9764,1
3.5052,4.404,1
3.6576,5.9292,1
3.81,9.9552,1
3.9624,9.6412,1
4.1148,7.5104,1
4.2672,6.906,1
4.4196,5.9812,1
4.572,6.4692,1
4.7244,6.1264,1
4.8768,6.0512,1
5.0292,6.0392,1
5.1816,7.1144,1
5.334,7.858,1
5.4864,5.4704,1
5.6388,6.1656,1
5.7912,6.4956,1
5.9436,7.9396,1
6.096,8.1444,1
6.2484,9.4916,1
6.4008,8.8016,1
6.5532,6.722,1
6.7056,4.0708,1
6.858,3.3628,1
7.0104,3.768,1
7.1628,4.4268,1
7.3152,2.98,1
7.4676,2.6156,1
7.62,2.7876,1
7.7724,2.972,1
7.9248,2.8336,1
8.0772,2.27,1
8.2296,1.7124,1
8.382,1.3148,1
8.5344,0.5596,1
8.6868,0.0256,1
8.8392,0.2788,1
8.9916,0.9892,1
9.144,2.0656,1
9.2964,1.37,1
9.4488,1.4064,1
9.6012,0.0796,1
9.7536,0.0692,1
9.906,1.4044,1
10.0584,1.504,1
10.2108,1.2092,1
10.3632,0.1316,1
10.5156,0.0984,1
10.668,2.6128,1
10.8204,3.7584,1
10.9728,3.7764,1
11.1252,3.0832,1
11.2776,3.4008,1
11.43,3.4732,1
11.5824,3.6336,1
11.7348,3.8284,1
11.8872,4.6388,1
12.0396,5.5064,1
12.192,5.8508,1
12.3444,3.5016,1
12.4968,3.0848,1
12.6492,3.1336,1
12.8016,3.0252,1
12.954,3.1628,1
13.1064,3.6792,1
13.2588,3.3028,1
13.4112,3.3296,1
13.5636,3.4872,1
13.716,4.138,1
13.8684,3.9916,1
14.0208,3.7872,1
14.1732,3.2192,1
14.3256,2.9436,1
14.478,2.9412,1
14.6304,2.7108,1
14.7828,1.8136,1
14.9352,1.6424,1
15.0876,3.6276,1
15.24,4.9128,1
15.3924,3.9536,1
15.5448,3.356,1
15.6972,3.0368,1
15.8496,4.0696,1
16.002,6.2896,1
16.1544,7.0516,1
16.3068,6.658,1
16.4592,8.0668,1
16.6116,6.1388,1
16.764,4.184,1
16.9164,3.5528,1
17.0688,4.3544,1
17.2212,4.1872,1
17.3736,3.7668,1
17.526,5.0048,1
17.6784,6.6196,1
17.8308,7.024,1
17.9832,5.8452,1
18.1356,6.1336,1
18.288,5.7296,1
18.4404,5.7768,1
18.5928,5.2536,1
18.7452,6.3856,1
18.8976,6.7604,1
19.05,5.6548,1
19.2024,4.4668,1
19.3548,4.302,1
19.5072,4.146,1
19.6596,4.132,1
19.812,3.3288,1
19.9644,4.6568,1
20.1168,5.5696,1
20.2692,5.1928,1
20.4216,3.8772,1
20.574,3.9064,1
20.7264,4.5628,1
20.8788,4.9304,1
21.0312,4.734,1
21.1836,5.0092,1
21.336,5.736,1
21.4884,5.3492,1
21.6408,3.7396,1
21.7932,3.808,1
21.9456,4.2028,1
22.098,4.9448,1
22.2504,4.926,1
22.4028,6.4988,1
22.5552,7.422,1
22.7076,7.3952,1
22.86,7.7036,1
23.0124,7.9596,1
23.1648,8.1348,1
23.3172,9.1164,1
23.4696,10.3708,1
23.622,9.782,1
23.7744,9.8276,1
23.9268,9.8516,1
24.0792,8.118,1
24.2316,7.0524,1
24.384,5.9316,1
24.5364,5.7188,1
24.6888,6.4104,1
24.8412,7.178,1
24.9936,6.734,1
25.146,5.28,1
25.2984,5.1004,1
25.4508,4.7756,1
25.6032,5.2368,1
25.7556,5.6604,1
25.908,5.7984,1
26.0604,5.552,1
26.2128,5.776,1
26.3652,6.2592,1
26.5176,5.4368,1
26.67,4.1896,1
26.8224,3.8412,1
26.9748,5.0928,1
27.1272,4.8556,1
27.2796,4.6728,1
27.432,5.0236,1
27.5844,4.9496,1
27.7368,5.696,1
27.8892,5.876,1
28.0416,4.9036,1
28.194,5.008,1
28.3464,6.4604,1
28.4988,6.8452,1
28.6512,6.708,1
28.8036,5.55,1
28.956,5.3708,1
29.1084,5.1056,1
29.2608,5.51,1
29.4132,5.1668,1
29.5656,4.918,1
29.718,4.2672,1
29.8704,3.7812,1
30.0228,3.8608,1
30.1752,5.722,1
30.3276,5.2716,1
30.48,5.2976,1
30.6324,5.4232,1
30.7848,5.3508,1
30.9372,6.5716,1
31.0896,8.5928,1
31.242,9.3168,1
31.3944,9.7392,1
31.5468,9.0084,1
31.6992,9.7724,1
31.8516,9.1836,1
32.004,9.2804,1
32.1564,7.742,1
32.3088,6.554,1
32.4612,7.476,1
32.6136,9.2524,1
32.766,7.3456,1
32.9184,5.8616,1
33.0708,5.3704,1
33.2232,5.5116,1
33.3756,6.7364,1
33.528,8.1536,1
33.6804,9.1344,1
33.8328,8.9168,1
33.9852,8.64,1
34.1376,8.4708,1
34.29,7.668,1
34.4424,7.9228,1
34.5948,7.1488,1
34.7472,6.3212,1
34.8996,5.8292,1
35.052,6.5136,1
35.2044,5.7168,1
35.3568,4.6556,1
35.5092,4.932,1
35.6616,4.8176,1
35.814,5.566,1
35.9664,6.5616,1
36.1188,6.7856,1
36.2712,5.9264,1
36.4236,6.2996,1
36.576,6.7464,1
36.7284,6.8876,1
36.8808,7.2744,1
37.0332,7.8716,1
37.1856,7.8704,1
37.338,7.0764,1
37.4904,6.4256,1
37.6428,6.3716,1
37.7952,6.1352,1
37.9476,5.934,1
38.1,6.0612,1
38.2524,5.6968,1
38.4048,5.0536,1
38.5572,4.9004,1
38.7096,4.8344,1
38.862,4.586,1
39.0144,4.6512,1
39.1668,4.3608,1
39.3192,3.4036,1
39.4716,3.1864,1
39.624,3.3284,1
39.7764,3.4804,1
39.9288,3.8144,1
40.0812,4.5496,1
40.2336,4.7596,1
40.386,5.6796,1
40.5384,5.91,1
40.6908,6.314,1
40.8432,7.4852,1
40.9956,7.4432,1
41.148,6.9924,1
41.3004,7.2192,1
41.4528,5.8636,1
41.6052,5.7608,1
41.7576,5.4892,1
41.91,5.518,1
42.0624,5.3596,1
42.2148,6.052,1
42.3672,6.8132,1
42.5196,6.326,1
42.672,6.1064,1
42.8244,5.9636,1
42.9768,5.9296,1
43.1292,7.0612,1
43.2816,7.0728,1
43.434,7.1668,1
43.5864,6.9704,1
43.7388,6.0772,1
43.8912,5.2924,1
44.0436,4.2884,1
44.196,4.1464,1
44.3484,4.5184,1
44.5008,5.32,1
44.6532,6.0168,1
44.8056,5.65,1
44.958,4.8928,1
45.1104,4.9948,1
45.2628,6.9108,1
45.4152,7.2808,1
45.5676,7.082,1
45.72,6.8188,1
45.8724,7.0096,1
46.0248,6.7568,1
46.1772,7.5196,1
46.3296,7.6976,1
46.482,7.2092,1
46.6344,7.4212,1
46.7868,7.6476,1
46.9392,6.076,1
47.0916,5.8668,1
47.244,6.3628,1
47.3964,7.5352,1
47.5488,6.8136,1
47.7012,6.7944,1
47.8536,7.6068,1
48.006,8.7464,1
48.1584,8.5496,1
48.3108,8.1632,1
48.4632,8.9904,1
48.6156,8.4696,1
48.768,6.9168,1
48.9204,8.2872,1
49.0728,8.3196,1
49.2252,7.7632,1
49.3776,6.5056,1
49.53,5.8176,1
49.6824,5.7408,1
49.8348,7.572,1
49.9872,8.4784,1
50.1396,7.3712,1
50.292,7.7504,1
50.4444,8.3708,1
50.5968,6.8692,1
50.7492,6.2328,1
50.9016,6.1952,1
51.054,7.0836,1
51.2064,7.9708,1
51.3588,8.7456,1
51.5112,7.7868,1
51.6636,6.2748,1
51.816,5.9012,1
51.9684,5.0232,1
52.1208,4.7084,1
52.2732,6.196,1
52.4256,7.16,1
52.578,7.2904,1
52.7304,7.5596,1
52.8828,7.8652,1
53.0352,8.056,1
53.1876,8.3384,1
53.34,8.06,1
53.4924,8.4,1
53.6448,9.2048,1
53.7972,9.4984,1
53.9496,7.3564,1
54.102,6.4948,1
54.2544,7.6628,1
54.4068,8.3232,1
54.5592,9.1052,1
54.7116,10.702,1
54.864,13.2396,1
55.0164,14.8972,1
55.1688,13.088,1
55.3212,12.3564,1
55.4736,12.008,1
55.626,15.0452,1
55.7784,15.4888,1
55.9308,13.7852,1
56.0832,10.4308,1
56.2356,9.7764,1
56.388,10.3068,1
56.5404,9.0576,1
56.6928,8.56,1
56.8452,8.3492,1
56.9976,8.3224,1
57.15,8.2584,1
57.3024,7.5188,1
57.4548,7.0336,1
57.6072,7.9752,1
57.7596,9.8216,1
57.912,10.1348,1
58.0644,9.6216,1
58.2168,9.9192,1
58.3692,8.4092,1
58.5216,7.4788,1
58.674,6.8732,1
58.8264,6.196,1
58.9788,6.6552,1
59.1312,6.2156,1
59.2836,6.1744,1
59.436,5.5092,1
59.5884,6.7164,1
59.7408,6.2808,1
59.8932,6.7532,1
60.0456,6.7604,1
60.198,6.34,1
60.3504,7.0632,1
60.5028,10.7888,1
60.6552,12.2368,1
60.8076,12.5276,1
60.96,11.6676,1
61.1124,10.9936,1
61.2648,10.6608,1
61.4172,10.204,1
61.5696,10.0352,1
61.722,10.4004,1
61.8744,11.6012,1
62.0268,12.5996,1
62.1792,9.9216,1
62.3316,8.5984,1
62.484,8.2216,1
62.6364,8.558,1
62.7888,8.5396,1
62.9412,7.4252,1
63.0936,7.084,1
63.246,6.8172,1
63.3984,7.0684,1
63.5508,7.4588,1
63.7032,5.9152,1
63.8556,3.9728,1
64.008,3.5364,1
64.1604,3.1052,1
64.3128,2.7916,1
64.4652,4.4568,1
64.6176,5.4528,1
64.77,4.9948,1
64.9224,5.0768,1
65.0748,4.742,1
65.2272,4.5972,1
65.3796,5.2964,1
65.532,7.2508,1
65.6844,8.064,1
65.8368,7.21,1
65.9892,6.3696,1
66.1416,4.7712,1
66.294,4.1436,1
66.4464,5.7316,1
66.5988,5.8868,1
66.7512,6.1988,1
66.9036,5.3288,1
67.056,4.7156,1
67.2084,4.7284,1
67.3608,5.7288,1
67.5132,6.6844,1
67.6656,7.4664,1
67.818,7.7948,1
67.9704,8.6772,1
68.1228,7.7916,1
68.2752,8.0908,1
68.4276,9.0712,1
68.58,8.614,1
68.7324,9.7876,1
68.8848,9.9648,1
69.0372,8.484,1
69.1896,7.2208,1
69.342,5.9948,1
69.4944,5.8804,1
69.6468,7.6852,1
69.7992,8.2268,1
69.9516,9.4192,1
70.104,8.5128,1
70.2564,7.244,1
70.4088,7.7708,1
70.5612,8.926,1
70.7136,10.4392,1
70.866,10.3592,1
71.0184,10.14,1
71.1708,8.6856,1
71.3232,7.3664,1
71.4756,8.488,1
71.628,8.2684,1
71.7804,8.7976,1
71.9328,10.0552,1
72.0852,10.264,1
72.2376,10.928,1
72.39,10.2608,1
72.5424,10.4464,1
72.6948,10.652,1
72.8472,10.9536,1
72.9996,11.2284,1
73.152,9.9904,1
73.3044,8.6696,1
73.4568,6.918,1
73.6092,7.0408,1
73.7616,7.8792,1
73.914,7.5084,1
74.0664,8.1204,1
74.2188,6.9968,1
74.3712,6.0876,1
74.5236,5.3972,1
74.676,5.3168,1
74.8284,5.0648,1
74.9808,5.5016,1
75.1332,5.6424,1
75.2856,4.958,1
75.438,3.7896,1
75.5904,3.59,1
75.7428,3.71,1
75.8952,4.1676,1
76.0476,4.8864,1
76.2,5.8636,1
76.3524,7.2624,1
76.5048,8.86,1
76.6572,9.9676,1
76.8096,11.324,1
76.962,11.996,1
77.1144,11.0604,1
77.2668,9.776,1
77.4192,8.8216,1
77.5716,8.1356,1
77.724,9.5348,1
77.8764,13.5416,1
78.0288,3.9705,1
78.1812,5.3343,1
78.3336,6.0238,1
78.486,6.371,1
78.6384,6.3396,1
78.7908,6.756,1
78.9432,7.3014,1
79.0956,8.2598,1
79.248,8.9897,1
79.4004,8.5654,1
79.5528,7.9851,1
79.7052,7.3552,1
79.8576,6.9366,1
80.01,6.9386,1
80.1624,6.4076,1
80.3148,6.4969,1
80.4672,7.1435,1
80.6196,7.566,1
80.772,6.9847,1
80.9244,7.3135,1
81.0768,7.1555,1
81.2292,7.648,1
81.3816,7.9546,1
81.534,7.3157,1
81.6864,7.791,1
81.8388,8.0439,1
81.9912,7.7343,1
82.1436,7.1215,1
82.296,6.8275,1
82.4484,7.2169,1
82.6008,7.219,1
82.7532,7.9306,1
82.9056,7.9537,1
83.058,7.701,1
83.2104,7.9341,1
83.3628,7.8528,1
83.5152,7.9185,1
83.6676,8.9726,1
83.82,9.4077,1
83.9724,9.7133,1
84.1248,10.1497,1
84.2772,10.2692,1
84.4296,9.7808,1
84.582,8.6319,1
84.7344,7.9205,1
84.8868,7.6855,1
85.0392,8.1957,1
85.1916,7.6598,1
85.344,6.6359,1
85.4964,5.9309,1
85.6488,6.105,1
85.8012,6.8427,1
85.9536,6.915,1
86.106,6.9566,1
86.2584,6.7584,1
86.4108,7.2723,1
86.5632,7.2794,1
86.7156,7.2113,1
86.868,8.5458,1
87.0204,8.7693,1
87.1728,8.4621,1
87.3252,8.6368,1
87.4776,8.8679,1
87.63,10.139,1
87.7824,11.3127,1
87.9348,12.0525,1
88.0872,12.2876,1
88.2396,12.0435,1
88.392,11.8043,1
88.5444,11.2938,1
88.6968,10.9958,1
88.8492,10.9835,1
89.0016,10.4563,1
89.154,10.2723,1
89.3064,10.4592,1
89.4588,10.8707,1
89.6112,10.2173,1
89.7636,8.9788,1
89.916,8.6657,1
90.0684,8.528,1
90.2208,8.4439,1
90.3732,8.5971,1
90.5256,8.5687,1
90.678,8.1364,1
90.8304,7.9959,1
90.9828,7.5476,1
91.1352,7.1464,1
91.2876,6.8872,1
91.44,6.4677,1
91.5924,5.9168,1
91.7448,5.5126,1
91.8972,5.6312,1
92.0496,5.412,1
92.202,5.4149,1
92.3544,5.4798,1
92.5068,5.4695,1
92.6592,5.3121,1
92.8116,4.8942,1
92.964,4.4981,1
93.1164,4.7995,1
93.2688,4.8224,1
93.4212,5.1995,1
93.5736,4.7725,1
93.726,4.7943,1
93.8784,4.7369,1
94.0308,5.2216,1
94.1832,5.0764,1
94.3356,4.9167,1
94.488,5.1876,1
94.6404,5.6254,1
94.7928,6.0176,1
94.9452,7.4183,1
95.0976,7.632,1
95.25,7.2299,1
95.4024,6.9005,1
95.5548,6.3514,1
95.7072,5.9731,1
95.8596,7.0818,1
96.012,7.7822,1
96.1644,7.8341,1
96.3168,8.2777,1
96.4692,8.703,1
96.6216,9.3581,1
96.774,9.741,1
96.9264,11.1222,1
97.0788,11.4995,1
97.2312,11.8316,1
97.3836,12.2636,1
97.536,11.5707,1
97.6884,11.3711,1
97.8408,11.7419,1
97.9932,11.9893,1
98.1456,12.8428,1
98.298,13.0035,1
98.4504,12.9131,1
98.6028,12.3123,1
98.7552,12.6965,1
98.9076,13.4878,1
99.06,13.4129,1
99.2124,13.824,1
99.3648,12.3499,1
99.5172,12.46,1
99.6696,12.1365,1
99.822,12.2513,1
99.9744,11.7702,1
100.1268,12.0053,2
100.2792,11.5776,2
100.4316,10.7928,2
100.584,11.1781,2
100.7364,11.2563,2
100.8888,11.1523,2
101.0412,11.0208,2
101.1936,9.8988,2
101.346,8.8347,2
101.4984,8.0382,2
101.6508,7.3867,2
101.8032,7.3797,2
101.9556,8,2
102.108,8.9076,2
102.2604,7.418,2
102.4128,6.1654,2
102.5652,5.3764,2
102.7176,5.2995,2
102.87,4.813,2
103.0224,4.3342,2
103.1748,4.2247,2
103.3272,4.8819,2
103.4796,5.3188,2
103.632,5.2466,2
103.7844,5.564,2
103.9368,6.363,2
104.0892,6.3888,2
104.2416,6.6349,2
104.394,6.7468,2
104.5464,7.9473,2
104.6988,8.8233,2
104.8512,9.6209,2
105.0036,9.5814,2
105.156,10.048,2
105.3084,9.9282,2
105.4608,10.419,2
105.6132,10.233,2
105.7656,11.4192,2
105.918,11.045,2
106.0704,10.7001,2
106.2228,9.8717,2
106.3752,9.7518,2
106.5276,9.9267,2
106.68,10.4812,2
106.8324,10.103,2
106.9848,9.787,2
107.1372,9.3428,2
107.2896,8.9512,2
107.442,8.41,2
107.5944,8.4744,2
107.7468,8.1755,2
107.8992,8.0234,2
108.0516,8.3432,2
108.204,8.7384,2
108.3564,9.2875,2
108.5088,9.3054,2
108.6612,9.1596,2
108.8136,8.6739,2
108.966,9.2627,2
109.1184,9.6652,2
109.2708,11.1753,2
109.4232,13.8895,2
109.5756,15.4782,2
109.728,15.6307,2
109.8804,15.8996,2
110.0328,17.1321,2
110.1852,17.6217,2
110.3376,18.3872,2
110.49,18.9062,2
110.6424,17.6681,2
110.7948,17.0765,2
110.9472,16.1393,2
111.0996,16.3857,2
111.252,17.3636,2
111.4044,18.4062,2
111.5568,19.2649,2
111.7092,18.2393,2
111.8616,18.66,2
112.014,17.4353,2
112.1664,18.3643,2
112.3188,19.5987,2
112.4712,20.8467,2
112.6236,20.2808,2
112.776,18.9635,2
112.9284,19.4461,2
113.0808,19.7481,2
113.2332,18.7713,2
113.3856,18.5708,2
113.538,19.3078,2
113.6904,20.0805,2
113.8428,19.186,2
113.9952,18.985,2
114.1476,18.9901,2
114.3,18.0503,2
114.4524,18.2064,2
114.6048,17.5095,2
114.7572,16.8309,2
114.9096,16.0474,2
115.062,15.3819,2
115.2144,15.4517,2
115.3668,15.9557,2
115.5192,15.1895,2
115.6716,15.456,2
115.824,16.8649,2
115.9764,18.3604,2
116.1288,18.9177,2
116.2812,18.0732,2
116.4336,19.1434,2
116.586,19.9381,2
116.7384,20.6042,2
116.8908,18.4919,2
117.0432,17.6249,2
117.1956,18.2129,2
117.348,18.0836,2
117.5004,17.3367,2
117.6528,17.0116,2
117.8052,16.9688,2
117.9576,18.7481,2
118.11,19.7249,2
118.2624,20.2301,2
118.4148,19.9073,2
118.5672,20.5946,2
118.7196,21.3029,2
118.872,23.1416,2
119.0244,25.2421,2
119.1768,28.6214,2
119.3292,29.8653,2
119.4816,30.4461,2
119.634,28.3906,2
119.7864,28.0427,2
119.9388,28.4183,2
120.0912,28.6654,2
120.2436,28.2398,2
120.396,26.4693,2
120.5484,27.1521,2
120.7008,28.207,2
120.8532,27.5753,2
121.0056,25.4044,2
121.158,24.6576,2
121.3104,24.6169,2
121.4628,24.8005,2
121.6152,25.1939,2
121.7676,27.0255,2
121.92,26.9654,2
122.0724,25.0847,2
122.2248,23.2616,2
122.3772,22.5656,2
122.5296,23.1359,2
122.682,24.1252,2
122.8344,24.9645,2
122.9868,23.4248,2
123.1392,22.7023,2
123.2916,22.3395,2
123.444,22.1631,2
123.5964,22.7871,2
123.7488,23.5379,2
123.9012,22.6886,2
124.0536,21.0532,2
124.206,21.8272,2
124.3584,21.4211,2
124.5108,20.0062,2
124.6632,20.0502,2
124.8156,21.7429,2
124.968,22.7064,2
125.1204,22.3253,2
125.2728,21.5657,2
125.4252,19.907,2
125.5776,19.4291,2
125.73,19.6753,2
125.8824,18.2789,2
126.0348,18.2106,2
126.1872,18.3338,2
126.3396,19.0973,2
126.492,20.3266,2
126.6444,20.931,2
126.7968,22.0822,2
126.9492,21.8781,2
127.1016,22.9337,2
127.254,22.2125,2
127.4064,22.417,2
127.5588,23.3561,2
127.7112,23.93,2
127.8636,24.5313,2
128.016,26.7723,2
128.1684,28.2686,2
128.3208,28.071,2
128.4732,27.4866,2
128.6256,27.3405,2
128.778,25.4512,2
128.9304,24.2129,2
129.0828,22.5835,2
129.2352,21.3823,2
129.3876,20.2395,2
129.54,20.1449,2
129.6924,18.4671,2
129.8448,17.2348,2
129.9972,16.7329,2
130.1496,17.2203,2
130.302,17.7279,2
130.4544,17.6342,2
130.6068,17.5838,2
130.7592,18.9078,2
130.9116,18.5302,2
131.064,17.2759,2
131.2164,17.7671,2
131.3688,17.0408,2
131.5212,16.8602,2
131.6736,19.0551,2
131.826,21.1348,2
131.9784,20.9068,2
132.1308,19.9023,2
132.2832,17.6254,2
132.4356,15.2429,2
132.588,13.413,2
132.7404,13.0643,2
132.8928,13.5216,2
133.0452,17.6703,2
133.1976,20.2677,2
133.35,20.1961,2
133.5024,17.6849,2
133.6548,16.6254,2
133.8072,15.1562,2
133.9596,14.6924,2
134.112,14.2568,2
134.2644,14.7042,2
134.4168,16.5228,2
134.5692,17.8154,2
134.7216,16.864,2
134.874,16.7554,2
135.0264,15.2801,2
135.1788,14.0913,2
135.3312,12.9366,2
135.4836,13.9894,2
135.636,14.2174,2
135.7884,13.5983,2
135.9408,13.9585,2
136.0932,14.6041,2
136.2456,15.3446,2
136.398,15.8815,2
136.5504,15.0718,2
136.7028,14.0963,2
136.8552,13.9248,2
137.0076,13.8623,2
137.16,13.5608,2
137.3124,13.5705,2
137.4648,13.9093,2
137.6172,13.4785,2
137.7696,13.6695,2
137.922,13.9497,2
138.0744,14.852,2
138.2268,16.3716,2
138.3792,16.3891,2
138.5316,14.538,2
138.684,12.9165,2
138.8364,12.4961,2
138.9888,13.7752,2
139.1412,15.6316,2
139.2936,16.1295,2
139.446,15.1757,2
139.5984,14.4985,2
139.7508,15.0365,2
139.9032,17.3252,2
140.0556,19.7112,2
140.208,20.6689,2
140.3604,21.2613,2
140.5128,22.3874,2
140.6652,22.735,2
140.8176,21.9318,2
140.97,20.4049,2
141.1224,19.2832,2
141.2748,19.2929,2
141.4272,19.7574,2
141.5796,19.2667,2
141.732,19.0772,2
141.8844,19.2354,2
142.0368,19.2148,2
142.1892,18.6569,2
142.3416,18.2097,2
142.494,17.8935,2
142.6464,17.4653,2
142.7988,16.3106,2
142.9512,14.7726,2
143.1036,12.9886,2
143.256,11.5832,2
143.4084,11.6772,2
143.5608,12.4901,2
143.7132,12.9411,2
143.8656,12.5816,2
144.018,12.8256,2
144.1704,12.9108,2
144.3228,12.6817,2
144.4752,12.2834,2
144.6276,11.7192,2
144.78,12.2236,2
144.9324,12.7525,2
145.0848,11.9161,2
145.2372,10.7538,2
145.3896,9.8049,2
145.542,9.8298,2
145.6944,9.2884,2
145.8468,9.3342,2
145.9992,10.8615,2
146.1516,10.6447,2
146.304,11.0046,2
146.4564,10.3564,2
146.6088,11.1291,2
146.7612,11.896,2
146.9136,12.3455,2
147.066,12.0694,2
147.2184,12.1411,2
147.3708,12.8472,2
147.5232,14.0688,2
147.6756,14.3285,2
147.828,16.157,2
147.9804,16.4355,2
148.1328,16.8688,2
148.2852,15.7874,2
148.4376,15.6106,2
148.59,15.5787,2
148.7424,16.426,2
148.8948,16.6574,2
149.0472,16.7089,2
149.1996,16.5934,2
149.352,17.1847,2
149.5044,17.905,2
149.6568,18.2554,2
149.8092,17.7031,2
149.9616,16.5644,2
150.114,14.2579,2
150.2664,14.6315,2
150.4188,15.4612,2
150.5712,15.67,2
150.7236,15.2382,2
150.876,15.3415,2
151.0284,15.6426,2
151.1808,15.8008,2
151.3332,15.8977,2
151.4856,15.3775,2
151.638,15.8994,2
151.7904,17.4565,2
151.9428,17.5699,2
152.0952,15.8868,2
152.2476,14.3333,2
152.4,14.8489,2
152.5524,15.8996,2
152.7048,15.702,2
152.8572,14.4683,2
153.0096,14.7145,2
153.162,15.0808,2
153.3144,15.3265,2
153.4668,15.9372,2
153.6192,15.7269,2
153.7716,15.6728,2
153.924,16.398,2
154.0764,16.3136,2
154.2288,16.0993,2
154.3812,16.3558,2
154.5336,17.507,2
154.686,17.1946,2
154.8384,16.7443,2
154.9908,16.6198,2
155.1432,16.7663,2
155.2956,17.4046,2
155.448,17.1301,2
155.6004,16.2747,2
155.7528,16.479,2
155.9052,16.8865,2
156.0576,16.397,2
156.21,15.6775,2
156.3624,15.6494,2
156.5148,15.2465,2
156.6672,13.7868,2
156.8196,12.4146,2
156.972,12.4965,2
157.1244,13.1265,2
157.2768,14.0957,2
157.4292,15.8813,2
157.5816,17.9821,2
157.734,20.2088,2
157.8864,22.0191,2
158.0388,23.3644,2
158.1912,24.9951,2
158.3436,26.3221,2
158.496,26.9383,2
158.6484,26.841,2
158.8008,27.388,2
158.9532,27.986,2
159.1056,27.6238,2
159.258,27.3639,2
159.4104,27.1176,2
159.5628,26.0884,2
159.7152,24.322,2
159.8676,22.2407,2
160.02,21.3436,3
160.1724,21.7077,3
160.3248,22.5018,3
160.4772,22.1478,3
160.6296,20.7871,3
160.782,19.7228,3
160.9344,19.4221,3
161.0868,20.7376,3
161.2392,22.2545,3
161.3916,22.9122,3
161.544,22.7679,3
161.6964,21.8097,3
161.8488,21.3947,3
162.0012,22.2776,3
162.1536,22.7404,3
162.306,22.2383,3
162.4584,22.048,3
162.6108,23.0488,3
162.7632,23.3675,3
162.9156,23.3991,3
163.068,22.4344,3
163.2204,21.5281,3
163.3728,21.4949,3
163.5252,20.7216,3
163.6776,19.0288,3
163.83,18.2205,3
163.9824,19.5065,3
164.1348,21.4323,3
164.2872,22.1388,3
164.4396,23.1109,3
164.592,23.476,3
164.7444,23.7791,3
164.8968,24.7869,3
165.0492,26.1564,3
165.2016,27.3194,3
165.354,27.759,3
165.5064,26.3014,3
165.6588,24.1068,3
165.8112,23.0358,3
165.9636,22.3237,3
166.116,21.0063,3
166.2684,19.628,3
166.4208,19.7452,3
166.5732,18.6669,3
166.7256,17.5019,3
166.878,16.58,3
167.0304,15.5172,3
167.1828,15.4689,3
167.3352,17.1666,3
167.4876,18.3575,3
167.64,17.7075,3
167.7924,17.2161,3
167.9448,18.0433,3
168.0972,19.2254,3
168.2496,20.6448,3
168.402,20.4423,3
168.5544,20.9591,3
168.7068,20.6555,3
168.8592,21.6357,3
169.0116,21.8047,3
169.164,22.597,3
169.3164,23.6608,3
169.4688,25.8391,3
169.6212,27.8744,3
169.7736,29.7592,3
169.926,30.2553,3
170.0784,30.3572,3
170.2308,30.1079,3
170.3832,28.4485,3
170.5356,27.6223,3
170.688,26.7956,3
170.8404,25.2154,3
170.9928,24.2825,3
171.1452,23.1017,3
171.2976,22.6536,3
171.45,23.9719,3
171.6024,25.3315,3
171.7548,25.6843,3
171.9072,25.8461,3
172.0596,26.1384,3
172.212,26.1501,3
172.3644,25.5139,3
172.5168,27.3217,3
172.6692,27.8612,3
172.8216,30.3959,3
172.974,31.6499,3
173.1264,30.8499,3
173.2788,29.3884,3
173.4312,29.2732,3
173.5836,27.7596,3
173.736,23.7339,3
173.8884,22.0073,3
174.0408,22.2771,3
174.1932,21.9251,3
174.3456,22.7312,3
174.498,24.164,3
174.6504,26.36,3
174.8028,27.8499,3
174.9552,28.8489,3
175.1076,31.5066,3
175.26,31.7257,3
175.4124,32.8461,3
175.5648,30.6131,3
175.7172,29.2017,3
175.8696,27.911,3
176.022,24.7173,3
176.1744,21.9389,3
176.3268,18.9887,3
176.4792,17.3604,3
176.6316,16.8298,3
176.784,14.3104,3
176.9364,11.9014,3
177.0888,10.1577,3
177.2412,10.278,3
177.3936,9.597,3
177.546,8.7944,3
177.6984,9.7891,3
177.8508,10.1318,3
178.0032,10.5295,3
178.1556,11.0915,3
178.308,10.9326,3
178.4604,11.6413,3
178.6128,13.0726,3
178.7652,13.5042,3
178.9176,13.6913,3
179.07,14.0641,3
179.2224,14.5033,3
179.3748,14.6382,3
179.5272,14.8706,3
179.6796,15.6546,3
179.832,15.7273,3
179.9844,16.4122,3
180.1368,16.5326,3
180.2892,16.6105,3
180.4416,17.7718,3
180.594,18.3655,3
180.7464,17.584,3
180.8988,16.779,3
181.0512,16.9589,3
181.2036,17.5923,3
181.356,18.5361,3
181.5084,18.6691,3
181.6608,17.8135,3
181.8132,17.173,3
181.9656,16.6793,3
182.118,14.8304,3
182.2704,14.0171,3
182.4228,15.2645,3
182.5752,16.8402,3
182.7276,17.5088,3
182.88,17.6296,3
183.0324,17.6738,3
183.1848,18.9007,3
183.3372,19.9375,3
183.4896,21.201,3
183.642,21.1747,3
183.7944,21.2335,3
183.9468,21.0498,3
184.0992,20.1838,3
184.2516,19.4456,3
184.404,19.9609,3
184.5564,21.0771,3
184.7088,20.8752,3
184.8612,19.6407,3
185.0136,20.4549,3
185.166,21.4292,3
185.3184,22.7915,3
185.4708,23.8216,3
185.6232,24.352,3
185.7756,25.4146,3
185.928,25.9951,3
186.0804,25.7012,3
186.2328,25.0913,3
186.3852,24.4134,3
186.5376,22.8886,3
186.69,21.1377,3
186.8424,19.707,3
186.9948,18.7919,3
187.1472,17.677,3
187.2996,16.9934,3
187.452,16.7881,3
187.6044,16.771,3
187.7568,17.0206,3
187.9092,17.9638,3
188.0616,19.0854,3
188.214,19.8379,3
188.3664,20.4049,3
188.5188,21.2237,3
188.6712,21.6923,3
188.8236,22.1001,3
188.976,21.4194,3
189.1284,19.7725,3
189.2808,18.4836,3
189.4332,17.6623,3
189.5856,17.0581,3
189.738,16.8812,3
189.8904,17.3631,3
190.0428,17.7658,3
190.1952,16.8093,3
190.3476,15.3641,3
190.5,14.1787,3
190.6524,14.538,3
190.8048,15.1905,3
190.9572,14.8252,3
191.1096,14.7911,3
191.262,15.4916,3
191.4144,15.8033,3
191.5668,15.3119,3
191.7192,15.2021,3
191.8716,16.2606,3
192.024,17.3051,3
192.1764,17.8687,3
192.3288,18.1901,3
192.4812,19.0899,3
192.6336,21.3137,3
192.786,22.0981,3
192.9384,21.6678,3
193.0908,21.8401,3
193.2432,22.111,3
193.3956,21.4514,3
193.548,20.0201,3
193.7004,18.3887,3
193.8528,17.5071,3
194.0052,16.5218,3
194.1576,16.5238,3
194.31,16.8637,3
194.4624,18.2628,3
194.6148,19.6124,3
194.7672,19.5955,3
194.9196,17.6805,3
195.072,15.8767,3
195.2244,15.0143,3
195.3768,15.1866,3
195.5292,15.2575,3
195.6816,16.0777,3
195.834,16.3155,3
195.9864,15.4778,3
196.1388,15.2632,3
196.2912,15.3123,3
196.4436,15.9493,3
196.596,17.8056,3
196.7484,19.3357,3
196.9008,20.2182,3
197.0532,19.9392,3
197.2056,19.5561,3
197.358,19.3136,3
197.5104,18.3602,3
197.6628,16.9647,3
197.8152,16.2981,3
197.9676,15.5842,3
198.12,14.7198,3
198.2724,14.9907,3
198.4248,16.328,3
198.5772,16.2614,3
198.7296,15.8777,3
198.882,15.3826,3
199.0344,16.0172,3
199.1868,18.4907,3
199.3392,21.6202,3
199.4916,22.8004,3
199.644,23.2287,3
199.7964,22.3055,3
199.9488,21.145,3
200.1012,19.8099,3
200.2536,20.0235,3
200.406,21.5864,3
200.5584,23.4291,3
200.7108,24.5075,3
200.8632,23.3938,3
201.0156,21.3733,3
201.168,20.3601,3
201.3204,19.3354,3
201.4728,18.9984,3
201.6252,18.3578,3
201.7776,17.8432,3
201.93,16.6459,3
202.0824,14.6042,3
202.2348,14.9605,3
202.3872,15.9101,3
202.5396,15.7056,3
202.692,15.2416,3
202.8444,14.8621,3
202.9968,15.3878,3
203.1492,15.8571,3
203.3016,15.6655,3
203.454,16.2277,3
203.6064,17.1317,3
203.7588,18.169,3
203.9112,18.7902,3
204.0636,17.0633,3
204.216,17.5586,3
204.3684,18.7393,3
204.5208,21.798,3
204.6732,22.2873,3
204.8256,23.0626,3
204.978,24.6948,3
205.1304,25.4174,3
205.2828,25.8618,3
205.4352,25.886,3
205.5876,25.1676,3
205.74,25.305,3
205.8924,25.5961,3
206.0448,27.1979,3
206.1972,25.6915,3
206.3496,25.0573,3
206.502,22.9307,3
206.6544,21.5361,3
206.8068,21.9803,3
206.9592,22.6254,3
207.1116,22.7894,3
207.264,20.7071,3
207.4164,20.4555,3
207.5688,19.7076,3
207.7212,19.6543,3
207.8736,18.8993,3
208.026,18.5725,3
208.1784,20.0403,3
208.3308,21.7816,3
208.4832,21.5709,3
208.6356,21.6609,3
208.788,22.5348,3
208.9404,24.005,3
209.0928,23.7898,3
209.2452,22.5763,3
209.3976,19.7387,3
209.55,19.6109,3
209.7024,18.5536,3
209.8548,17.6566,3
210.0072,15.9501,3
210.1596,15.425,3
210.312,16.4042,3
210.4644,17.1641,3
210.6168,16.5103,3
210.7692,16.3784,3
210.9216,17.2267,3
211.074,18.1183,3
211.2264,18.2097,3
211.3788,18.3021,3
211.5312,17.8337,3
211.6836,17.7854,3
211.836,17.5906,3
211.9884,17.3826,3
212.1408,16.8211,3
212.2932,17.8254,3
212.4456,17.7431,3
212.598,17.3233,3
212.7504,17.4636,3
212.9028,18.0479,3
213.0552,19.5466,3
213.2076,21.4381,3
213.36,22.891,3
213.5124,22.9104,3
213.6648,22.8355,3
213.8172,23.7526,3
213.9696,26.4379,3
214.122,29.0065,3
214.2744,28.9492,3
214.4268,27.6309,3
214.5792,27.7499,3
214.7316,29.533,3
214.884,30.9044,3
215.0364,30.4481,3
215.1888,29.1235,3
215.3412,27.1592,3
215.4936,26.6715,3
215.646,26.3513,3
215.7984,26.0887,3
215.9508,26.9497,3
216.1032,27.9679,3
216.2556,26.9174,3
216.408,25.0664,3
216.5604,23.9577,3
216.7128,23.061,3
216.8652,21.9403,3
217.0176,21.6311,3
217.17,23.0363,3
217.3224,24.5356,3
217.4748,24.0756,3
217.6272,22.3196,3
217.7796,21.0703,3
217.932,21.6993,3
218.0844,24.4039,3
218.2368,26.4813,3
218.3892,27.0907,3
218.5416,28.321,3
218.694,29.8813,3
218.8464,29.3077,3
218.9988,26.8054,3
219.1512,25.1274,3
219.3036,24.1884,3
219.456,23.2645,3
219.6084,21.5401,3
219.7608,18.3731,3
219.9132,16.1059,3
220.0656,15.6442,3
220.218,15.5224,3
220.3704,14.9848,3
220.5228,14.4031,3
220.6752,13.9179,3
220.8276,13.4048,3
220.98,13.1316,3
221.1324,12.8336,3
221.2848,12.7832,3
221.4372,13.8601,3
221.5896,15.8175,3
221.742,17.0604,3
221.8944,16.8626,3
222.0468,16.5837,3
222.1992,16.8182,3
222.3516,17.9834,3
222.504,18.9715,3
222.6564,18.9585,3
222.8088,18.5452,3
222.9612,18.069,3
223.1136,17.2568,3
223.266,15.1243,3
223.4184,13.3458,3
223.5708,12.6345,3
223.7232,11.7355,3
223.8756,11.0316,3
224.028,11.3508,3
224.1804,11.1211,3
224.3328,11.4321,3
224.4852,12.0429,3
224.6376,12.1313,3
224.79,12.7376,3
224.9424,13.9452,3
225.0948,14.89,3
225.2472,14.9154,3
225.3996,15.5631,3
225.552,15.9044,3
225.7044,15.0418,3
225.8568,15.0542,3
226.0092,15.5419,3
226.1616,15.7272,3
226.314,16.464,3
226.4664,16.8582,3
226.6188,16.5649,3
226.7712,16.2973,3
226.9236,16.904,3
227.076,18.4244,3
227.2284,18.6903,3
227.3808,19.6591,3
227.5332,20.6558,3
227.6856,22.0249,3
227.838,22.0716,3
227.9904,22.5796,3
228.1428,22.2072,3
228.2952,21.7987,3
228.4476,21.4349,3
228.6,21.6405,3
228.7524,23.1227,3
228.9048,24.1353,3
229.0572,24.46,3
229.2096,23.2864,3
229.362,22.3862,3
229.5144,22.9525,3
229.6668,22.4355,3
229.8192,21.5825,3
229.9716,20.6385,3
230.124,20.7846,3
230.2764,21.1148,3
230.4288,21.0766,3
230.5812,22.6798,3
230.7336,23.6916,3
230.886,23.4205,3
231.0384,22.7976,3
231.1908,23.6716,3
231.3432,25.8157,3
231.4956,29.011,3
231.648,30.6413,3
231.8004,30.4279,3
231.9528,29.3213,3
232.1052,27.8126,3
232.2576,24.6957,3
232.41,23.7522,3
232.5624,23.9252,3
232.7148,24.8514,3
232.8672,24.1197,3
233.0196,22.2371,3
233.172,21.0752,3
233.3244,19.9493,3
233.4768,19.8087,3
233.6292,19.4028,3
233.7816,18.0429,3
233.934,17.5129,3
234.0864,17.3465,3
234.2388,17.5438,3
234.3912,16.846,3
234.5436,15.9738,3
234.696,14.7794,3
234.8484,13.8258,3
235.0008,13.5605,3
235.1532,13.3115,3
235.3056,13.7304,3
235.458,14.1353,3
235.6104,14.0503,3
235.7628,13.7498,3
235.9152,16.0656,3
236.0676,17.9786,3
236.22,19.8505,3
236.3724,21.5304,3
236.5248,22.1744,3
236.6772,22.9565,3
236.8296,23.321,3
236.982,23.0723,3
237.1344,22.8508,3
237.2868,24.2694,3
237.4392,26.4732,3
237.5916,26.8985,3
237.744,27.2545,3
237.8964,27.0258,3
238.0488,26.8536,3
238.2012,27.3256,3
238.3536,26.937,3
238.506,26.1717,3
238.6584,25.6916,3
238.8108,24.6781,3
238.9632,23.3888,3
239.1156,23.6068,3
239.268,24.151,3
239.4204,24.2983,3
239.5728,24.8937,3
239.7252,25.0926,3
239.8776,24.7719,3
240.03,24.3836,3
240.1824,25.254,3
240.3348,25.7471,3
240.4872,26.32,3
240.6396,24.8026,3
240.792,22.1144,3
240.9444,19.9102,3
241.0968,19.876,3
241.2492,21.4408,3
241.4016,22.6801,3
241.554,24.3837,3
241.7064,25.1217,3
241.8588,24.4021,3
242.0112,22.915,3
242.1636,20.6404,3
242.316,19.1201,3
242.4684,19.1845,3
242.6208,20.0479,3
242.7732,20.557,3
242.9256,20.6371,3
243.078,20.3717,3
243.2304,19.7847,3
243.3828,18.8784,3
243.5352,18.3533,3
243.6876,18.3853,3
243.84,18.9545,3
243.9924,19.7176,3
244.1448,19.7679,3
244.2972,20.1338,3
244.4496,19.6075,3
244.602,17.7195,3
244.7544,17.2167,3
244.9068,18.2625,3
245.0592,18.9543,3
245.2116,17.7524,3
245.364,16.6719,3
245.5164,17.93,3
245.6688,19.1746,3
245.8212,19.2428,3
245.9736,18.9012,3
246.126,18.1057,3
246.2784,17.4917,3
246.4308,16.9225,3
246.5832,16.9585,3
246.7356,16.9444,3
246.888,16.9679,3
247.0404,16.8933,3
247.1928,16.7204,3
247.3452,17.0736,3
247.4976,17.3234,3
247.65,16.9596,3
247.8024,16.2762,3
247.9548,15.7298,3
248.1072,14.8966,3
248.2596,14.284,3
248.412,14.7562,3
248.5644,15.5562,3
248.7168,17.1014,3
248.8692,18.1579,3
249.0216,19.2801,3
249.174,20.0732,3
249.3264,20.0434,3
249.4788,19.8757,3
249.6312,20.4621,3
249.7836,22.5718,3
249.936,24.5116,3
250.0884,23.7514,3
250.2408,21.7224,3
250.3932,20.2497,3
250.5456,20.2486,3
250.698,20.3227,3
250.8504,19.5857,3
251.0028,18.8398,3
251.1552,18.2309,3
251.3076,19.153,3
251.46,20.669,3
251.6124,22.1198,3
251.7648,23.6569,3
251.9172,24.1336,3
252.0696,25.154,3
252.222,25.3361,3
252.3744,25.8728,3
252.5268,26.8933,3
252.6792,26.7576,3
252.8316,26.659,3
252.984,25.9863,3
253.1364,26.0276,3
253.2888,25.2268,3
253.4412,25.0862,3
253.5936,25.5187,3
253.746,24.6074,3
253.8984,23.0697,3
254.0508,23.1395,3
254.2032,23.7199,3
254.3556,26.046,3
254.508,28.7374,3
254.6604,30.8103,3
254.8128,32.013,3
254.9652,32.6194,3
255.1176,32.6839,3
255.27,32.6657,3
255.4224,32.3074,3
255.5748,31.1489,3
255.7272,30.8008,3
255.8796,30.9702,3
256.032,30.8549,3
256.1844,33.0217,3
256.3368,34.5305,3
256.4892,35.028,3
256.6416,32.3131,3
256.794,30.1326,3
256.9464,27.4888,3
257.0988,24.685,3
257.2512,23.675,3
257.4036,23.6606,3
257.556,23.4649,3
257.7084,24.3408,3
257.8608,24.1393,3
258.0132,23.4581,3
258.1656,22.1026,3
258.318,21.5621,3
258.4704,22.6853,3
258.6228,23.4611,3
258.7752,24.6082,3
258.9276,27.2389,3
259.08,28.7595,3
259.2324,28.3765,3
259.3848,26.9688,3
259.5372,26.8768,3
259.6896,26.8178,3
259.842,24.5593,3
259.9944,23.3558,3
260.1468,24.237,3
260.2992,26.0961,3
260.4516,29.5493,3
260.604,31.6732,3
260.7564,31.9851,3
260.9088,31.4053,3
261.0612,30.7967,3
261.2136,29.5309,3
261.366,28.3361,3
261.5184,29.3888,3
261.6708,30.0842,3
261.8232,31.1474,3
261.9756,32.1913,3
262.128,32.3178,3
262.2804,32.0313,3
262.4328,33.1297,3
262.5852,33.1032,3
262.7376,30.748,3
262.89,28.521,3
263.0424,27.5039,3
263.1948,27.15,3
263.3472,26.5287,3
263.4996,26.18,3
263.652,26.7322,3
263.8044,26.608,3
263.9568,27.042,3
264.1092,27.4097,3
264.2616,27.2067,3
264.414,27.9886,3
264.5664,29.0958,3
264.7188,30.9551,3
264.8712,31.3437,3
265.0236,31.1566,3
265.176,30.4368,3
265.3284,30.8858,3
265.4808,32.0417,3
265.6332,32.434,3
265.7856,31.827,3
265.938,30.8801,3
266.0904,29.893,3
266.2428,28.2072,3
266.3952,26.5464,3
266.5476,25.4198,3
266.7,25.5535,3
266.8524,25.0154,3
267.0048,23.8682,3
267.1572,22.0483,3
267.3096,20.719,3
267.462,20.4243,3
267.6144,20.5816,3
267.7668,21.1113,3
267.9192,22.8862,3
268.0716,24.836,3
268.224,26.5454,3
268.3764,26.8232,3
268.5288,26.4786,3
268.6812,27.0173,3
268.8336,27.6039,3
268.986,28.1108,3
269.1384,29.297,3
269.2908,31.4129,3
269.4432,33.2165,3
269.5956,33.2089,3
269.748,32.2699,3
269.9004,31.3351,3
270.0528,31.0457,4
270.2052,31.105,4
270.3576,31.1011,4
270.51,31.209,4
270.6624,30.8406,4
270.8148,29.5993,4
270.9672,27.9466,4
271.1196,27.2911,4
271.272,28.0246,4
271.4244,29.6621,4
271.5768,32.0082,4
271.7292,34.8033,4
271.8816,36.4124,4
272.034,37.8966,4
272.1864,39.4839,4
272.3388,41.5275,4
272.4912,43.5544,4
272.6436,46.5607,4
272.796,49.732,4
272.9484,51.9887,4
273.1008,52.255,4
273.2532,50.7437,4
273.4056,49.7398,4
273.558,49.2565,4
273.7104,45.5805,4
273.8628,41.322,4
274.0152,39.5466,4
274.1676,39.3276,4
274.32,39.4267,4
274.4724,39.6068,4
274.6248,38.4036,4
274.7772,36.4033,4
274.9296,34.7447,4
275.082,34.8379,4
275.2344,35.3104,4
275.3868,35.8774,4
275.5392,34.7623,4
275.6916,32.7254,4
275.844,30.4526,4
275.9964,28.7881,4
276.1488,28.9656,4
276.3012,30.6535,4
276.4536,32.7836,4
276.606,34.7488,4
276.7584,35.469,4
276.9108,34.8866,4
277.0632,36.3277,4
277.2156,38.3093,4
277.368,38.1902,4
277.5204,35.9251,4
277.6728,32.9379,4
277.8252,29.6949,4
277.9776,28.8878,4
278.13,30.5859,4
278.2824,32.1555,4
278.4348,32.9375,4
278.5872,34.4362,4
278.7396,35.2987,4
278.892,34.9148,4
279.0444,34.2082,4
279.1968,32.3983,4
279.3492,33.5184,4
279.5016,35.9744,4
279.654,38.6149,4
279.8064,38.1601,4
279.9588,38.0407,4
280.1112,37.7435,4
280.2636,36.1326,4
280.416,35.51,4
280.5684,37.7352,4
280.7208,39.2225,4
280.8732,39.4437,4
281.0256,39.6372,4
281.178,39.2539,4
281.3304,37.7229,4
281.4828,36.9332,4
281.6352,34.796,4
281.7876,35.8129,4
281.94,37.2544,4
282.0924,37.5257,4
282.2448,36.9455,4
282.3972,38.4617,4
282.5496,38.546,4
282.702,38.0431,4
282.8544,38.2604,4
283.0068,40.4052,4
283.1592,42.4851,4
283.3116,43.5762,4
283.464,41.3048,4
283.6164,39.5596,4
283.7688,40.9795,4
283.9212,43.6438,4
284.0736,43.3152,4
284.226,41.627,4
284.3784,38.0981,4
284.5308,35.6978,4
284.6832,35.3276,4
284.8356,36.3331,4
284.988,38.5012,4
285.1404,41.0203,4
285.2928,40.9673,4
285.4452,39.7901,4
285.5976,38.4053,4
285.75,37.1318,4
285.9024,36.1647,4
286.0548,35.7781,4
286.2072,34.8731,4
286.3596,33.3586,4
286.512,32.8768,4
286.6644,33.5796,4
286.8168,33.7736,4
286.9692,35.6084,4
287.1216,36.863,4
287.274,38.6408,4
287.4264,39.9277,4
287.5788,39.9327,4
287.7312,35.676,4
287.8836,31.2547,4
288.036,29.8015,4
288.1884,29.6526,4
288.3408,28.8795,4
288.4932,28.5218,4
288.6456,28.9712,4
288.798,29.2718,4
288.9504,29.2269,4
289.1028,28.2278,4
289.2552,27.8393,4
289.4076,28.7875,4
289.56,30.4338,4
289.7124,32.4895,4
289.8648,35.0682,4
290.0172,37.5658,4
290.1696,39.5714,4
290.322,40.1756,4
290.4744,41.5489,4
290.6268,43.9096,4
290.7792,45.0339,4
290.9316,44.3555,4
291.084,43.1327,4
291.2364,42.4872,4
291.3888,41.966,4
291.5412,41.1338,4
291.6936,38.9691,4
291.846,37.2822,4
291.9984,36.7273,4
292.1508,36.0926,4
292.3032,34.8826,4
292.4556,34.6481,4
292.608,36.0765,4
292.7604,38.2703,4
292.9128,39.9035,4
293.0652,39.5929,4
293.2176,37.479,4
293.37,35.596,4
293.5224,35.3172,4
293.6748,35.3899,4
293.8272,34.8849,4
293.9796,34.0276,4
294.132,33.6573,4
294.2844,33.9948,4
294.4368,33.8343,4
294.5892,33.5363,4
294.7416,34.1099,4
294.894,35.969,4
295.0464,37.4452,4
295.1988,37.5312,4
295.3512,37.5776,4
295.5036,36.1993,4
295.656,35.7808,4
295.8084,36.7912,4
295.9608,40.4104,4
296.1132,44.8979,4
296.2656,47.8159,4
296.418,48.4122,4
296.5704,48.2625,4
296.7228,46.8006,4
296.8752,43.8109,4
297.0276,40.1072,4
297.18,36.4761,4
297.3324,33.7606,4
297.4848,33.1499,4
297.6372,32.8443,4
297.7896,31.6904,4
297.942,30.7751,4
298.0944,30.1016,4
298.2468,28.5378,4
298.3992,27.1239,4
298.5516,26.9622,4
298.704,26.8025,4
298.8564,28.2582,4
299.0088,29.0204,4
299.1612,28.3869,4
299.3136,28.2228,4
299.466,28.0553,4
299.6184,28.7246,4
299.7708,29.9796,4
299.9232,31.6261,4
300.0756,31.7483,4
300.228,31.3116,4
300.3804,32.7443,4
300.5328,32.1726,4
300.6852,32.8593,4
300.8376,34.1309,4
300.99,36.1391,4
301.1424,35.9493,4
301.2948,34.1545,4
301.4472,32.0567,4
301.5996,28.6385,4
301.752,29.4397,4
301.9044,30.3642,4
302.0568,29.27,4
302.2092,28.853,4
302.3616,29.403,4
302.514,29.4924,4
302.6664,28.5153,4
302.8188,28.221,4
302.9712,28.3054,4
303.1236,28.6288,4
303.276,29.9481,4
303.4284,30.5076,4
303.5808,32.8377,4
303.7332,33.437,4
303.8856,33.5193,4
304.038,33.4687,4
304.1904,33.5219,4
304.3428,33.7802,4
304.4952,33.7375,4
304.6476,31.6019,4
304.8,30.616,4
304.9524,30.7206,4
305.1048,30.7804,4
305.2572,28.8185,4
305.4096,29.4517,4
305.562,30.1421,4
305.7144,28.5063,4
305.8668,28.7263,4
306.0192,30.2566,4
306.1716,30.5981,4
306.324,31.151,4
306.4764,30.3692,4
306.6288,28.1146,4
306.7812,27.8836,4
306.9336,27.9053,4
307.086,28.0837,4
307.2384,28.0182,4
307.3908,29.5665,4
307.5432,30.1919,4
307.6956,28.6883,4
307.848,28.7427,4
308.0004,29.9205,4
308.1528,30.8932,4
308.3052,32.1207,4
308.4576,34.1578,4
308.61,37.2543,4
308.7624,39.1182,4
308.9148,39.2626,4
309.0672,40.0516,4
309.2196,41.2955,4
309.372,42.8698,4
309.5244,42.53,4
309.6768,40.7509,4
309.8292,38.8987,4
309.9816,35.9235,4
310.134,33.9365,4
310.2864,34.1072,4
310.4388,34.7944,4
310.5912,37.5583,4
310.7436,40.5562,4
310.896,42.6256,4
311.0484,44.9971,4
311.2008,47.0177,4
311.3532,47.318,4
311.5056,47.7688,4
311.658,47.1756,4
311.8104,46.0432,4
311.9628,42.8541,4
312.1152,41.2146,4
312.2676,38.003,4
312.42,34.6569,4
312.5724,35.2488,4
312.7248,36.0619,4
312.8772,37.2852,4
313.0296,38.577,4
313.182,39.6698,4
313.3344,39.1294,4
313.4868,37.814,4
313.6392,36.5721,4
313.7916,35.6556,4
313.944,34.5972,4
314.0964,34.7983,4
314.2488,33.3848,4
314.4012,31.912,4
314.5536,31.5662,4
314.706,32.0306,4
314.8584,31.6873,4
315.0108,32.0203,4
315.1632,31.7801,4
315.3156,32.2476,4
315.468,32.6679,4
315.6204,33.2387,4
315.7728,32.5437,4
315.9252,32.5209,4
316.0776,33.8517,4
316.23,33.8521,4
316.3824,31.2167,4
316.5348,29.5309,4
316.6872,29.1596,4
316.8396,29.6687,4
316.992,31.4667,4
317.1444,34.7874,4
317.2968,37.1801,4
317.4492,39.4402,4
317.6016,41.4708,4
317.754,41.7621,4
317.9064,42.0523,4
318.0588,41.8523,4
318.2112,41.6494,4
318.3636,41.7795,4
318.516,44.7201,4
318.6684,47.9394,4
318.8208,47.2294,4
318.9732,45.5799,4
319.1256,45.3356,4
319.278,45.9807,4
319.4304,45.8315,4
319.5828,45.2111,4
319.7352,45.3963,4
319.8876,45.0216,4
320.04,43.2285,4
320.1924,40.9739,4
320.3448,40.4459,4
320.4972,40.1141,4
320.6496,39.5112,4
320.802,38.7862,4
320.9544,38.5238,4
321.1068,38.7061,4
321.2592,38.6623,4
321.4116,37.0621,4
321.564,35.6572,4
321.7164,36.5142,4
321.8688,39.3168,4
322.0212,40.814,4
322.1736,40.3647,4
322.326,39.2196,4
322.4784,38.4895,4
322.6308,37.5226,4
322.7832,36.5438,4
322.9356,36.1944,4
323.088,36.5573,4
323.2404,38.2171,4
323.3928,40.4042,4
323.5452,41.3743,4
323.6976,42.1401,4
323.85,42.7878,4
324.0024,43.2849,4
324.1548,43.5598,4
324.3072,44.5372,4
324.4596,47.5243,4
324.612,50.6198,4
324.7644,51.7825,4
324.9168,49.8978,4
325.0692,46.5882,4
325.2216,44.1579,4
325.374,42.2759,4
325.5264,40.7312,4
325.6788,40.9314,4
325.8312,41.3261,4
325.9836,41.1701,4
326.136,40.8484,4
326.2884,40.6043,4
326.4408,41.6307,4
326.5932,42.7733,4
326.7456,43.0575,4
326.898,41.8217,4
327.0504,39.8212,4
327.2028,38.0647,4
327.3552,36.5004,4
327.5076,35.9899,4
327.66,36.2468,4
327.8124,36.7581,4
327.9648,37.9907,4
328.1172,38.8801,4
328.2696,39.406,4
328.422,40.1824,4
328.5744,41.162,4
328.7268,42.4411,4
328.8792,42.7338,4
329.0316,42.6813,4
329.184,42.4664,4
329.3364,40.2848,4
329.4888,36.6818,4
329.6412,33.0904,4
329.7936,30.6883,4
329.946,30.3276,4
330.0984,29.5012,4
330.2508,28.8218,4
330.4032,29.1261,4
330.5556,30.3159,4
330.708,31.6967,4
330.8604,30.8024,4
331.0128,29.0867,4
331.1652,29.5963,4
331.3176,31.5536,4
331.47,34.7421,4
331.6224,37.4258,4
331.7748,39.6237,4
331.9272,41.4263,4
332.0796,42.0183,4
332.232,42.2408,4
332.3844,41.3114,4
332.5368,41.1709,4
332.6892,42.4387,4
332.8416,42.3565,4
332.994,40.5968,4
333.1464,38.5774,4
333.2988,35.9512,4
333.4512,35.8754,4
333.6036,36.3486,4
333.756,36.6478,4
333.9084,37.7324,4
334.0608,39.1596,4
334.2132,39.892,4
334.3656,39.2481,4
334.518,38.4248,4
334.6704,36.9626,4
334.8228,36.4222,4
334.9752,37.4405,4
335.1276,38.1524,4
335.28,37.507,4
335.4324,36.436,4
335.5848,33.5238,4
335.7372,31.2993,4
335.8896,30.3332,4
336.042,30.0662,4
336.1944,30.4882,4
336.3468,31.8346,4
336.4992,32.81,4
336.6516,32.5738,4
336.804,32.3222,4
336.9564,31.2982,4
337.1088,30.0521,4
337.2612,32.3295,4
337.4136,35.4612,4
337.566,36.7506,4
337.7184,38.7879,4
337.8708,40.6687,4
338.0232,41.1975,4
338.1756,40.2373,4
338.328,38.071,4
338.4804,35.7722,4
338.6328,35.0087,4
338.7852,35.5604,4
338.9376,35.6727,4
339.09,36.2159,4
339.2424,36.7141,4
339.3948,35.1594,4
339.5472,32.4785,4
339.6996,30.7696,4
339.852,30.4909,4
340.0044,31.6938,4
340.1568,33.9764,4
340.3092,34.3568,4
340.4616,34.5159,4
340.614,35.4628,4
340.7664,37.3073,4
340.9188,38.5294,4
341.0712,41.0866,4
341.2236,41.0813,4
341.376,39.1737,4
341.5284,36.4463,4
341.6808,34.9703,4
341.8332,34.2215,4
341.9856,34.7257,4
342.138,36.1876,4
342.2904,37.4509,4
342.4428,38.6798,4
342.5952,40.2224,4
342.7476,39.1266,4
342.9,37.8757,4
343.0524,37.6991,4
343.2048,37.4116,4
343.3572,36.7788,4
343.5096,36.0052,4
343.662,35.345,4
343.8144,34.7563,4
343.9668,33.5898,4
344.1192,32.6366,4
344.2716,31.1404,4
344.424,30.2193,4
344.5764,31.1759,4
344.7288,34.1603,4
344.8812,36.8362,4
345.0336,37.0853,4
345.186,36.2461,4
345.3384,38.4704,4
345.4908,39.725,4
345.6432,40.2169,4
345.7956,40.1198,4
345.948,38.8744,4
346.1004,36.1345,4
346.2528,32.7323,4
346.4052,28.5939,4
346.5576,26.563,4
346.71,27.1685,4
346.8624,31.1127,4
347.0148,33.8497,4
347.1672,35.3981,4
347.3196,35.8975,4
347.472,37.2252,4
347.6244,38.3585,4
347.7768,39.3534,4
347.9292,38.9801,4
348.0816,37.1187,4
348.234,35.4846,4
348.3864,33.8186,4
348.5388,33.4261,4
348.6912,35.4176,4
348.8436,37.5238,4
348.996,39.5138,4
349.1484,39.7275,4
349.3008,39.9021,4
349.4532,41.5578,4
349.6056,43.0555,4
349.758,43.1333,4
349.9104,39.9866,4
350.0628,37.5364,4
350.2152,35.5712,4
350.3676,34.9754,4
350.52,36.262,4
350.6724,38.8913,4
350.8248,41.6889,4
350.9772,41.0575,4
351.1296,41.0628,4
351.282,40.6056,4
351.4344,41.7869,4
351.5868,42.023,4
351.7392,39.5317,4
351.8916,35.3831,4
352.044,32.5719,4
352.1964,31.6644,4
352.3488,30.0309,4
352.5012,29.0776,4
352.6536,30.6807,4
352.806,31.5696,4
352.9584,30.7361,4
353.1108,29.3086,4
353.2632,28.8543,4
353.4156,29.8279,4
353.568,33.1856,4
353.7204,34.911,4
353.8728,35.1518,4
354.0252,36.1764,4
354.1776,34.9359,4
354.33,33.0992,4
354.4824,31.4155,4
354.6348,31.9201,4
354.7872,32.5267,4
354.9396,31.66,4
355.092,31.3594,4
355.2444,30.9676,4
355.3968,32.0798,4
355.5492,31.9753,4
355.7016,30.934,4
355.854,27.6067,4
356.0064,26.8089,4
356.1588,26.444,4
356.3112,27.0194,4
356.4636,26.9099,4
356.616,27.8815,4
356.7684,27.4404,4
356.9208,28.1793,4
357.0732,29.439,4
357.2256,30.7958,4
357.378,34.7711,4
357.5304,38.18,4
357.6828,39.0663,4
357.8352,38.3743,4
357.9876,36.88,4
358.14,36.5336,4
358.2924,36.9459,4
358.4448,36.8761,4
358.5972,36.4194,4
358.7496,34.262,4
358.902,32.4735,4
359.0544,32.5213,4
359.2068,33.2773,4
359.3592,33.5162,4
359.5116,32.5671,4
359.664,33.365,4
359.8164,34.579,4
359.9688,36.2022,4
360.1212,37.0063,4
360.2736,34.389,4
360.426,33.603,4
360.5784,33.307,4
360.7308,32.8188,4
360.8832,32.5749,4
361.0356,31.6036,4
361.188,32.0252,4
361.3404,31.2343,4
361.4928,29.9769,4
361.6452,27.7308,4
361.7976,26.5524,4
361.95,27.1909,4
362.1024,27.961,4
362.2548,28.975,4
362.4072,29.0459,4
362.5596,29.0775,4
362.712,29.534,4
362.8644,30.5109,4
363.0168,32.0718,4
363.1692,35.7895,4
363.3216,39.0466,4
363.474,43.2177,4
363.6264,45.1025,4
363.7788,46.677,4
363.9312,47.7622,4
364.0836,49.9789,4
364.236,50.6027,4
364.3884,47.258,4
364.5408,41.5579,4
364.6932,36.3473,4
364.8456,35.4008,4
364.998,37.1529,4
365.1504,37.8306,4
365.3028,38.3714,4
365.4552,37.141,4
365.6076,34.8934,4
365.76,33.6502,4
365.9124,33.4125,4
366.0648,33.8425,4
366.2172,32.702,4
366.3696,31.3259,4
366.522,29.1389,4
366.6744,27.5356,4
366.8268,27.6483,4
366.9792,25.6274,4
367.1316,24.0312,4
367.284,23.6606,4
367.4364,25.636,4
367.5888,29.5136,4
367.7412,32.1124,4
367.8936,33.7365,4
368.046,32.6009,4
368.1984,30.8806,4
368.3508,29.1619,4
368.5032,28.9273,4
368.6556,30.2296,4
368.808,31.1307,4
368.9604,32.0424,4
369.1128,30.6672,4
369.2652,30.6053,4
369.4176,30.7354,4
369.57,32.2052,4
369.7224,32.7588,4
369.8748,31.7711,4
370.0272,31.1689,4
370.1796,29.258,4
370.332,28.8067,4
370.4844,27.7212,4
370.6368,26.4636,4
370.7892,25.5824,4
370.9416,25.1872,4
371.094,25.6654,4
371.2464,26.4936,4
371.3988,26.2928,4
371.5512,27.5962,4
371.7036,27.3998,4
371.856,28.2176,4
372.0084,29.0909,4
372.1608,29.4007,4
372.3132,28.4434,4
372.4656,28.5627,4
372.618,29.7813,4
372.7704,32.5688,4
372.9228,36.5795,4
373.0752,41.1319,4
373.2276,42.8607,4
373.38,44.0512,4
373.5324,44.4999,4
373.6848,40.4784,4
373.8372,35.1568,4
373.9896,30.4735,4
374.142,30.2097,4
374.2944,30.2498,4
374.4468,31.1375,4
374.5992,31.4419,4
374.7516,30.7539,4
374.904,30.0472,4
375.0564,30.8799,4
375.2088,31.9336,4
375.3612,35.0095,4
375.5136,37.9684,4
375.666,39.693,4
375.8184,38.3256,4
375.9708,38.4899,4
376.1232,40.2725,4
376.2756,42.4989,4
376.428,43.6619,4
376.5804,43.5656,4
376.7328,40.7238,4
376.8852,38.7401,4
377.0376,38.035,4
377.19,36.9157,4
377.3424,37.6683,4
377.4948,37.1185,4
377.6472,36.5373,4
377.7996,35.9626,4
377.952,36.4777,4
378.1044,37.3797,4
378.2568,38.6066,4
378.4092,39.6754,4
378.5616,39.2515,4
378.714,38.424,4
378.8664,37.7589,4
379.0188,39.5029,4
379.1712,39.9436,4
379.3236,39.1712,4
379.476,39.1257,4
379.6284,39.2418,4
379.7808,41.5238,4
379.9332,44.6884,4
380.0856,44.883,5
380.238,42.8637,5
380.3904,38.8684,5
380.5428,38.3396,5
380.6952,36.5643,5
380.8476,38.3522,5
381,40.1029,5
381.1524,42.6006,5
381.3048,43.0245,5
381.4572,41.6122,5
381.6096,37.6873,5
381.762,34.4383,5
381.9144,32.6482,5
382.0668,31.747,5
382.2192,31.8164,5
382.3716,31.0832,5
382.524,30.308,5
382.6764,28.6071,5
382.8288,26.9257,5
382.9812,24.3186,5
383.1336,22.5042,5
383.286,22.49,5
383.4384,22.2411,5
383.5908,22.4519,5
383.7432,19.8745,5
383.8956,19.8098,5
384.048,19.032,5
384.2004,18.3402,5
384.3528,16.9261,5
384.5052,17.1027,5
384.6576,19.1553,5
384.81,21.8178,5
384.9624,24.6796,5
385.1148,26.0903,5
385.2672,24.8018,5
385.4196,24.95,5
385.572,25.0999,5
385.7244,24.5727,5
385.8768,25.8499,5
386.0292,26.2913,5
386.1816,25.7914,5
386.334,23.6299,5
386.4864,23.0742,5
386.6388,24.2529,5
386.7912,25.2605,5
386.9436,25.7581,5
387.096,24.1432,5
387.2484,21.1305,5
387.4008,18.8661,5
387.5532,16.6112,5
387.7056,14.9581,5
387.858,13.602,5
388.0104,15.0163,5
388.1628,13.6389,5
388.3152,10.8802,5
388.4676,10.3391,5
388.62,10.5244,5
388.7724,10.6091,5
388.9248,8.8793,5
389.0772,9.1258,5
389.2296,9.6458,5
389.382,9.8547,5
389.5344,11.1916,5
389.6868,11.4893,5
389.8392,14.2225,5
389.9916,17.1909,5
390.144,20.8924,5
390.2964,21.8223,5
390.4488,23.2965,5
390.6012,24.0943,5
390.7536,22.7241,5
390.906,21.8224,5
391.0584,21.3726,5
391.2108,20.473,5
391.3632,19.3841,5
391.5156,17.1848,5
391.668,15.0796,5
391.8204,13.2557,5
391.9728,12.0775,5
392.1252,11.694,5
392.2776,11.6913,5
392.43,11.2793,5
392.5824,10.7639,5
392.7348,10.5909,5
392.8872,10.3081,5
393.0396,10.7116,5
393.192,12.1572,5
393.3444,13.6497,5
393.4968,13.8673,5
393.6492,13.9633,5
393.8016,14.0661,5
393.954,12.892,5
394.1064,12.1699,5
394.2588,12.4431,5
394.4112,13.3791,5
394.5636,14.3788,5
394.716,14.1411,5
394.8684,13.127,5
395.0208,11.7611,5
395.1732,11.575,5
395.3256,11.5651,5
395.478,11.224,5
395.6304,11.7275,5
395.7828,12.3026,5
395.9352,11.7884,5
396.0876,10.9123,5
396.24,9.5479,5
396.3924,9.0145,5
396.5448,9.0507,5
396.6972,8.7533,5
396.8496,8.0012,5
397.002,7.0746,5
397.1544,7.9092,5
397.3068,9.2718,5
397.4592,10.1495,5
397.6116,10.1228,5
397.764,9.3279,5
397.9164,8.8646,5
398.0688,8.5317,5
398.2212,7.9902,5
398.3736,7.2686,5
398.526,6.9804,5
398.6784,6.7515,5
398.8308,5.8416,5
398.9832,5.3091,5
399.1356,5.5215,5
399.288,6.2155,5
399.4404,6.4963,5
399.5928,6.5683,5
399.7452,6.9872,5
399.8976,7.3854,5
400.05,7.9267,5
400.2024,8.3968,5
400.3548,8.789,5
400.5072,10.3375,5
400.6596,11.955,5
400.812,12.151,5
400.9644,11.0496,5
401.1168,10.4138,5
401.2692,10.8114,5
401.4216,11.0221,5
401.574,11.4581,5
401.7264,11.4957,5
401.8788,11.2293,5
402.0312,11.794,5
402.1836,11.8763,5
402.336,11.5321,5
402.4884,10.954,5
402.6408,11.1483,5
402.7932,10.7324,5
402.9456,10.0056,5
403.098,8.8691,5
403.2504,8.1626,5
403.4028,8.2202,5
403.5552,7.9861,5
403.7076,8.1335,5
403.86,8.6944,5
404.0124,9.6243,5
404.1648,9.7451,5
404.3172,9.3792,5
404.4696,8.8223,5
404.622,7.7091,5
404.7744,7.2303,5
404.9268,6.3937,5
405.0792,6.8219,5
405.2316,7.7985,5
405.384,8.5209,5
405.5364,9.3976,5
405.6888,9.489,5
405.8412,10.0508,5
405.9936,11.3009,5
406.146,11.319,5
406.2984,12.1588,5
406.4508,12.4023,5
406.6032,12.7423,5
406.7556,12.3971,5
406.908,11.4355,5
407.0604,11.3931,5
407.2128,10.3668,5
407.3652,9.433,5
407.5176,9.0973,5
407.67,8.3904,5
407.8224,10.0128,5
407.9748,11.6302,5
408.1272,13.3286,5
408.2796,14.0407,5
408.432,13.8404,5
408.5844,13.0878,5
408.7368,11.8501,5
408.8892,12.1884,5
409.0416,12.5777,5
409.194,13.0453,5
409.3464,13.8933,5
409.4988,12.4042,5
409.6512,11.2277,5
409.8036,10.3551,5
409.956,10.4465,5
410.1084,10.3328,5
410.2608,10.427,5
410.4132,10.5394,5
410.5656,10.6538,5
410.718,12.3155,5
410.8704,12.8385,5
411.0228,11.9952,5
411.1752,11.4839,5
411.3276,11.9975,5
411.48,11.7416,5
411.6324,12.8203,5
411.7848,14.108,5
411.9372,14.4824,5
412.0896,14.6367,5
412.242,15.2997,5
412.3944,14.7268,5
412.5468,12.8779,5
412.6992,11.6032,5
412.8516,11.2816,5
413.004,10.4676,5
413.1564,9.5833,5
413.3088,9.4992,5
413.4612,8.0931,5
413.6136,6.4137,5
413.766,4.6037,5
413.9184,3.9445,5
414.0708,3.8554,5
414.2232,5.3506,5
414.3756,6.2275,5
414.528,8.2522,5
414.6804,8.2319,5
414.8328,9.0969,5
414.9852,9.5062,5
415.1376,9.4576,5
415.29,10.5059,5
415.4424,12.9559,5
415.5948,14.4007,5
415.7472,14.1078,5
415.8996,13.2393,5
416.052,11.6851,5
416.2044,10.3187,5
416.3568,10.8103,5
416.5092,11.5091,5
416.6616,11.475,5
416.814,10.4415,5
416.9664,9.8038,5
417.1188,9.0609,5
417.2712,9.6894,5
417.4236,10.1508,5
417.576,10.089,5
417.7284,11.54,5
417.8808,12.6994,5
418.0332,13.2692,5
418.1856,13.0506,5
418.338,12.7241,5
418.4904,13.245,5
418.6428,13.9047,5
418.7952,14.4458,5
418.9476,14.5773,5
419.1,14.5765,5
419.2524,14.5741,5
419.4048,14.5734,5
419.5572,14.5743,5
419.7096,14.5758,5
419.862,14.5737,5
420.0144,14.5698,5
420.1668,14.5654,5
420.3192,14.5643,5
420.4716,14.5644,5
420.624,14.5603,5
420.7764,14.5493,5
420.9288,14.5368,5
421.0812,14.5282,5
421.2336,14.5255,5
421.386,14.5256,5
421.5384,14.527,5
421.6908,14.5279,5
421.8432,14.5243,5
421.9956,14.5179,5
422.148,14.5101,5
422.3004,14.4996,5
422.4528,14.4832,5
422.6052,14.4629,5
422.7576,14.4406,5
422.91,14.4204,5
423.0624,14.4024,5
423.2148,14.3918,5
423.3672,14.3846,5
423.5196,14.3756,5
423.672,14.3626,5
423.8244,14.3488,5
423.9768,14.3385,5
424.1292,14.3314,5
424.2816,14.3248,5
424.434,14.3188,5
424.5864,14.3122,5
424.7388,14.3056,5
424.8912,14.2971,5
425.0436,14.287,5
425.196,14.2727,5
425.3484,14.2529,5
425.5008,14.2237,5
425.6532,14.1873,5
425.8056,14.1549,5
425.958,14.1362,5
426.1104,14.1264,5
426.2628,14.1146,5
426.4152,14.0964,5
426.5676,14.0791,5
426.72,14.0586,5
426.8724,14.0371,5
427.0248,14.0113,5
427.1772,13.9902,5
427.3296,13.9644,5
427.482,13.9421,5
427.6344,13.9187,5
427.7868,13.9029,5
427.9392,13.8929,5
428.0916,13.8892,5
428.244,13.8889,5
428.3964,13.8867,5
428.5488,13.886,5
428.7012,13.881,5
428.8536,13.8649,5
429.006,13.842,5
429.1584,13.822,5
429.3108,13.8096,5
429.4632,13.802,5
429.6156,13.7975,5
429.768,13.7979,5
429.9204,13.7988,5
430.0728,13.7971,5
430.2252,13.7951,5
430.3776,13.7951,5
430.53,13.7971,5
430.6824,13.7995,5
430.8348,13.7974,5
430.9872,13.7856,5
431.1396,13.7715,5
431.292,13.7611,5
431.4444,13.7567,5
431.5968,13.7276,5
431.7492,13.6832,5
431.9016,13.639,5
432.054,13.6216,5
432.2064,13.6203,5
432.3588,13.6217,5
432.5112,12.9297,5
432.6636,11.3396,5
432.816,9.5235,5
432.9684,8.4007,5
