"","depth_mm","Mn"
"X30",2.9,5.04366812227074
"X31",3,4.92207792207792
"X32",3.1,4.89958158995816
"X33",3.2,5.26694915254237
"X34",3.3,5.01619433198381
"X35",3.4,4.8015873015873
"X36",3.5,4.8406374501992
"X37",3.6,5.112
"X38",3.7,5.01181102362205
"X39",3.8,4.85214007782101
"X40",3.9,4.60852713178295
"X41",4,4.76045627376426
"X42",4.1,4.80075187969925
"X43",4.2,5.05992509363296
"X44",4.3,5.29477611940298
"X45",4.4,5.39179104477612
"X46",4.5,5.06716417910448
"X47",4.6,5.46666666666667
"X48",4.7,5.19402985074627
"X49",4.8,4.92857142857143
"X50",4.9,4.97761194029851
"X51",5,5.3134328358209
"X52",5.1,5.83895131086142
"X53",5.2,6.33712121212121
"X54",5.3,6.91011235955056
"X55",5.4,9.30111524163569
"X56",5.5,7.68421052631579
"X57",5.6,7.47211895910781
"X58",5.7,7.33703703703704
"X59",5.8,7.95522388059702
"X60",5.9,5.48106060606061
"X61",6,6.19391634980989
"X62",6.1,8.2851711026616
"X63",6.2,6.04150943396226
"X64",6.3,5.84586466165414
"X65",6.4,5.03409090909091
"X66",6.5,5.25650557620818
"X67",6.6,5.71910112359551
"X68",6.7,5.31835205992509
"X69",6.8,4.73207547169811
"X70",6.9,5.72284644194757
"X71",7,5.71268656716418
"X72",7.1,5.26996197718631
"X73",7.2,6.93893129770992
"X74",7.3,6.96981132075472
"X75",7.4,7.73106060606061
"X76",7.5,7.95833333333333
"X77",7.6,7.29962546816479
"X78",7.7,5.26136363636364
"X79",7.8,5.40684410646388
"X80",7.9,5.11320754716981
"X81",8,6
"X82",8.1,9.0631970260223
"X83",8.2,7.09259259259259
"X84",8.3,5.84586466165414
"X85",8.4,6.05204460966543
"X86",8.5,6.25185185185185
"X87",8.6,6.52611940298507
"X88",8.7,5.98518518518518
"X89",8.8,5.65555555555556
"X90",8.9,5.37777777777778
"X91",9,5.1865671641791
"X92",9.1,5.27509293680297
"X93",9.2,5.04460966542751
"X94",9.3,5.37037037037037
"X95",9.4,5.27238805970149
"X96",9.5,5.42592592592593
"X97",9.6,5.16296296296296
"X98",9.7,5.17407407407407
"X99",9.8,5.43283582089552
"X100",9.9,5.53558052434457
"X101",10,5.27137546468401
"X102",10.1,5.47211895910781
"X103",10.2,5.55056179775281
"X104",10.3,5.24907063197026
"X105",10.4,5.57089552238806
"X106",10.5,5.45149253731343
"X107",10.6,5.37174721189591
"X108",10.7,5.48880597014925
"X109",10.8,5.53932584269663
"X110",10.9,5.64179104477612
"X111",11,5.35338345864662
"X112",11.1,5.30111524163569
"X113",11.2,5.38059701492537
"X114",11.3,5.30223880597015
"X115",11.4,5.50740740740741
"X116",11.5,5.64312267657993
"X117",11.6,5.37174721189591
"X118",11.7,5.22097378277154
"X119",11.8,5.58148148148148
"X120",11.9,5.85873605947955
"X121",12,5.71268656716418
"X122",12.1,6.42537313432836
"X123",12.2,6.15185185185185
"X124",12.3,7.87360594795539
"X125",12.4,6.30943396226415
"X126",12.5,6.3955223880597
"X127",12.6,6.8364312267658
"X128",12.7,9.22304832713755
"X129",12.8,12.1835205992509
"X130",12.9,10.0526315789474
"X131",13,8.90151515151515
"X132",13.1,7.51330798479087
"X133",13.2,6
"X134",13.3,5.85606060606061
"X135",13.4,5.07865168539326
"X136",13.5,5.07806691449814
"X137",13.6,6.03409090909091
"X138",13.7,5.17602996254682
"X139",13.8,4.9811320754717
"X140",13.9,4.43866171003717
"X141",14,4.61048689138577
"X142",14.1,4.77153558052434
"X143",14.2,4.63533834586466
"X144",14.3,4.68773234200744
"X145",14.4,4.61567164179105
"X146",14.5,4.78438661710037
"X147",14.6,4.54477611940298
"X148",14.7,4.67537313432836
"X149",14.8,4.78438661710037
"X150",14.9,4.83834586466165
"X151",15,4.58052434456929
"X152",15.1,4.62264150943396
"X153",15.2,4.41603053435114
"X154",15.3,5.36259541984733
"X155",15.4,5.65168539325843
"X156",15.5,4.58801498127341
"X157",15.6,4.51492537313433
"X158",15.7,4.26515151515152
"X159",15.8,4.26053639846743
"X160",15.9,4.25563909774436
"X161",16,4.4106463878327
"X162",16.1,4.61450381679389
"X163",16.2,4.43346007604563
"X164",16.3,4.34848484848485
"X165",16.4,4.52851711026616
"X166",16.5,4.53030303030303
"X167",16.6,4.59022556390977
"X168",16.7,4.33082706766917
"X169",16.8,4.47191011235955
"X170",16.9,8.80524344569288
"X171",17,11.3320754716981
"X172",17.1,5.53787878787879
"X173",17.2,5.14232209737828
"X174",17.3,6.74045801526718
"X175",17.4,8.60377358490566
"X176",17.5,5.73764258555133
"X177",17.6,4.98461538461538
"X178",17.7,4.57303370786517
"X179",17.8,4.46067415730337
"X180",17.9,4.75094339622641
"X181",18,4.66044776119403
"X182",18.1,4.6780303030303
"X183",18.2,4.96590909090909
"X184",18.3,5.99626865671642
"X185",18.4,6.92565055762082
"X186",18.5,5.1390977443609
"X187",18.6,6.37078651685393
"X188",18.7,5.72284644194757
"X189",18.8,5.62081784386617
"X190",18.9,5.27509293680297
"X191",19,5.12222222222222
"X192",19.1,5.39259259259259
"X193",19.2,4.95910780669145
"X194",19.3,5.22388059701493
"X195",19.4,5.12686567164179
"X196",19.5,4.99256505576208
"X197",19.6,5.10074626865672
"X198",19.7,5.14179104477612
"X199",19.8,5.05970149253731
"X200",19.9,5.11194029850746
"X201",20,4.86988847583643
"X202",20.1,5.05223880597015
"X203",20.2,5.1003717472119
"X204",20.3,5.01119402985075
"X205",20.4,4.94339622641509
"X206",20.5,4.82330827067669
"X207",20.6,4.8996282527881
"X208",20.7,5.16541353383459
"X209",20.8,5.07063197026022
"X210",20.9,4.90706319702602
"X211",21,5.0187969924812
"X212",21.1,5.09701492537313
"X213",21.2,4.80075187969925
"X214",21.3,5.04511278195489
"X215",21.4,5.5410447761194
"X216",21.5,5.04119850187266
"X217",21.6,5.07434944237918
"X218",21.7,4.94795539033457
"X219",21.8,5.08396946564886
"X220",21.9,4.72014925373134
"X221",22,4.91111111111111
"X222",22.1,5.11895910780669
"X223",22.2,5.14126394052045
"X224",22.3,5.12267657992565
"X225",22.4,4.86194029850746
"X226",22.5,4.96616541353383
"X227",22.6,5.07089552238806
"X228",22.7,5.23595505617978
"X229",22.8,5.59701492537313
"X230",22.9,5.28996282527881
"X231",23,5.06367041198502
"X232",23.1,5.27238805970149
"X233",23.2,5.36603773584906
"X234",23.3,5.04135338345865
"X235",23.4,5.18888888888889
"X236",23.5,5.11940298507463
"X237",23.6,5.31460674157303
"X238",23.7,4.74074074074074
"X239",23.8,5.11895910780669
"X240",23.9,5.27715355805243
"X241",24,5.15985130111524
"X242",24.1,5.13754646840149
"X243",24.2,5.23134328358209
"X244",24.3,4.93283582089552
"X245",24.4,4.95131086142322
"X246",24.5,4.95522388059702
"X247",24.6,5.15355805243446
"X248",24.7,4.97752808988764
"X249",24.8,4.99622641509434
"X250",24.9,5.40823970037453
"X251",25,5.32342007434944
"X252",25.1,5.33582089552239
"X253",25.2,5.12359550561798
"X254",25.3,5.17602996254682
"X255",25.4,5.61278195488722
"X256",25.5,5.36842105263158
"X257",25.6,5.07894736842105
"X258",25.7,4.94776119402985
"X259",25.8,5.52416356877323
"X260",25.9,5.37313432835821
"X261",26,5.02631578947368
"X262",26.1,5.50375939849624
"X263",26.2,5.04166666666667
"X264",26.3,5.0185873605948
"X265",26.4,4.9063670411985
"X266",26.5,5.02611940298507
"X267",26.6,4.87313432835821
"X268",26.7,4.63670411985019
"X269",26.8,4.64444444444444
"X270",26.9,4.7680608365019
"X271",27,4.9063670411985
"X272",27.1,4.71535580524345
"X273",27.2,4.98859315589354
"X274",27.3,5.01498127340824
"X275",27.4,4.71320754716981
"X276",27.5,5.01140684410646
"X277",27.6,4.71212121212121
"X278",27.7,4.69172932330827
"X279",27.8,4.68796992481203
"X280",27.9,4.71161048689139
"X281",28,4.78409090909091
"X282",28.1,4.98867924528302
"X283",28.2,4.56439393939394
"X284",28.3,4.55597014925373
"X285",28.4,4.62172284644195
"X286",28.5,4.23863636363636
"X287",28.6,4.40074906367041
"X288",28.7,4.58955223880597
"X289",28.8,4.29588014981273
"X290",28.9,4.47744360902256
"X291",29,4.51301115241636
"X292",29.1,4.4828897338403
"X293",29.2,4.97318007662835
"X294",29.3,5.1030534351145
"X295",29.4,4.91011235955056
"X296",29.5,5.47148288973384
"X297",29.6,5.82156133828996
"X298",29.7,8.31060606060606
"X299",29.8,8.35315985130111
"X300",29.9,6.9063670411985
"X301",30,7.69144981412639
"X302",30.1,5.59622641509434
"X303",30.2,5.02602230483271
"X304",30.3,5.63358778625954
"X305",30.4,6.50375939849624
"X306",30.5,7.84328358208955
"X307",30.6,6.22137404580153
"X308",30.7,5.43820224719101
"X309",30.8,5.91011235955056
"X310",30.9,5.57992565055762
"X311",31,6.20300751879699
"X312",31.1,6.64638783269962
"X313",31.2,8.33460076045627
"X314",31.3,8.11654135338346
"X315",31.4,6.0377358490566
"X316",31.5,5.71161048689139
"X317",31.6,5.13754646840149
"X318",31.7,5.1254752851711
"X319",31.8,5.16666666666667
"X320",31.9,5.26691729323308
"X321",32,5.0374531835206
"X322",32.1,4.78195488721805
"X323",32.2,4.98876404494382
"X324",32.3,5.09433962264151
"X325",32.4,5.09774436090226
"X326",32.5,4.93283582089552
"X327",32.6,5.30740740740741
"X328",32.7,5.00380228136882
"X329",32.8,4.94029850746269
"X330",32.9,5.58052434456929
"X331",33,5.29323308270677
"X332",33.1,5.01486988847584
"X333",33.2,4.84269662921348
"X334",33.3,4.70411985018727
"X335",33.4,5.15909090909091
"X336",33.5,5.41044776119403
"X337",33.6,5.58208955223881
"X338",33.7,5.45724907063197
"X339",33.8,4.83895131086142
"X340",33.9,4.86988847583643
"X341",34,5.01498127340824
"X342",34.1,4.85606060606061
"X343",34.2,4.60526315789474
"X344",34.3,5.02641509433962
"X345",34.4,4.83208955223881
"X346",34.5,5.06741573033708
"X347",34.6,5.33707865168539
"X348",34.7,5.68913857677903
"X349",34.8,5.21481481481482
"X350",34.9,5.61710037174721
"X351",35,5.47940074906367
"X352",35.1,5.90334572490706
"X353",35.2,5.51301115241636
"X354",35.3,6.20377358490566
"X355",35.4,5.41044776119403
"X356",35.5,6.38059701492537
"X357",35.6,6.11895910780669
"X358",35.7,6.02631578947368
"X359",35.8,5
"X360",35.9,5.04089219330855
"X361",36,4.63295880149813
"X362",36.1,4.80597014925373
"X363",36.2,5.12359550561798
"X364",36.3,5.05639097744361
"X365",36.4,4.98148148148148
"X366",36.5,4.88030888030888
"X367",36.6,4.83333333333333
"X368",36.7,4.79699248120301
"X369",36.8,4.80451127819549
"X370",36.9,5.03333333333333
"X371",37,5.29739776951673
"X372",37.1,5.79775280898876
"X373",37.2,6.38661710037175
"X374",37.3,5.88847583643123
"X375",37.4,5.70260223048327
"X376",37.5,6.02962962962963
"X377",37.6,5.28358208955224
"X378",37.7,5.18148148148148
"X379",37.8,5.45522388059702
"X380",37.9,5.53531598513011
"X381",38,5.19850187265918
"X382",38.1,5.35074626865672
"X383",38.2,5.93207547169811
"X384",38.3,6.01119402985075
"X385",38.4,5.44074074074074
"X386",38.5,5.59851301115242
"X387",38.6,5.63197026022305
"X388",38.7,5.44194756554307
"X389",38.8,5.71003717472119
"X390",38.9,5.84328358208955
"X391",39,6.08208955223881
"X392",39.1,5.94444444444444
"X393",39.2,6.05597014925373
"X394",39.3,5.93703703703704
"X395",39.4,6.76865671641791
"X396",39.5,6.31226765799256
"X397",39.6,6.57992565055762
"X398",39.7,7.07089552238806
"X399",39.8,6.3955223880597
"X400",39.9,7.38518518518519
"X401",40,6.52611940298507
"X402",40.1,6.08921933085502
"X403",40.2,6.17843866171004
"X404",40.3,6.31970260223048
"X405",40.4,5.94795539033457
"X406",40.5,5.94074074074074
"X407",40.6,5.66542750929368
"X408",40.7,5.89179104477612
"X409",40.8,7.40520446096654
"X410",40.9,7.31226765799256
"X411",41,10.8992537313433
"X412",41.1,7.89259259259259
"X413",41.2,5.82397003745318
"X414",41.3,5.69259259259259
"X415",41.4,5.94007490636704
"X416",41.5,6.50561797752809
"X417",41.6,7.31481481481481
"X418",41.7,6.88014981273408
"X419",41.8,7.42007434944238
"X420",41.9,11.3234200743494
"X421",42,10.8736059479554
"X422",42.1,7.16728624535316
"X423",42.2,6.01115241635688
"X424",42.3,6.79182156133829
"X425",42.4,5.91791044776119
"X426",42.5,6.39405204460967
"X427",42.6,7.21189591078067
"X428",42.7,5.64661654135338
"X429",42.8,5.34701492537313
"X430",42.9,5.7752808988764
"X431",43,6.35338345864662
"X432",43.1,6.4962962962963
"X433",43.2,5.99625468164794
"X434",43.3,6.46067415730337
"X435",43.4,7.01851851851852
"X436",43.5,8.35315985130111
"X437",43.6,8.21641791044776
"X438",43.7,7.88518518518519
"X439",43.8,9.17843866171004
"X440",43.9,7.182156133829
"X441",44,6.25185185185185
"X442",44.1,6.84758364312268
"X443",44.2,6.52611940298507
"X444",44.3,6.89259259259259
"X445",44.4,7.01851851851852
"X446",44.5,6.88888888888889
"X447",44.6,6.36194029850746
"X448",44.7,6.45488721804511
"X449",44.8,6.44609665427509
"X450",44.9,6.50557620817844
"X451",45,5.98513011152416
"X452",45.1,6.04089219330855
"X453",45.2,6.98518518518518
"X454",45.3,7.05597014925373
"X455",45.4,5.75280898876404
"X456",45.5,5.94444444444444
"X457",45.6,7.05223880597015
"X458",45.7,8.35714285714286
"X459",45.8,7.89138576779026
"X460",45.9,7.14606741573034
"X461",46,8.69776119402985
"X462",46.1,10.0407407407407
"X463",46.2,7.47388059701493
"X464",46.3,6.75836431226766
"X465",46.4,9.24163568773234
"X466",46.5,14.6315789473684
"X467",46.6,17.6518518518519
"X468",46.7,15.1212121212121
"X469",46.8,12.5584905660377
"X470",46.9,9.25095057034221
"X471",47,15.6287878787879
"X472",47.1,11.3895131086142
"X473",47.2,7.37037037037037
"X474",47.3,7.30483271375465
"X475",47.4,6.85820895522388
"X476",47.5,6.24626865671642
"X477",47.6,6.92537313432836
"X478",47.7,7.07806691449814
"X479",47.8,6.7089552238806
"X480",47.9,6.71268656716418
"X481",48,6.44981412639405
"X482",48.1,6.0410447761194
"X483",48.2,6.4037037037037
"X484",48.3,6.84328358208955
"X485",48.4,7.11524163568773
"X486",48.5,6.07835820895522
"X487",48.6,6.15555555555556
"X488",48.7,6.71851851851852
"X489",48.8,6.77566539923954
"X490",48.9,8.82835820895522
"X491",49,7.38805970149254
"X492",49.1,7.96666666666667
"X493",49.2,6.27137546468401
"X494",49.3,8.02247191011236
"X495",49.4,8.90740740740741
"X496",49.5,9.06296296296296
"X497",49.6,10.205223880597
"X498",49.7,8.57992565055762
"X499",49.8,7.87732342007435
"X500",49.9,8.02962962962963
"X501",50,7.78148148148148
"X502",50.1,7.57089552238806
"X503",50.2,7.7360594795539
"X504",50.3,7.2962962962963
"X505",50.4,7.74721189591078
"X506",50.5,7.54814814814815
"X507",50.6,6.73880597014925
"X508",50.7,6.3271375464684
"X509",50.8,6.73234200743494
"X510",50.9,6.27037037037037
"X511",51,6.09737827715356
"X512",51.1,6.29259259259259
"X513",51.2,5.71268656716418
"X514",51.3,5.68796992481203
"X515",51.4,6.21189591078067
"X516",51.5,6.01119402985075
"X517",51.6,5.93308550185874
"X518",51.7,6.41417910447761
"X519",51.8,6.04850746268657
"X520",51.9,6.81716417910448
"X521",52,7.35555555555556
"X522",52.1,7.21561338289963
"X523",52.2,6.22962962962963
"X524",52.3,7
"X525",52.4,7.36940298507463
"X526",52.5,6.50557620817844
"X527",52.6,5.75092936802974
"X528",52.7,6.74349442379182
"X529",52.8,7.2453531598513
"X530",52.9,5.98884758364312
"X531",53,5.67777777777778
"X532",53.1,6.19029850746269
"X533",53.2,5.99625468164794
"X534",53.3,6.05925925925926
"X535",53.4,6.33582089552239
"X536",53.5,5.76951672862454
"X537",53.6,5.67041198501873
"X538",53.7,5.47388059701493
"X539",53.8,5.57089552238806
"X540",53.9,5.76404494382022
"X541",54,5.27777777777778
"X542",54.1,5.45692883895131
"X543",54.2,5.27340823970037
"X544",54.3,5.26865671641791
"X545",54.4,5.31698113207547
"X546",54.5,5.20074349442379
"X547",54.6,5.05639097744361
"X548",54.7,5.37407407407407
"X549",54.8,5.20446096654275
"X550",54.9,5.35185185185185
"X551",55,5.1962962962963
"X552",55.1,5.41417910447761
"X553",55.2,4.90334572490706
"X554",55.3,5.22097378277154
"X555",55.4,5.01486988847584
"X556",55.5,5.08270676691729
"X557",55.6,5.00374531835206
"X558",55.7,4.56179775280899
"X559",55.8,4.86466165413534
"X560",55.9,4.79847908745247
"X561",56,4.48314606741573
"X562",56.1,4.76315789473684
"X563",56.2,4.73033707865169
"X564",56.3,4.71969696969697
"X565",56.4,5.07575757575758
"X566",56.5,6.01492537313433
"X567",56.6,5.72452830188679
"X568",56.7,5.3955223880597
"X569",56.8,5.78947368421053
"X570",56.9,5.95167286245353
"X571",57,5.51119402985075
"X572",57.1,6.2
"X573",57.2,5.69961977186312
"X574",57.3,5.44194756554307
"X575",57.4,6.33457249070632
"X576",57.5,5.58955223880597
"X577",57.6,5.23507462686567
"X578",57.7,5.27407407407407
"X579",57.8,5.37686567164179
"X580",57.9,5.4188679245283
"X581",58,5.30451127819549
"X582",58.1,5.22222222222222
"X583",58.2,5.33707865168539
"X584",58.3,5.35580524344569
"X585",58.4,5.47407407407407
"X586",58.5,5.12734082397004
"X587",58.6,5.25468164794007
"X588",58.7,5.41481481481481
"X589",58.8,5.75373134328358
"X590",58.9,5.80898876404494
"X591",59,5.12781954887218
"X592",59.1,5.37037037037037
"X593",59.2,5.98134328358209
"X594",59.3,5.46468401486989
"X595",59.4,5.22813688212928
"X596",59.5,5.54646840148699
"X597",59.6,5.57089552238806
"X598",59.7,5.03333333333333
"X599",59.8,5.60966542750929
"X600",59.9,5.77985074626866
"X601",60,5.89591078066915
"X602",60.1,5.5410447761194
"X603",60.2,5.63805970149254
"X604",60.3,5.48314606741573
"X605",60.4,5.28030303030303
"X606",60.5,5.23048327137546
"X607",60.6,5.78438661710037
"X608",60.7,5.72862453531599
"X609",60.8,5.79850746268657
"X610",60.9,5.86194029850746
"X611",61,5.39245283018868
"X612",61.1,5.3037037037037
"X613",61.2,6.02238805970149
"X614",61.3,5.79850746268657
"X615",61.4,5.69029850746269
"X616",61.5,5.70149253731343
"X617",61.6,5.77695167286245
"X618",61.7,5.4037037037037
"X619",61.8,5.36466165413534
"X620",61.9,5.56877323420074
"X621",62,5.38059701492537
"X622",62.1,5.51111111111111
"X623",62.2,5.21933085501859
"X624",62.3,5.10074626865672
"X625",62.4,5.35687732342007
"X626",62.5,5.31203007518797
"X627",62.6,5.16981132075472
"X628",62.7,5.35555555555556
"X629",62.8,5.1310861423221
"X630",62.9,5.13157894736842
"X631",63,4.73234200743494
"X632",63.1,5.16044776119403
"X633",63.2,5.07407407407407
"X634",63.3,5.09328358208955
"X635",63.4,5.20973782771536
"X636",63.5,4.95522388059702
"X637",63.6,4.89887640449438
"X638",63.7,5.07865168539326
"X639",63.8,5.28624535315985
"X640",63.9,5.17537313432836
"X641",64,5.19402985074627
"X642",64.1,5.50746268656716
"X643",64.2,5.63568773234201
"X644",64.3,5.26296296296296
"X645",64.4,5.60594795539033
"X646",64.5,5.82592592592593
"X647",64.6,5.85555555555556
"X648",64.7,5.57835820895522
"X649",64.8,5.84701492537313
"X650",64.9,5.84014869888476
"X651",65,5.88805970149254
"X652",65.1,6.27137546468401
"X653",65.2,7.8134328358209
"X654",65.3,8.7732342007435
"X655",65.4,6.9811320754717
"X656",65.5,5.84386617100372
"X657",65.6,6.43122676579926
"X658",65.7,6.72862453531599
"X659",65.8,6.37546468401487
"X660",65.9,6.70149253731343
"X661",66,7.14925373134328
"X662",66.1,7.32592592592593
"X663",66.2,5.83520599250936
"X664",66.3,6.39776951672862
"X665",66.4,6.12267657992565
"X666",66.5,5.84701492537313
"X667",66.6,6.07865168539326
"X668",66.7,6.49812734082397
"X669",66.8,7.19172932330827
"X670",66.9,6.95849056603774
"X671",67,7.26217228464419
"X672",67.1,7.05263157894737
"X673",67.2,8.29545454545454
"X674",67.3,9.32954545454546
"X675",67.4,5.54850746268657
"X676",67.5,5.18045112781955
"X677",67.6,5.06792452830189
"X678",67.7,4.80988593155894
"X679",67.8,4.89138576779026
"X680",67.9,5.11610486891386
"X681",68,5.59022556390977
"X682",68.1,5.90671641791045
"X683",68.2,7.78571428571429
"X684",68.3,6.23048327137546
"X685",68.4,6.1
"X686",68.5,6.93155893536122
"X687",68.6,7.62781954887218
"X688",68.7,5.72761194029851
"X689",68.8,5.68913857677903
"X690",68.9,6.14179104477612
"X691",69,6.08582089552239
"X692",69.1,5.92537313432836
"X693",69.2,5.55430711610487
"X694",69.3,5.40671641791045
"X695",69.4,5.38289962825279
"X696",69.5,5.82089552238806
"X697",69.6,5.74157303370786
"X698",69.7,6.60674157303371
"X699",69.8,7.93632958801498
"X700",69.9,8.10861423220974
"X701",70,8.94029850746269
"X702",70.1,10.6505576208178
"X703",70.2,7.81412639405204
"X704",70.3,8.08239700374532
"X705",70.4,6.40449438202247
"X706",70.5,6.14444444444444
"X707",70.6,6.45692883895131
"X708",70.7,6.87313432835821
"X709",70.8,7.53903345724907
"X710",70.9,7.17910447761194
"X711",71,6.41198501872659
"X712",71.1,6.85873605947955
"X713",71.2,7.06691449814126
"X714",71.3,6.66666666666667
"X715",71.4,6.37174721189591
"X716",71.5,6.10780669144981
"X717",71.6,6.90334572490706
"X718",71.7,7.58208955223881
"X719",71.8,8.72118959107807
"X720",71.9,8.23308270676692
"X721",72,7.04444444444444
"X722",72.1,6.68401486988848
"X723",72.2,6.72452830188679
"X724",72.3,6.66292134831461
"X725",72.4,6.86692015209125
"X726",72.5,5.97761194029851
"X727",72.6,5.71535580524345
"X728",72.7,6.55639097744361
"X729",72.8,6.57462686567164
"X730",72.9,6.17100371747212
"X731",73,6.4
"X732",73.1,7.41132075471698
"X733",73.2,6.93258426966292
"X734",73.3,5.98507462686567
"X735",73.4,5.96240601503759
"X736",73.5,6.00743494423792
"X737",73.6,6.02238805970149
"X738",73.7,5.90706319702602
"X739",73.8,5.90262172284644
"X740",73.9,5.57835820895522
"X741",74,5.65917602996255
"X742",74.1,5.38888888888889
"X743",74.2,5.79775280898876
"X744",74.3,6.04868913857678
"X745",74.4,5.7680608365019
"X746",74.5,6.05992509363296
"X747",74.6,6.59925093632959
"X748",74.7,6.16296296296296
"X749",74.8,6.54850746268657
"X750",74.9,7.66666666666667
"X751",75,7.27715355805243
"X752",75.1,6.30337078651685
"X753",75.2,7.21851851851852
"X754",75.3,7.42222222222222
"X755",75.4,7.76865671641791
"X756",75.5,6.64044943820225
"X757",75.6,6.44776119402985
"X758",75.7,6.46616541353383
"X759",75.8,6.65909090909091
"X760",75.9,7.2593984962406
"X761",76,7.95833333333333
"X762",76.1,7.68539325842697
"X763",76.2,7.9589552238806
"X764",76.3,7.30111524163569
"X765",76.4,6.73033707865169
"X766",76.5,6.32462686567164
"X767",76.6,6.61048689138577
"X768",76.7,6.13483146067416
"X769",76.8,5.50746268656716
"X770",76.9,5.98501872659176
"X771",77,5.31203007518797
"X772",77.1,5.16417910447761
"X773",77.2,5.30711610486891
"X774",77.3,5.2910447761194
"X775",77.4,5.33458646616541
"X776",77.5,5.75665399239544
"X777",77.6,5.38805970149254
"X778",77.7,5.80970149253731
"X779",77.8,6.14606741573034
"X780",77.9,6.01123595505618
"X781",78,5.95149253731343
"X782",78.1,5.36802973977695
"X783",78.2,5.82089552238806
"X784",78.3,5.58955223880597
"X785",78.4,5.0749063670412
"X786",78.5,6.06766917293233
"X787",78.6,6.15909090909091
"X788",78.7,5.79182156133829
"X789",78.8,5.45283018867925
"X790",78.9,5.26119402985075
"X791",79,5.11985018726592
"X792",79.1,5.42105263157895
"X793",79.2,5.92075471698113
"X794",79.3,5.12781954887218
"X795",79.4,4.94756554307116
"X796",79.5,4.99253731343284
"X797",79.6,5.33707865168539
"X798",79.7,6.19318181818182
"X799",79.8,8.95471698113207
"X800",79.9,8.46641791044776
"X801",80,6.21428571428571
"X802",80.1,5.04511278195489
"X803",80.2,6.2037037037037
"X804",80.3,6.64794007490637
"X805",80.4,5.04089219330855
"X806",80.5,5.07518796992481
"X807",80.6,4.89259259259259
"X808",80.7,5.3609022556391
"X809",80.8,4.68401486988848
"X810",80.9,4.7940074906367
"X811",81,4.89887640449438
"X812",81.1,4.89393939393939
"X813",81.2,4.89473684210526
"X814",81.3,4.97769516728625
"X815",81.4,4.89179104477612
"X816",81.5,4.64419475655431
"X817",81.6,4.47744360902256
"X818",81.7,4.52808988764045
"X819",81.8,5.91698113207547
"X820",81.9,4.91353383458647
"X821",82,4.62686567164179
"X822",82.1,4.76404494382022
"X823",82.2,4.78409090909091
"X824",82.3,4.82397003745318
"X825",82.4,4.8314606741573
"X826",82.5,4.89272030651341
"X827",82.6,4.43283582089552
"X828",82.7,4.88679245283019
"X829",82.8,4.75746268656716
"X830",82.9,4.87169811320755
"X831",83,5.02621722846442
"X832",83.1,4.8955223880597
"X833",83.2,5.07547169811321
"X834",83.3,5.05263157894737
"X835",83.4,5.94756554307116
"X836",83.5,5.95454545454545
"X837",83.6,5.10861423220974
"X838",83.7,4.96240601503759
"X839",83.8,5.16791044776119
"X840",83.9,5.35074626865672
"X841",84,5.96654275092937
"X842",84.1,7.11610486891386
"X843",84.2,7.21933085501859
"X844",84.3,7.09398496240602
"X845",84.4,7.13857677902622
"X846",84.5,5.98513011152416
"X847",84.6,6.71747211895911
"X848",84.7,7.58208955223881
"X849",84.8,5.86507936507936
"X850",84.9,5.7344398340249
"X851",85,6.71681415929203
"X852",85.1,7.51834862385321
"X853",85.2,9.25345622119816
"X854",85.3,6.90393013100437
"X855",85.4,7.89156626506024
"X856",85.5,8.33734939759036
"X857",85.6,7.4859437751004
"X858",85.7,6.86904761904762
"X859",85.8,5.65957446808511
"X860",85.9,6.66222222222222
"X861",86,8.38362068965517
"X862",86.1,9.19834710743802
"X863",86.2,8.4695652173913
"X864",86.3,7.8
"X865",86.4,8.11160714285714
"X866",86.5,7.09795918367347
"X867",86.6,6.24521072796935
"X868",86.7,5.33458646616541
"X869",86.8,5.03831417624521
"X870",86.9,5.09920634920635
"X871",87,5.84765625
"X872",87.1,5.39245283018868
"X873",87.2,4.87640449438202
"X874",87.3,5.07547169811321
"X875",87.4,4.79850746268657
"X876",87.5,4.89925373134328
"X877",87.6,4.67169811320755
"X878",87.7,4.73782771535581
"X879",87.8,4.54444444444444
"X880",87.9,4.67527675276753
"X881",88,4.66300366300366
"X882",88.1,4.48540145985401
"X883",88.2,4.63537906137184
"X884",88.3,4.60727272727273
"X885",88.4,4.40287769784173
"X886",88.5,4.25270758122744
"X887",88.6,4.47670250896057
"X888",88.7,4.87900355871886
"X889",88.8,4.71929824561404
"X890",88.9,5.0034965034965
"X891",89,4.8
"X892",89.1,4.89930555555556
"X893",89.2,5.22758620689655
"X894",89.3,4.8551724137931
"X895",89.4,4.76736111111111
"X896",89.5,4.43150684931507
"X897",89.6,4.39041095890411
"X898",89.7,4.26530612244898
"X899",89.8,4.40133779264214
"X900",89.9,4.55218855218855
"X901",90,4.52842809364549
"X902",90.1,4.52684563758389
"X903",90.2,4.71475409836066
"X904",90.3,4.47557003257329
"X905",90.4,4.48504983388704
"X906",90.5,4.43506493506494
"X907",90.6,4.66229508196721
"X908",90.7,5
"X909",90.8,4.87947882736156
"X910",90.9,5.12779552715655
"X911",91,5.32371794871795
"X912",91.1,5.00636942675159
"X913",91.2,4.82334384858044
"X914",91.3,5.95
"X915",91.4,5.19375
"X916",91.5,4.94043887147335
"X917",91.6,5.43962848297214
"X918",91.7,5.69565217391304
"X919",91.8,5.59146341463415
"X920",91.9,5.96341463414634
"X921",92,6.06079027355623
"X922",92.1,6.27272727272727
"X923",92.2,6.00604229607251
"X924",92.3,6.29041916167665
"X925",92.4,7.03313253012048
"X926",92.5,7.27678571428571
"X927",92.6,7.74260355029586
"X928",92.7,7.85207100591716
"X929",92.8,6.5414201183432
"X930",92.9,6.48235294117647
"X931",93,6.27485380116959
"X932",93.1,6.20116618075802
"X933",93.2,6.5304347826087
"X934",93.3,6.70893371757925
"X935",93.4,5.48843930635838
"X936",93.5,4.79714285714286
"X937",93.6,4.75213675213675
"X938",93.7,4.58
"X939",93.8,4.51558073654391
"X940",93.9,4.83050847457627
"X941",94,4.85352112676056
"X942",94.1,4.72829131652661
"X943",94.2,4.84078212290503
"X944",94.3,5.28333333333333
"X945",94.4,5.06424581005587
"X946",94.5,4.96132596685083
"X947",94.6,5.64542936288089
"X948",94.7,5.15760869565217
"X949",94.8,5.16393442622951
"X950",94.9,5.03542234332425
"X951",95,5.0027027027027
"X952",95.1,5.12771739130435
"X953",95.2,4.98404255319149
"X954",95.3,5.29973474801061
"X955",95.4,5.5
"X956",95.5,5.26133333333333
"X957",95.6,5.37566137566138
"X958",95.7,5.34736842105263
"X959",95.8,5.48302872062663
"X960",95.9,5.88250652741514
"X961",96,6.16145833333333
"X962",96.1,7.56217616580311
"X963",96.2,7.19430051813471
"X964",96.3,6.61498708010336
"X965",96.4,6.05641025641026
"X966",96.5,7.66496163682864
"X967",96.6,8.15736040609137
"X968",96.7,5.9846547314578
"X969",96.8,5.66066838046272
"X970",96.9,5.79487179487179
"X971",97,5.47314578005115
"X972",97.1,5.37692307692308
"X973",97.2,5.31282051282051
"X974",97.3,5.59033078880407
"X975",97.4,5.41943734015345
"X976",97.5,5.48593350383632
"X977",97.6,5.53452685421995
"X978",97.7,5.53180661577608
"X979",97.8,5.47826086956522
"X980",97.9,5.85567010309278
"X981",98,5.45408163265306
"X982",98.1,5.40609137055838
"X983",98.2,5.47088607594937
"X984",98.3,5.53708439897698
"X985",98.4,5.41116751269035
"X986",98.5,5.14833759590793
"X987",98.6,5.27877237851662
"X988",98.7,5.34860050890585
"X989",98.8,5.41730279898219
"X990",98.9,5.44020356234097
"X991",99,5.65316455696203
"X992",99.1,5.61224489795918
"X993",99.2,5.45012787723785
"X994",99.3,5.75126903553299
"X995",99.4,5.62626262626263
"X996",99.5,5.46835443037975
"X997",99.6,5.49620253164557
"X998",99.7,5.38481012658228
"X999",99.8,5.39593908629442
"X1000",99.9,5.73096446700508
"X1001",100,5.54081632653061
"X1002",100.1,5.8265306122449
"X1003",100.2,6.10353535353535
"X1004",100.3,6.23618090452261
"X1005",100.4,6.80710659898477
"X1006",100.5,7.1010101010101
"X1007",100.6,6.04810126582279
"X1008",100.7,5.5746835443038
"X1009",100.8,5.54135338345865
"X1010",100.9,5.51637279596977
"X1011",101,5.37939698492462
"X1012",101.1,5.27067669172932
"X1013",101.2,5.31658291457286
"X1014",101.3,5.36294416243655
"X1015",101.4,6.37215189873418
"X1016",101.5,5.28571428571429
"X1017",101.6,5.42713567839196
"X1018",101.7,5.36616161616162
"X1019",101.8,5.48362720403023
"X1020",101.9,5.29323308270677
"X1021",102,5.49246231155779
"X1022",102.1,5.23558897243108
"X1023",102.2,5.63819095477387
"X1024",102.3,5.62344139650873
"X1025",102.4,5.6284289276808
"X1026",102.5,5.71717171717172
"X1027",102.6,5.74185463659148
"X1028",102.7,6.1328320802005
"X1029",102.8,5.82575757575758
"X1030",102.9,6.81592039800995
"X1031",103,7.29601990049751
"X1032",103.1,6.6783042394015
"X1033",103.2,7.41831683168317
"X1034",103.3,7.66583541147132
"X1035",103.4,6.60049627791563
"X1036",103.5,6.48762376237624
"X1037",103.6,6.80445544554455
"X1038",103.7,7.61097256857855
"X1039",103.8,7.09203980099502
"X1040",103.9,7.44581280788177
"X1041",104,6.35820895522388
"X1042",104.1,6.50124069478908
"X1043",104.2,5.99749373433584
"X1044",104.3,6.27114427860697
"X1045",104.4,7.11528822055138
"X1046",104.5,6.34158415841584
"X1047",104.6,7.33582089552239
"X1048",104.7,7.54613466334165
"X1049",104.8,7.96314496314496
"X1050",104.9,7.09226932668329
"X1051",105,6.62531017369727
"X1052",105.1,5.76674937965261
"X1053",105.2,5.53086419753086
"X1054",105.3,4.89851485148515
"X1055",105.4,4.90346534653465
"X1056",105.5,5.07692307692308
"X1057",105.6,5.07286432160804
"X1058",105.7,4.9725
"X1059",105.8,4.84711779448622
"X1060",105.9,5.13432835820895
"X1061",106,4.67821782178218
"X1062",106.1,4.70197044334975
"X1063",106.2,4.64089775561097
"X1064",106.3,4.8287841191067
"X1065",106.4,4.92059553349876
"X1066",106.5,4.83830845771144
"X1067",106.6,4.73200992555831
"X1068",106.7,4.62962962962963
"X1069",106.8,4.85820895522388
"X1070",106.9,5.13513513513514
"X1071",107,4.90617283950617
"X1072",107.1,5.02722772277228
"X1073",107.2,5.09336609336609
"X1074",107.3,5.1990171990172
"X1075",107.4,5.2089552238806
"X1076",107.5,4.9575
"X1077",107.6,4.76558603491272
"X1078",107.7,4.98488664987406
"X1079",107.8,5.11421319796954
"X1080",107.9,5.12781954887218
"X1081",108,5.05808080808081
"X1082",108.1,5.01015228426396
"X1083",108.2,5.17302798982188
"X1084",108.3,4.68380462724936
"X1085",108.4,4.94102564102564
"X1086",108.5,4.94329896907217
"X1087",108.6,4.9609375
"X1088",108.7,5.00520833333333
"X1089",108.8,4.77577319587629
"X1090",108.9,5.02583979328165
"X1091",109,4.91168831168831
"X1092",109.1,5.03684210526316
"X1093",109.2,5.05526315789474
"X1094",109.3,5.16797900262467
"X1095",109.4,5.00526315789474
"X1096",109.5,4.67466666666667
"X1097",109.6,5.28381962864721
"X1098",109.7,4.92266666666667
"X1099",109.8,4.8921832884097
"X1100",109.9,4.95967741935484
"X1101",110,5.20054200542005
"X1102",110.1,5.26486486486487
"X1103",110.2,5.24390243902439
"X1104",110.3,5.13315217391304
"X1105",110.4,5.05769230769231
"X1106",110.5,5.43561643835616
"X1107",110.6,5.70523415977961
"X1108",110.7,6.5391061452514
"X1109",110.8,6.12707182320442
"X1110",110.9,6.21787709497207
"X1111",111,6.14484679665738
"X1112",111.1,6.46648044692737
"X1113",111.2,7.08659217877095
"X1114",111.3,6.33988764044944
"X1115",111.4,6.39606741573034
"X1116",111.5,7.13881019830028
"X1117",111.6,8.24
"X1118",111.7,5.96581196581197
"X1119",111.8,5.86285714285714
"X1120",111.9,5.53448275862069
"X1121",112,5.62608695652174
"X1122",112.1,5.78097982708934
"X1123",112.2,6.0864553314121
"X1124",112.3,6.22608695652174
"X1125",112.4,6.00294117647059
"X1126",112.5,6.07352941176471
"X1127",112.6,6.66470588235294
"X1128",112.7,6.13489736070381
"X1129",112.8,6.08011869436202
"X1130",112.9,6.37797619047619
"X1131",113,6.93786982248521
"X1132",113.1,6.61561561561562
"X1133",113.2,6.96676737160121
"X1134",113.3,6.37462235649547
"X1135",113.4,6.54573170731707
"X1136",113.5,5.97865853658537
"X1137",113.6,5.89877300613497
"X1138",113.7,6.13414634146341
"X1139",113.8,6.20552147239264
"X1140",113.9,6.06811145510836
"X1141",114,6.03115264797508
"X1142",114.1,5.80685358255452
"X1143",114.2,5.784375
"X1144",114.3,5.73817034700315
"X1145",114.4,5.64668769716088
"X1146",114.5,5.7275641025641
"X1147",114.6,5.63291139240506
"X1148",114.7,5.65495207667732
"X1149",114.8,5.375
"X1150",114.9,5.61980830670927
"X1151",115,5.71612903225806
"X1152",115.1,5.45307443365696
"X1153",115.2,5.62295081967213
"X1154",115.3,6.21753246753247
"X1155",115.4,6.19344262295082
"X1156",115.5,5.85573770491803
"X1157",115.6,6.11842105263158
"X1158",115.7,6.16831683168317
"X1159",115.8,5.97019867549669
"X1160",115.9,6.01666666666667
"X1161",116,5.80201342281879
"X1162",116.1,6.46644295302013
"X1163",116.2,6.08080808080808
"X1164",116.3,6.49662162162162
"X1165",116.4,6
"X1166",116.5,6.3527397260274
"X1167",116.6,6.04810996563574
"X1168",116.7,6.51202749140893
"X1169",116.8,6.09655172413793
"X1170",116.9,6.49128919860627
"X1171",117,5.88805970149254
"X1172",117.1,5.90334572490706
"X1173",117.2,6.45724907063197
"X1174",117.3,6.32222222222222
"X1175",117.4,6.0631970260223
"X1176",117.5,7.78810408921933
"X1177",117.6,8.71481481481482
"X1178",117.7,7.41851851851852
"X1179",117.8,6.55555555555556
"X1180",117.9,6.74444444444444
"X1181",118,6.14444444444444
"X1182",118.1,5.98518518518518
"X1183",118.2,6.04905660377359
"X1184",118.3,5.80669144981413
"X1185",118.4,5.54850746268657
"X1186",118.5,4.97761194029851
"X1187",118.6,5.19029850746269
"X1188",118.7,5.13754646840149
"X1189",118.8,4.98134328358209
"X1190",118.9,5.10820895522388
"X1191",119,5.32575757575758
"X1192",119.1,5.13432835820895
"X1193",119.2,5.48507462686567
"X1194",119.3,5.3622641509434
"X1195",119.4,5.45488721804511
"X1196",119.5,5.53932584269663
"X1197",119.6,5.51685393258427
"X1198",119.7,5.42857142857143
"X1199",119.8,5.51301115241636
"X1200",119.9,5.35955056179775
"X1201",120,5.29739776951673
"X1202",120.1,5.48880597014925
"X1203",120.2,5.57089552238806
"X1204",120.3,5
"X1205",120.4,5.36194029850746
"X1206",120.5,5.27985074626866
"X1207",120.6,5.42857142857143
"X1208",120.7,5.54646840148699
"X1209",120.8,5.52238805970149
"X1210",120.9,5.64419475655431
"X1211",121,5.90706319702602
"X1212",121.1,5.95488721804511
"X1213",121.2,5.95539033457249
"X1214",121.3,6.35205992509363
"X1215",121.4,6.5
"X1216",121.5,6.47211895910781
"X1217",121.6,6.71003717472119
"X1218",121.7,7.1865671641791
"X1219",121.8,7.04444444444444
"X1220",121.9,7.16666666666667
"X1221",122,6.9962962962963
"X1222",122.1,7.15613382899628
"X1223",122.2,7.03703703703704
"X1224",122.3,7.11481481481481
"X1225",122.4,7.24163568773234
"X1226",122.5,7.3271375464684
"X1227",122.6,8.74074074074074
"X1228",122.7,7.17164179104478
"X1229",122.8,6.36567164179105
"X1230",122.9,7.36059479553903
"X1231",123,6.52075471698113
"X1232",123.1,5.10112359550562
"X1233",123.2,5.29739776951673
"X1234",123.3,5.37827715355805
"X1235",123.4,4.70566037735849
"X1236",123.5,4.93962264150943
"X1237",123.6,5.11026615969582
"X1238",123.7,5.04545454545455
"X1239",123.8,4.81954887218045
"X1240",123.9,4.75563909774436
"X1241",124,4.52808988764045
"X1242",124.1,4.7
"X1243",124.2,4.60526315789474
"X1244",124.3,4.66666666666667
"X1245",124.4,4.89513108614232
"X1246",124.5,4.48863636363636
"X1247",124.6,4.61710037174721
"X1248",124.7,5.07116104868914
"X1249",124.8,4.99624060150376
"X1250",124.9,5.35714285714286
"X1251",125,5.1310861423221
"X1252",125.1,5.31320754716981
"X1253",125.2,6.58270676691729
"X1254",125.3,6.22264150943396
"X1255",125.4,5.00743494423792
"X1256",125.5,5.14179104477612
"X1257",125.6,5.25746268656716
"X1258",125.7,5.76893939393939
"X1259",125.8,7.76119402985075
"X1260",125.9,6.45522388059702
"X1261",126,5.76208178438662
"X1262",126.1,5.34586466165414
"X1263",126.2,5.16541353383459
"X1264",126.3,5.50746268656716
"X1265",126.4,5.50936329588015
"X1266",126.5,5.77272727272727
"X1267",126.6,5.96969696969697
"X1268",126.7,6.35185185185185
"X1269",126.8,6.07924528301887
"X1270",126.9,5.76492537313433
"X1271",127,6.22846441947566
"X1272",127.1,6.32706766917293
"X1273",127.2,6.85873605947955
"X1274",127.3,6.35955056179775
"X1275",127.4,5.71590909090909
"X1276",127.5,5.05660377358491
"X1277",127.6,5.24163568773234
"X1278",127.7,4.94776119402985
"X1279",127.8,4.99626865671642
"X1280",127.9,5.53759398496241
"X1281",128,5.63805970149254
"X1282",128.1,5.8689138576779
"X1283",128.2,5.51865671641791
"X1284",128.3,5.23880597014925
"X1285",128.4,5.26591760299625
"X1286",128.5,5.83082706766917
"X1287",128.6,5.23791821561338
"X1288",128.7,6.48872180451128
"X1289",128.8,6.24814814814815
"X1290",128.9,5.74074074074074
"X1291",129,6.07984790874525
"X1292",129.1,5.92537313432836
"X1293",129.2,5.31716417910448
"X1294",129.3,5.02611940298507
"X1295",129.4,6.04494382022472
"X1296",129.5,5.84701492537313
"X1297",129.6,5.66292134831461
"X1298",129.7,6.51310861423221
"X1299",129.8,6.92857142857143
"X1300",129.9,6.63396226415094
"X1301",130,6.14716981132075
"X1302",130.1,5.46240601503759
"X1303",130.2,5.85393258426966
"X1304",130.3,5.53558052434457
"X1305",130.4,5.5962962962963
"X1306",130.5,5.83955223880597
"X1307",130.6,5.70188679245283
"X1308",130.7,6.01503759398496
"X1309",130.8,6.16791044776119
"X1310",130.9,6.48880597014925
"X1311",131,6.48148148148148
"X1312",131.1,6.30075187969925
"X1313",131.2,6.15241635687732
"X1314",131.3,6.1962962962963
"X1315",131.4,6.13307984790875
"X1316",131.5,5.99256505576208
"X1317",131.6,6.28679245283019
"X1318",131.7,6.56766917293233
"X1319",131.8,5.9438202247191
"X1320",131.9,5.78731343283582
"X1321",132,5.71910112359551
"X1322",132.1,5.86037735849057
"X1323",132.2,5.86466165413534
"X1324",132.3,5.96666666666667
"X1325",132.4,5.95167286245353
"X1326",132.5,5.8962962962963
"X1327",132.6,5.90262172284644
"X1328",132.7,5.71590909090909
"X1329",132.8,5.45488721804511
"X1330",132.9,5.58426966292135
"X1331",133,5.42164179104478
"X1332",133.1,5.16165413533835
"X1333",133.2,5.24907063197026
"X1334",133.3,5.16296296296296
"X1335",133.4,5.4589552238806
"X1336",133.5,5.05597014925373
"X1337",133.6,5.08239700374532
"X1338",133.7,5.03030303030303
"X1339",133.8,5.08239700374532
"X1340",133.9,6.67041198501873
"X1341",134,6.0749063670412
"X1342",134.1,7.39700374531835
"X1343",134.2,7.4589552238806
"X1344",134.3,6.39923954372624
"X1345",134.4,6.82307692307692
"X1346",134.5,6.64341085271318
"X1347",134.6,6.48046875
"X1348",134.7,7.75933609958506
"X1349",134.8,5.71359223300971
"X1350",134.9,5.56060606060606
"X1351",135,5.58208955223881
"X1352",135.1,5.11219512195122
"X1353",135.2,5.06849315068493
"X1354",135.3,4.93534482758621
"X1355",135.4,5.36178861788618
"X1356",135.5,5.61194029850746
"X1357",135.6,5.19083969465649
"X1358",135.7,4.7109375
"X1359",135.8,4.64173228346457
"X1360",135.9,5.33333333333333
"X1361",136,5.63779527559055
"X1362",136.1,5.76190476190476
"X1363",136.2,5.84645669291339
"X1364",136.3,5.88582677165354
"X1365",136.4,6.04724409448819
"X1366",136.5,5.73122529644269
"X1367",136.6,5.12350597609562
"X1368",136.7,5.27309236947791
"X1369",136.8,5.67063492063492
"X1370",136.9,7.62352941176471
"X1371",137,6.76494023904382
"X1372",137.1,8.39591836734694
"X1373",137.2,9.13654618473896
"X1374",137.3,8.65587044534413
"X1375",137.4,8.34666666666667
"X1376",137.5,7.94845360824742
"X1377",137.6,8.14130434782609
"X1378",137.7,8.73888888888889
"X1379",137.8,9.69230769230769
"X1380",137.9,7.78947368421053
"X1381",138,6.68396226415094
"X1382",138.1,8.96551724137931
"X1383",138.2,7.5625
"X1384",138.3,7.65625
"X1385",138.4,8.40343347639485
"X1386",138.5,8.0655737704918
"X1387",138.6,10.71875
"X1388",138.7,8.1
"X1389",138.8,5.95057034220532
"X1390",138.9,5.92537313432836
"X1391",139,5.77037037037037
"X1392",139.1,5.62172284644195
"X1393",139.2,5.91254752851711
"X1394",139.3,5.86792452830189
"X1395",139.4,5.98490566037736
"X1396",139.5,6.17735849056604
"X1397",139.6,6.03358208955224
"X1398",139.7,6.04887218045113
"X1399",139.8,6.10740740740741
"X1400",139.9,6.06390977443609
"X1401",140,5.99256505576208
"X1402",140.1,6.17843866171004
"X1403",140.2,5.98880597014925
"X1404",140.3,6.08646616541353
"X1405",140.4,6.07434944237918
"X1406",140.5,5.98134328358209
"X1407",140.6,6.02238805970149
"X1408",140.7,5.98888888888889
"X1409",140.8,6.6865671641791
"X1410",140.9,6.41851851851852
"X1411",141,7.1044776119403
"X1412",141.1,7.42592592592593
"X1413",141.2,7.84444444444444
"X1414",141.3,8
"X1415",141.4,8.07407407407407
"X1416",141.5,7.57037037037037
"X1417",141.6,7.75092936802974
"X1418",141.7,8.24444444444444
"X1419",141.8,8.84758364312268
"X1420",141.9,8.40740740740741
"X1421",142,7.75092936802974
"X1422",142.1,7.79259259259259
"X1423",142.2,7.68518518518519
"X1424",142.3,8.68888888888889
"X1425",142.4,9.35555555555556
"X1426",142.5,8.7962962962963
"X1427",142.6,8.62592592592593
"X1428",142.7,8.4907063197026
"X1429",142.8,7.98518518518518
"X1430",142.9,8.42962962962963
"X1431",143,7.96296296296296
"X1432",143.1,8.31970260223048
"X1433",143.2,8.57777777777778
"X1434",143.3,8.52962962962963
"X1435",143.4,8.71481481481482
"X1436",143.5,9.05925925925926
"X1437",143.6,9.02247191011236
"X1438",143.7,9.25925925925926
"X1439",143.8,9.16728624535316
"X1440",143.9,9.05576208178439
"X1441",144,8.63432835820896
"X1442",144.1,8.16417910447761
"X1443",144.2,7.49063670411985
"X1444",144.3,7.20224719101124
"X1445",144.4,6.41353383458647
"X1446",144.5,5.8501872659176
"X1447",144.6,5.90671641791045
"X1448",144.7,5.35205992509363
"X1449",144.8,5.2639405204461
"X1450",144.9,5.47211895910781
"X1451",145,5.02272727272727
"X1452",145.1,4.71641791044776
"X1453",145.2,4.76119402985075
"X1454",145.3,4.40304182509506
"X1455",145.4,4.77358490566038
"X1456",145.5,4.88301886792453
"X1457",145.6,4.83712121212121
"X1458",145.7,4.95112781954887
"X1459",145.8,4.77153558052434
"X1460",145.9,4.69056603773585
"X1461",146,5.97388059701493
"X1462",146.1,6.4089219330855
"X1463",146.2,4.72830188679245
"X1464",146.3,4.77099236641221
"X1465",146.4,4.75849056603774
"X1466",146.5,4.44106463878327
"X1467",146.6,4.72761194029851
"X1468",146.7,5.01149425287356
"X1469",146.8,4.63432835820895
"X1470",146.9,4.85984848484848
"X1471",147,4.84150943396226
"X1472",147.1,4.70566037735849
"X1473",147.2,4.57992565055762
"X1474",147.3,4.78195488721805
"X1475",147.4,4.98880597014925
"X1476",147.5,5.01492537313433
"X1477",147.6,4.78731343283582
"X1478",147.7,4.93308550185874
"X1479",147.8,5.17977528089888
"X1480",147.9,5.19330855018587
"X1481",148,5.42424242424242
"X1482",148.1,5.22761194029851
"X1483",148.2,6.28089887640449
"X1484",148.3,6.67669172932331
"X1485",148.4,5.99256505576208
"X1486",148.5,5.67910447761194
"X1487",148.6,6.35580524344569
"X1488",148.7,5.98490566037736
"X1489",148.8,5.79775280898876
"X1490",148.9,7.5187969924812
"X1491",149,12.6828358208955
"X1492",149.1,8.62453531598513
"X1493",149.2,6.30970149253731
"X1494",149.3,6.47490347490348
"X1495",149.4,6.71428571428571
"X1496",149.5,6.19475655430712
"X1497",149.6,6.29588014981273
"X1498",149.7,6.03007518796993
"X1499",149.8,5.62962962962963
"X1500",149.9,6.23308270676692
"X1501",150,5.81203007518797
"X1502",150.1,6.18352059925094
"X1503",150.2,6.1622641509434
"X1504",150.3,6.28358208955224
"X1505",150.4,6.33207547169811
"X1506",150.5,7.69083969465649
"X1507",150.6,7.04961832061069
"X1508",150.7,6.6203007518797
"X1509",150.8,6.20522388059702
"X1510",150.9,6.50570342205323
"X1511",151,10.8832684824903
"X1512",151.1,7.23921568627451
"X1513",151.2,6.13409961685824
"X1514",151.3,6.07169811320755
"X1515",151.4,5.54789272030651
"X1516",151.5,5.65779467680608
"X1517",151.6,7.77358490566038
"X1518",151.7,6.2911877394636
"X1519",151.8,5.0188679245283
"X1520",151.9,5.07089552238806
"X1521",152,5.40977443609023
"X1522",152.1,5.50746268656716
"X1523",152.2,5.39543726235741
"X1524",152.3,5.06923076923077
"X1525",152.4,4.95471698113208
"X1526",152.5,5.05038759689922
"X1527",152.6,4.7752808988764
"X1528",152.7,4.71910112359551
"X1529",152.8,4.86037735849057
"X1530",152.9,4.85714285714286
"X1531",153,5.0377358490566
"X1532",153.1,5.08679245283019
"X1533",153.2,5.00374531835206
"X1534",153.3,5.60836501901141
"X1535",153.4,5.18867924528302
"X1536",153.5,5.46268656716418
"X1537",153.6,5.37777777777778
"X1538",153.7,5.34831460674157
"X1539",153.8,5.187265917603
"X1540",153.9,5.51492537313433
"X1541",154,5.37735849056604
"X1542",154.1,5.10486891385768
"X1543",154.2,5.94360902255639
"X1544",154.3,5.38345864661654
"X1545",154.4,5.39622641509434
"X1546",154.5,5.22053231939164
"X1547",154.6,5.2188679245283
"X1548",154.7,5.00749063670412
"X1549",154.8,5.21722846441948
"X1550",154.9,5.29213483146067
"X1551",155,5.40298507462687
"X1552",155.1,5.08518518518519
"X1553",155.2,5.03703703703704
"X1554",155.3,5.23396226415094
"X1555",155.4,5.23507462686567
"X1556",155.5,5.04924242424242
"X1557",155.6,5.11610486891386
"X1558",155.7,5.32958801498127
"X1559",155.8,5.19172932330827
"X1560",155.9,5.3544776119403
"X1561",156,5.27037037037037
"X1562",156.1,5.37407407407407
"X1563",156.2,5.49063670411985
"X1564",156.3,5.33457249070632
"X1565",156.4,5.31226765799256
"X1566",156.5,5.3134328358209
"X1567",156.6,5.41263940520446
"X1568",156.7,5.51111111111111
"X1569",156.8,5.58426966292135
"X1570",156.9,5.77238805970149
"X1571",157,5.99250936329588
"X1572",157.1,5.67037037037037
"X1573",157.2,5.76865671641791
"X1574",157.3,5.6728624535316
"X1575",157.4,5.9063670411985
"X1576",157.5,5.82156133828996
"X1577",157.6,5.57992565055762
"X1578",157.7,5.90740740740741
"X1579",157.8,6.0962962962963
"X1580",157.9,6.07806691449814
"X1581",158,5.75092936802974
"X1582",158.1,6.37777777777778
"X1583",158.2,6.11851851851852
"X1584",158.3,6.07037037037037
"X1585",158.4,6.23333333333333
"X1586",158.5,6.01851851851852
"X1587",158.6,6.2
"X1588",158.7,6.01486988847584
"X1589",158.8,5.89259259259259
"X1590",158.9,6.13382899628253
"X1591",159,6.12686567164179
"X1592",159.1,5.98148148148148
"X1593",159.2,5.91449814126394
"X1594",159.3,6.81040892193309
"X1595",159.4,8.07777777777778
"X1596",159.5,7.19330855018587
"X1597",159.6,6.61851851851852
"X1598",159.7,6.31481481481481
"X1599",159.8,6.08208955223881
"X1600",159.9,6.44074074074074
"X1601",160,6.9037037037037
"X1602",160.1,5.99625468164794
"X1603",160.2,5.92910447761194
"X1604",160.3,6.0410447761194
"X1605",160.4,5.82592592592593
"X1606",160.5,7.68913857677903
"X1607",160.6,8.68679245283019
"X1608",160.7,7.11567164179105
"X1609",160.8,6.59550561797753
"X1610",160.9,5.40377358490566
"X1611",161,5.16541353383459
"X1612",161.1,5.20833333333333
"X1613",161.2,4.99625468164794
"X1614",161.3,4.57518796992481
"X1615",161.4,4.55555555555556
"X1616",161.5,4.80377358490566
"X1617",161.6,4.78731343283582
"X1618",161.7,4.4106463878327
"X1619",161.8,4.57954545454545
"X1620",161.9,4.44736842105263
"X1621",162,4.61423220973783
"X1622",162.1,4.93609022556391
"X1623",162.2,4.61068702290076
"X1624",162.3,4.65019011406844
"X1625",162.4,4.82397003745318
"X1626",162.5,5.20149253731343
"X1627",162.6,4.80970149253731
"X1628",162.7,4.83271375464684
"X1629",162.8,4.98867924528302
"X1630",162.9,4.98854961832061
"X1631",163,4.65543071161049
"X1632",163.1,4.92857142857143
"X1633",163.2,5.07116104868914
"X1634",163.3,4.92164179104478
"X1635",163.4,5.03422053231939
"X1636",163.5,5.01119402985075
"X1637",163.6,5.20754716981132
"X1638",163.7,5.15355805243446
"X1639",163.8,4.98876404494382
"X1640",163.9,5.54545454545455
"X1641",164,5.68181818181818
"X1642",164.1,5.80524344569288
"X1643",164.2,5.91353383458647
"X1644",164.3,5.5187969924812
"X1645",164.4,5.42322097378277
"X1646",164.5,5.17692307692308
"X1647",164.6,5.37218045112782
"X1648",164.7,5.62172284644195
"X1649",164.8,5.59479553903346
"X1650",164.9,6.2406015037594
"X1651",165,6.13962264150943
"X1652",165.1,6
"X1653",165.2,5.7593984962406
"X1654",165.3,5.70411985018727
"X1655",165.4,5.79699248120301
"X1656",165.5,5.30075187969925
"X1657",165.6,5.48507462686567
"X1658",165.7,5.72284644194757
"X1659",165.8,5.35074626865672
"X1660",165.9,5.44905660377358
"X1661",166,4.80988593155894
"X1662",166.1,4.93584905660377
"X1663",166.2,4.91353383458647
"X1664",166.3,4.93560606060606
"X1665",166.4,5.05283018867925
"X1666",166.5,7.03053435114504
"X1667",166.6,5.80898876404494
"X1668",166.7,6.53030303030303
"X1669",166.8,7.94795539033457
"X1670",166.9,6.77220077220077
"X1671",167,6.79245283018868
"X1672",167.1,6.98884758364312
"X1673",167.2,5.48872180451128
"X1674",167.3,5.83895131086142
"X1675",167.4,6.23396226415094
"X1676",167.5,6.13857677902622
"X1677",167.6,6.10861423220974
"X1678",167.7,5.76492537313433
"X1679",167.8,5.35338345864662
"X1680",167.9,5.32830188679245
"X1681",168,5.23684210526316
"X1682",168.1,5.3271375464684
"X1683",168.2,4.95366795366795
"X1684",168.3,5.35955056179775
"X1685",168.4,5.44943820224719
"X1686",168.5,5.32330827067669
"X1687",168.6,6.44528301886792
"X1688",168.7,7.16666666666667
"X1689",168.8,5.6958174904943
"X1690",168.9,4.92592592592593
"X1691",169,5.05703422053232
"X1692",169.1,4.74712643678161
"X1693",169.2,5.12406015037594
"X1694",169.3,4.99624060150376
"X1695",169.4,4.95057034220532
"X1696",169.5,5.10266159695817
"X1697",169.6,5.12267657992565
"X1698",169.7,5.04135338345865
"X1699",169.8,4.88345864661654
"X1700",169.9,5.64015151515152
"X1701",170,4.74339622641509
"X1702",170.1,4.71863117870722
"X1703",170.2,4.7
"X1704",170.3,4.79622641509434
"X1705",170.4,4.7622641509434
"X1706",170.5,4.63706563706564
"X1707",170.6,5.18283582089552
"X1708",170.7,4.82641509433962
"X1709",170.8,4.9469696969697
"X1710",170.9,5.65298507462687
"X1711",171,5.36194029850746
"X1712",171.1,5.30798479087452
"X1713",171.2,4.94296577946768
"X1714",171.3,5.2639405204461
"X1715",171.4,5.1635687732342
"X1716",171.5,4.91044776119403
"X1717",171.6,5.08988764044944
"X1718",171.7,5.89473684210526
"X1719",171.8,6.22264150943396
"X1720",171.9,5.21052631578947
"X1721",172,5.30681818181818
"X1722",172.1,5.52631578947368
"X1723",172.2,7.03370786516854
"X1724",172.3,7.97358490566038
"X1725",172.4,5.82509505703422
"X1726",172.5,5.55805243445693
"X1727",172.6,6.07063197026022
"X1728",172.7,5.61338289962825
"X1729",172.8,5.11278195488722
"X1730",172.9,5.13257575757576
"X1731",173,5.33962264150943
"X1732",173.1,5.51320754716981
"X1733",173.2,5.55185185185185
"X1734",173.3,5.28464419475655
"X1735",173.4,5.46296296296296
"X1736",173.5,5.77985074626866
"X1737",173.6,7.86940298507463
"X1738",173.7,6.95112781954887
"X1739",173.8,9.49812734082397
"X1740",173.9,7.59550561797753
"X1741",174,5.54924242424242
"X1742",174.1,5.77695167286245
"X1743",174.2,5.47761194029851
"X1744",174.3,5.55185185185185
"X1745",174.4,5.24150943396226
"X1746",174.5,5.18045112781955
"X1747",174.6,5.10820895522388
"X1748",174.7,4.97358490566038
"X1749",174.8,4.62737642585551
"X1750",174.9,5.1264367816092
"X1751",175,5.44827586206897
"X1752",175.1,5.34220532319392
"X1753",175.2,5.20754716981132
"X1754",175.3,5.02316602316602
"X1755",175.4,5.25968992248062
"X1756",175.5,5.24150943396226
"X1757",175.6,5.40449438202247
"X1758",175.7,5.59090909090909
"X1759",175.8,5.57854406130268
"X1760",175.9,5.71538461538462
"X1761",176,5.74809160305344
"X1762",176.1,5.28679245283019
"X1763",176.2,5.30651340996169
"X1764",176.3,5.04942965779468
"X1765",176.4,5.21212121212121
"X1766",176.5,5.06106870229008
"X1767",176.6,4.8188679245283
"X1768",176.7,5.21072796934866
"X1769",176.8,5
"X1770",176.9,4.87596899224806
"X1771",177,4.65019011406844
"X1772",177.1,4.26538461538462
"X1773",177.2,4.32319391634981
"X1774",177.3,4.19685039370079
"X1775",177.4,4.06589147286822
"X1776",177.5,4.09842519685039
"X1777",177.6,3.86770428015564
"X1778",177.7,4.05859375
"X1779",177.8,3.88976377952756
"X1780",177.9,3.72413793103448
"X1781",178,3.51372549019608
"X1782",178.1,3.58498023715415
"X1783",178.2,3.64615384615385
"X1784",178.3,3.85057471264368
"X1785",178.4,3.68582375478927
"X1786",178.5,3.64173228346457
"X1787",178.6,3.57364341085271
"X1788",178.7,3.44787644787645
"X1789",178.8,3.4251968503937
"X1790",178.9,3.73046875
"X1791",179,3.96958174904943
"X1792",179.1,4.07421875
"X1793",179.2,4.25954198473282
"X1794",179.3,4.19921875
"X1795",179.4,4.23828125
"X1796",179.5,3.98076923076923
"X1797",179.6,3.94509803921569
"X1798",179.7,3.83657587548638
"X1799",179.8,4.05836575875486
"X1800",179.9,4.31939163498099
"X1801",180,3.83969465648855
"X1802",180.1,4.55893536121673
"X1803",180.2,4.7680608365019
"X1804",180.3,4.92248062015504
"X1805",180.4,4.88593155893536
"X1806",180.5,5.48473282442748
"X1807",180.6,5.62264150943396
"X1808",180.7,5.49809885931559
"X1809",180.8,5.04887218045113
"X1810",180.9,5.31320754716981
"X1811",181,5.43283582089552
"X1812",181.1,5.26037735849057
"X1813",181.2,5.34848484848485
"X1814",181.3,5.18421052631579
"X1815",181.4,4.92337164750958
"X1816",181.5,5.25581395348837
"X1817",181.6,5.25842696629214
"X1818",181.7,4.92830188679245
"X1819",181.8,4.93609022556391
"X1820",181.9,5.25769230769231
"X1821",182,5.49253731343284
"X1822",182.1,5.79545454545455
"X1823",182.2,5.77394636015326
"X1824",182.3,5.893536121673
"X1825",182.4,6.53962264150943
"X1826",182.5,6.10486891385768
"X1827",182.6,6.26792452830189
"X1828",182.7,6.03358208955224
"X1829",182.8,6.27985074626866
"X1830",182.9,6.37358490566038
"X1831",183,6.47368421052632
"X1832",183.1,6
"X1833",183.2,6.40601503759398
"X1834",183.3,6.41666666666667
"X1835",183.4,6.47348484848485
"X1836",183.5,6.15789473684211
"X1837",183.6,6.53787878787879
"X1838",183.7,6.1449814126394
"X1839",183.8,6.05639097744361
"X1840",183.9,5.48301886792453
"X1841",184,5.34210526315789
"X1842",184.1,5.27611940298507
"X1843",184.2,5.33460076045627
"X1844",184.3,5.20532319391635
"X1845",184.4,5.25095057034221
"X1846",184.5,5.28735632183908
"X1847",184.6,5.27272727272727
"X1848",184.7,5.4377358490566
"X1849",184.8,5.66792452830189
"X1850",184.9,5.71698113207547
"X1851",185,5.44943820224719
"X1852",185.1,5.71590909090909
"X1853",185.2,5.50751879699248
"X1854",185.3,5.73134328358209
"X1855",185.4,5.80297397769517
"X1856",185.5,5.79775280898876
"X1857",185.6,5.62313432835821
"X1858",185.7,5.83271375464684
"X1859",185.8,5.59398496240602
"X1860",185.9,5.7910447761194
"X1861",186,5.69811320754717
"X1862",186.1,5.38576779026217
"X1863",186.2,4.88847583643123
"X1864",186.3,5.10526315789474
"X1865",186.4,5.15849056603774
"X1866",186.5,4.8
"X1867",186.6,4.99616858237548
"X1868",186.7,5.19011406844106
"X1869",186.8,5.24163568773234
"X1870",186.9,5.53383458646617
"X1871",187,5.34082397003745
"X1872",187.1,5.39245283018868
"X1873",187.2,5.4377358490566
"X1874",187.3,5.59022556390977
"X1875",187.4,5.60227272727273
"X1876",187.5,5.46792452830189
"X1877",187.6,5.38059701492537
"X1878",187.7,5.95505617977528
"X1879",187.8,5.23507462686567
"X1880",187.9,5.52808988764045
"X1881",188,5.08270676691729
"X1882",188.1,5.36981132075472
"X1883",188.2,5.52059925093633
"X1884",188.3,5.27376425855513
"X1885",188.4,5.30451127819549
"X1886",188.5,5.49626865671642
"X1887",188.6,5.67790262172285
"X1888",188.7,5.56653992395437
"X1889",188.8,5.65413533834586
"X1890",188.9,5.59003831417624
"X1891",189,5.62406015037594
"X1892",189.1,5.40384615384615
"X1893",189.2,5.55681818181818
"X1894",189.3,5.65779467680608
"X1895",189.4,5.64285714285714
"X1896",189.5,5.74242424242424
"X1897",189.6,6.13688212927757
"X1898",189.7,6.08015267175572
"X1899",189.8,6.27611940298507
"X1900",189.9,7.13157894736842
"X1901",190,6.50751879699248
"X1902",190.1,6.16479400749064
"X1903",190.2,6.21052631578947
"X1904",190.3,5.97378277153558
"X1905",190.4,6.16791044776119
"X1906",190.5,6.1455223880597
"X1907",190.6,6.0374531835206
"X1908",190.7,5.91449814126394
"X1909",190.8,6.27881040892193
"X1910",190.9,6.15730337078652
"X1911",191,6.61111111111111
"X1912",191.1,6.59774436090226
"X1913",191.2,6.97037037037037
"X1914",191.3,7.19776119402985
"X1915",191.4,7.05597014925373
"X1916",191.5,6.91791044776119
"X1917",191.6,8.06666666666667
"X1918",191.7,7.8550185873606
"X1919",191.8,6.89887640449438
"X1920",191.9,6.78066914498141
"X1921",192,6.80223880597015
"X1922",192.1,6.9438202247191
"X1923",192.2,7.04460966542751
"X1924",192.3,6.61851851851852
"X1925",192.4,7.00371747211896
"X1926",192.5,6.97026022304833
"X1927",192.6,7.11895910780669
"X1928",192.7,6.60966542750929
"X1929",192.8,6.45724907063197
"X1930",192.9,6.65055762081784
"X1931",193,7.09259259259259
"X1932",193.1,7.61194029850746
"X1933",193.2,7.1003717472119
"X1934",193.3,6.7546468401487
"X1935",193.4,6.80669144981413
"X1936",193.5,6.38518518518519
"X1937",193.6,6.32209737827715
"X1938",193.7,6.86692015209125
"X1939",193.8,6.24150943396226
"X1940",193.9,6.69402985074627
"X1941",194,6.68539325842697
"X1942",194.1,6.95910780669145
"X1943",194.2,6.66917293233083
"X1944",194.3,6.93308550185874
"X1945",194.4,7.5962962962963
"X1946",194.5,6.86466165413534
"X1947",194.6,6.10112359550562
"X1948",194.7,6.18587360594796
"X1949",194.8,5.62962962962963
"X1950",194.9,5.61338289962825
"X1951",195,5.86940298507463
"X1952",195.1,5.75
"X1953",195.2,5.85873605947955
"X1954",195.3,5.71003717472119
"X1955",195.4,5.9368029739777
"X1956",195.5,6.2089552238806
"X1957",195.6,6.15298507462687
"X1958",195.7,6.32222222222222
"X1959",195.8,6.05947955390335
"X1960",195.9,6.76208178438662
"X1961",196,6.75555555555556
"X1962",196.1,6.93703703703704
"X1963",196.2,7.14126394052045
"X1964",196.3,7.35315985130112
"X1965",196.4,7.29259259259259
"X1966",196.5,7.24444444444444
"X1967",196.6,7.52222222222222
"X1968",196.7,6.93333333333333
"X1969",196.8,7.24074074074074
"X1970",196.9,7.25555555555556
"X1971",197,6.98518518518518
"X1972",197.1,6.95925925925926
"X1973",197.2,6.82962962962963
"X1974",197.3,6.65925925925926
"X1975",197.4,6.86296296296296
"X1976",197.5,6.61338289962825
"X1977",197.6,6.96296296296296
"X1978",197.7,7.14814814814815
"X1979",197.8,6.85555555555556
"X1980",197.9,7.0410447761194
"X1981",198,6.45925925925926
"X1982",198.1,6.38518518518519
"X1983",198.2,6.19330855018587
"X1984",198.3,6.11481481481481
"X1985",198.4,6.08921933085502
"X1986",198.5,6.52044609665428
"X1987",198.6,6.02238805970149
"X1988",198.7,6.05263157894737
"X1989",198.8,5.95910780669145
"X1990",198.9,6.94444444444444
"X1991",199,19.2825278810409
"X1992",199.1,40.3507462686567
"X1993",199.2,41.7153558052434
"X1994",199.3,32.1119402985075
"X1995",199.4,29.0597014925373
"X1996",199.5,18.0706319702602
"X1997",199.6,6.66171003717472
"X1998",199.7,5.46992481203007
"X1999",199.8,5.35074626865672
"X2000",199.9,6.30970149253731
"X2001",200,5.5530303030303
"X2002",200.1,5.85496183206107
"X2003",200.2,6.36329588014981
"X2004",200.3,5.99245283018868
"X2005",200.4,7.04814814814815
"X2006",200.5,7.32592592592593
"X2007",200.6,8.35925925925926
"X2008",200.7,8.66792452830189
"X2009",200.8,9.37349397590361
"X2010",200.9,10.125
