"","depth_mm","Fe"
"X30",2.9,36.0952380952381
"X31",3,30.020920502092
"X32",3.1,25.3556485355649
"X33",3.2,17.6302521008403
"X34",3.3,17.568
"X35",3.4,18.2086614173228
"X36",3.5,24.03515625
"X37",3.6,26.3254901960784
"X38",3.7,18.2529182879377
"X39",3.8,18.8030888030888
"X40",3.9,17.8961538461538
"X41",4,17.7557251908397
"X42",4.1,21.9330855018587
"X43",4.2,20.0669144981413
"X44",4.3,19.4666666666667
"X45",4.4,17.6505576208178
"X46",4.5,16.3457249070632
"X47",4.6,17.1044776119403
"X48",4.7,20.8587360594796
"X49",4.8,17.4814814814815
"X50",4.9,16.6579925650558
"X51",5,16.4831460674157
"X52",5.1,17.1518518518519
"X53",5.2,22.7769516728625
"X54",5.3,34.639405204461
"X55",5.4,45.7259259259259
"X56",5.5,44.3159851301115
"X57",5.6,49.1082089552239
"X58",5.7,58.4684014869888
"X59",5.8,50.5799256505576
"X60",5.9,46.7732342007435
"X61",6,52.9333333333333
"X62",6.1,57.4738805970149
"X63",6.2,49.1074074074074
"X64",6.3,43.7185185185185
"X65",6.4,41.5037313432836
"X66",6.5,36.7159090909091
"X67",6.6,38.5111111111111
"X68",6.7,38.662962962963
"X69",6.8,39.8364312267658
"X70",6.9,40.9179104477612
"X71",7,46.4037037037037
"X72",7.1,45.9814814814815
"X73",7.2,51.2649253731343
"X74",7.3,51.5814814814815
"X75",7.4,48.8996282527881
"X76",7.5,47.037037037037
"X77",7.6,45.0743494423792
"X78",7.7,34.137037037037
"X79",7.8,30.7111111111111
"X80",7.9,33.0703703703704
"X81",8,38.817843866171
"X82",8.1,53.1888888888889
"X83",8.2,51.3
"X84",8.3,43.6444444444444
"X85",8.4,40.8666666666667
"X86",8.5,41.9814814814815
"X87",8.6,41.837037037037
"X88",8.7,35.4444444444444
"X89",8.8,27.3296296296296
"X90",8.9,21.3037037037037
"X91",9,18.5
"X92",9.1,18.4259259259259
"X93",9.2,17.996282527881
"X94",9.3,17.7740740740741
"X95",9.4,17.4518518518519
"X96",9.5,16.5222222222222
"X97",9.6,17.3851851851852
"X98",9.7,17.8666666666667
"X99",9.8,17.4407407407407
"X100",9.9,18.5539033457249
"X101",10,19.8
"X102",10.1,20.5037037037037
"X103",10.2,20.8333333333333
"X104",10.3,20.2814814814815
"X105",10.4,20.4148148148148
"X106",10.5,19.1037037037037
"X107",10.6,18.5962962962963
"X108",10.7,17.4721189591078
"X109",10.8,17.4888888888889
"X110",10.9,17.182156133829
"X111",11,16.3888888888889
"X112",11.1,15.837037037037
"X113",11.2,15.4148148148148
"X114",11.3,15.7407407407407
"X115",11.4,16.3977695167286
"X116",11.5,16.6740740740741
"X117",11.6,20.6074074074074
"X118",11.7,21.0481481481481
"X119",11.8,24.0407407407407
"X120",11.9,24.4703703703704
"X121",12,26.3259259259259
"X122",12.1,29.0259259259259
"X123",12.2,32.4185185185185
"X124",12.3,42.637037037037
"X125",12.4,43.8666666666667
"X126",12.5,45.8222222222222
"X127",12.6,57.1888888888889
"X128",12.7,76.5518518518519
"X129",12.8,85.0260223048327
"X130",12.9,83.6988847583643
"X131",13,71.1992481203008
"X132",13.1,64.0836501901141
"X133",13.2,43.8023255813954
"X134",13.3,30.7078651685393
"X135",13.4,19.9330855018587
"X136",13.5,18.7918215613383
"X137",13.6,18.546468401487
"X138",13.7,14.8740740740741
"X139",13.8,13.542750929368
"X140",13.9,12.3183520599251
"X141",14,12.4014869888476
"X142",14.1,13.3208955223881
"X143",14.2,14.4703703703704
"X144",14.3,13.3731343283582
"X145",14.4,13.9216417910448
"X146",14.5,12.9185185185185
"X147",14.6,12.6716417910448
"X148",14.7,12.3782771535581
"X149",14.8,13.4868913857678
"X150",14.9,13.4185185185185
"X151",15,13.3925925925926
"X152",15.1,12.5692883895131
"X153",15.2,12.5917602996255
"X154",15.3,12.0783582089552
"X155",15.4,12.2379182156134
"X156",15.5,13.6333333333333
"X157",15.6,14.5799256505576
"X158",15.7,13.4925373134328
"X159",15.8,12.6816479400749
"X160",15.9,13.1278195488722
"X161",16,13.7434944237918
"X162",16.1,13.1722846441948
"X163",16.2,12.7537313432836
"X164",16.3,12.7584905660377
"X165",16.4,12.8777777777778
"X166",16.5,13.0631970260223
"X167",16.6,13.1679104477612
"X168",16.7,12.6481481481481
"X169",16.8,13.5539033457249
"X170",16.9,15.2444444444444
"X171",17,16.7703703703704
"X172",17.1,16.8
"X173",17.2,17.2703703703704
"X174",17.3,18.9666666666667
"X175",17.4,19.2490706319703
"X176",17.5,17.0740740740741
"X177",17.6,18.262962962963
"X178",17.7,16.7333333333333
"X179",17.8,15.4646840148699
"X180",17.9,16.3470149253731
"X181",18,15.9851851851852
"X182",18.1,16.5407407407407
"X183",18.2,18.1703703703704
"X184",18.3,20.0407407407407
"X185",18.4,16.2118959107807
"X186",18.5,14.8814814814815
"X187",18.6,14.7360594795539
"X188",18.7,15.6148148148148
"X189",18.8,15.7481481481481
"X190",18.9,14.7444444444444
"X191",19,14.262962962963
"X192",19.1,14
"X193",19.2,13.1814814814815
"X194",19.3,13.1777777777778
"X195",19.4,12.5333333333333
"X196",19.5,11.9333333333333
"X197",19.6,12.631970260223
"X198",19.7,11.9444444444444
"X199",19.8,11.3777777777778
"X200",19.9,12.1555555555556
"X201",20,12.5074074074074
"X202",20.1,12.4555555555556
"X203",20.2,12.2490706319703
"X204",20.3,11.5518518518519
"X205",20.4,11.562962962963
"X206",20.5,11.7555555555556
"X207",20.6,12.4518518518519
"X208",20.7,12.737037037037
"X209",20.8,12.3481481481481
"X210",20.9,13.1598513011152
"X211",21,14.1703703703704
"X212",21.1,14.6777777777778
"X213",21.2,14.7185185185185
"X214",21.3,16.4148148148148
"X215",21.4,15.7185185185185
"X216",21.5,16.3977695167286
"X217",21.6,15.7881040892193
"X218",21.7,15.4813432835821
"X219",21.8,15.4222222222222
"X220",21.9,14.8740740740741
"X221",22,14.237037037037
"X222",22.1,13.2666666666667
"X223",22.2,14.5390334572491
"X224",22.3,15.2118959107807
"X225",22.4,14.4423791821561
"X226",22.5,13.7592592592593
"X227",22.6,14.182156133829
"X228",22.7,14.1933085501859
"X229",22.8,13.0777777777778
"X230",22.9,12.8996282527881
"X231",23,12.4407407407407
"X232",23.1,12.6096654275093
"X233",23.2,12.4349442379182
"X234",23.3,13.4646840148699
"X235",23.4,13.7211895910781
"X236",23.5,15.1481481481481
"X237",23.6,14.337037037037
"X238",23.7,12.728624535316
"X239",23.8,13.8470149253731
"X240",23.9,14.364312267658
"X241",24,15.0259259259259
"X242",24.1,16.1895910780669
"X243",24.2,15.1007462686567
"X244",24.3,13.8851851851852
"X245",24.4,13.4943820224719
"X246",24.5,14.3159851301115
"X247",24.6,14.4888888888889
"X248",24.7,12.839552238806
"X249",24.8,14.063670411985
"X250",24.9,14.4386617100372
"X251",25,14.6654275092937
"X252",25.1,15.1977611940299
"X253",25.2,16.6765799256506
"X254",25.3,19.4402985074627
"X255",25.4,21.2611940298507
"X256",25.5,19.0795454545455
"X257",25.6,16.5413533834586
"X258",25.7,14.2255639097744
"X259",25.8,14.2518518518519
"X260",25.9,13.6231343283582
"X261",26,13.8689138576779
"X262",26.1,14.1207547169811
"X263",26.2,13.3962962962963
"X264",26.3,13.4925925925926
"X265",26.4,13.015037593985
"X266",26.5,12.1685393258427
"X267",26.6,11.7126865671642
"X268",26.7,10.631970260223
"X269",26.8,11.6417910447761
"X270",26.9,13.9812734082397
"X271",27,14.2406015037594
"X272",27.1,15.7592592592593
"X273",27.2,15.3420074349442
"X274",27.3,15.5597014925373
"X275",27.4,13.0708955223881
"X276",27.5,11.4646840148699
"X277",27.6,12.6029962546816
"X278",27.7,14.9356060606061
"X279",27.8,14.5318352059925
"X280",27.9,12.5130111524164
"X281",28,12.6059479553903
"X282",28.1,15.4014869888476
"X283",28.2,12.3782771535581
"X284",28.3,11.5601503759399
"X285",28.4,13.022641509434
"X286",28.5,12.0749063670412
"X287",28.6,11.5131086142322
"X288",28.7,13.1526717557252
"X289",28.8,12.9774436090226
"X290",28.9,13.6441947565543
"X291",29,14.5393258426966
"X292",29.1,14.7276119402985
"X293",29.2,21.7781954887218
"X294",29.3,36.6943396226415
"X295",29.4,34.0639097744361
"X296",29.5,27.0340909090909
"X297",29.6,35.6431226765799
"X298",29.7,46.0150943396226
"X299",29.8,50.2734082397004
"X300",29.9,34.7518796992481
"X301",30,34.8171641791045
"X302",30.1,20.0557620817844
"X303",30.2,18.9774436090226
"X304",30.3,22.8544776119403
"X305",30.4,23.3059701492537
"X306",30.5,22.5730337078652
"X307",30.6,19.6779026217228
"X308",30.7,18.7444444444444
"X309",30.8,17.3457249070632
"X310",30.9,17.9739776951673
"X311",31,17.0223880597015
"X312",31.1,16.2074074074074
"X313",31.2,19.2490706319703
"X314",31.3,21.137037037037
"X315",31.4,18.5851851851852
"X316",31.5,18.4307116104869
"X317",31.6,22.4275092936803
"X318",31.7,21.8037037037037
"X319",31.8,21.6
"X320",31.9,20.3
"X321",32,19
"X322",32.1,17.1444444444444
"X323",32.2,19.3011152416357
"X324",32.3,16.7925925925926
"X325",32.4,16.6592592592593
"X326",32.5,17.9592592592593
"X327",32.6,16.9516728624535
"X328",32.7,16.9665427509294
"X329",32.8,20.062962962963
"X330",32.9,26.7888888888889
"X331",33,24.75
"X332",33.1,18.6148148148148
"X333",33.2,18.1231343283582
"X334",33.3,18.8666666666667
"X335",33.4,24.9
"X336",33.5,19.3222222222222
"X337",33.6,24.9296296296296
"X338",33.7,28.7992565055762
"X339",33.8,25.2962962962963
"X340",33.9,24.5910780669145
"X341",34,24.562962962963
"X342",34.1,16.7222222222222
"X343",34.2,15.2111111111111
"X344",34.3,15.817843866171
"X345",34.4,21.7851851851852
"X346",34.5,24.1226765799256
"X347",34.6,17.8518518518519
"X348",34.7,16.9407407407407
"X349",34.8,19.1740740740741
"X350",34.9,35.3148148148148
"X351",35,37.1703703703704
"X352",35.1,48.9888888888889
"X353",35.2,29.0777777777778
"X354",35.3,29.1481481481481
"X355",35.4,26.8029739776952
"X356",35.5,22.3220973782772
"X357",35.6,29.9888475836431
"X358",35.7,26.4925373134328
"X359",35.8,24.2081784386617
"X360",35.9,26.271375464684
"X361",36,18.8619402985075
"X362",36.1,16.8252788104089
"X363",36.2,24.0074074074074
"X364",36.3,18.2156133828996
"X365",36.4,14.9328358208955
"X366",36.5,17.9625468164794
"X367",36.6,21.4664179104478
"X368",36.7,17.8475836431227
"X369",36.8,13.6096654275093
"X370",36.9,16.2835820895522
"X371",37,13.0671641791045
"X372",37.1,13.9365671641791
"X373",37.2,15.9148148148148
"X374",37.3,17.4444444444444
"X375",37.4,18.2825278810409
"X376",37.5,17.5353159851301
"X377",37.6,15.8444444444444
"X378",37.7,16.6208178438662
"X379",37.8,19.7148148148148
"X380",37.9,21.5539033457249
"X381",38,23.1119402985075
"X382",38.1,25.6888888888889
"X383",38.2,29.3185185185185
"X384",38.3,30.7074074074074
"X385",38.4,31.4275092936803
"X386",38.5,28.4703703703704
"X387",38.6,26.6059479553903
"X388",38.7,27.7703703703704
"X389",38.8,27.8148148148148
"X390",38.9,28.437037037037
"X391",39,27.9296296296296
"X392",39.1,30.4851851851852
"X393",39.2,31.7037037037037
"X394",39.3,28.9666666666667
"X395",39.4,29.4777777777778
"X396",39.5,31.9518518518519
"X397",39.6,34.182156133829
"X398",39.7,30.162962962963
"X399",39.8,31.1333333333333
"X400",39.9,36.4740740740741
"X401",40,36.9407407407407
"X402",40.1,34.9148148148148
"X403",40.2,37.2014925373134
"X404",40.3,36.4185185185185
"X405",40.4,35.2185185185185
"X406",40.5,34.1962962962963
"X407",40.6,34.5296296296296
"X408",40.7,30.7962962962963
"X409",40.8,34.5111111111111
"X410",40.9,34.7074074074074
"X411",41,33.7843866171004
"X412",41.1,33.1592592592593
"X413",41.2,30.3308550185874
"X414",41.3,27.3159851301115
"X415",41.4,26.7407407407407
"X416",41.5,24.2342007434944
"X417",41.6,22.5037037037037
"X418",41.7,21.5055762081784
"X419",41.8,23.5740740740741
"X420",41.9,23.3814814814815
"X421",42,20.8401486988848
"X422",42.1,19.5373134328358
"X423",42.2,20.4111111111111
"X424",42.3,20.0520446096654
"X425",42.4,20.2201492537313
"X426",42.5,17.9029850746269
"X427",42.6,18.160447761194
"X428",42.7,16.5485074626866
"X429",42.8,21.0522388059701
"X430",42.9,21.092936802974
"X431",43,18.4440298507463
"X432",43.1,15.6444444444444
"X433",43.2,15.0703703703704
"X434",43.3,21.2973977695167
"X435",43.4,26.4185185185185
"X436",43.5,18.0669144981413
"X437",43.6,20.728624535316
"X438",43.7,33.3271375464684
"X439",43.8,34.1003717472119
"X440",43.9,20.8582089552239
"X441",44,16.3940520446097
"X442",44.1,16.6666666666667
"X443",44.2,17.5613382899628
"X444",44.3,17.7164179104478
"X445",44.4,19.2602230483271
"X446",44.5,21.9296296296296
"X447",44.6,26.0148148148148
"X448",44.7,30.7407407407407
"X449",44.8,28.5613382899628
"X450",44.9,25.2666666666667
"X451",45,23.5130111524164
"X452",45.1,28.0555555555556
"X453",45.2,25.2962962962963
"X454",45.3,26.3703703703704
"X455",45.4,26.5518518518519
"X456",45.5,41.7592592592593
"X457",45.6,53.5185185185185
"X458",45.7,60.3814814814815
"X459",45.8,60.2666666666667
"X460",45.9,43.5703703703704
"X461",46,41.1635687732342
"X462",46.1,42.062962962963
"X463",46.2,37.8925925925926
"X464",46.3,34.7888888888889
"X465",46.4,41.6555555555556
"X466",46.5,79.0185185185185
"X467",46.6,98.4555555555555
"X468",46.7,91.2188679245283
"X469",46.8,95.3195488721804
"X470",46.9,78.4090909090909
"X471",47,81.5849056603774
"X472",47.1,62.2044609665428
"X473",47.2,47.7037037037037
"X474",47.3,41.5501858736059
"X475",47.4,41.2111111111111
"X476",47.5,39.2164179104478
"X477",47.6,37.9591078066914
"X478",47.7,37.0074074074074
"X479",47.8,38.1518518518519
"X480",47.9,33.8185185185185
"X481",48,27.937037037037
"X482",48.1,28.8222222222222
"X483",48.2,33.5185185185185
"X484",48.3,35.1962962962963
"X485",48.4,37.3962962962963
"X486",48.5,35.4074074074074
"X487",48.6,36.8111111111111
"X488",48.7,37.5222222222222
"X489",48.8,38.8148148148148
"X490",48.9,44.462962962963
"X491",49,41.3185185185185
"X492",49.1,48.4814814814815
"X493",49.2,49.4925925925926
"X494",49.3,53.3962962962963
"X495",49.4,48.6679104477612
"X496",49.5,48.4592592592593
"X497",49.6,61.8555555555556
"X498",49.7,56.2666666666667
"X499",49.8,53.6592592592593
"X500",49.9,55.6777777777778
"X501",50,51.4407407407407
"X502",50.1,44.7555555555556
"X503",50.2,39.7814814814815
"X504",50.3,37.5814814814815
"X505",50.4,38.8259259259259
"X506",50.5,45.6765799256506
"X507",50.6,48.7444444444444
"X508",50.7,48.2111111111111
"X509",50.8,38.7814814814815
"X510",50.9,33.9
"X511",51,26.9666666666667
"X512",51.1,27.8222222222222
"X513",51.2,30.2592592592593
"X514",51.3,32.8740740740741
"X515",51.4,43.1
"X516",51.5,40.0962962962963
"X517",51.6,26.037037037037
"X518",51.7,24.6962962962963
"X519",51.8,27.7333333333333
"X520",51.9,43.5555555555556
"X521",52,38.5740740740741
"X522",52.1,37.5
"X523",52.2,37.3407407407407
"X524",52.3,31.1189591078067
"X525",52.4,34.4333333333333
"X526",52.5,50.3666666666667
"X527",52.6,22.6777777777778
"X528",52.7,21.7546468401487
"X529",52.8,23.1082089552239
"X530",52.9,22.6505576208178
"X531",53,21.5296296296296
"X532",53.1,26.1888888888889
"X533",53.2,21.6171003717472
"X534",53.3,23.4626865671642
"X535",53.4,45.9256505576208
"X536",53.5,36.3481481481481
"X537",53.6,23.9553903345725
"X538",53.7,22.4851851851852
"X539",53.8,23.562962962963
"X540",53.9,27.3148148148148
"X541",54,22.2444444444444
"X542",54.1,18.3111111111111
"X543",54.2,19.2639405204461
"X544",54.3,23.7296296296296
"X545",54.4,20.2777777777778
"X546",54.5,30.3085501858736
"X547",54.6,37.2723880597015
"X548",54.7,40.0703703703704
"X549",54.8,41.137037037037
"X550",54.9,28.9259259259259
"X551",55,30.8022388059701
"X552",55.1,27.7185185185185
"X553",55.2,18.0074349442379
"X554",55.3,18.5740740740741
"X555",55.4,26.5740740740741
"X556",55.5,23.3333333333333
"X557",55.6,19.7111111111111
"X558",55.7,16.2296296296296
"X559",55.8,18.2962962962963
"X560",55.9,16.4222222222222
"X561",56,21.4407407407407
"X562",56.1,20.3494423791822
"X563",56.2,19.2407407407407
"X564",56.3,22.8555555555556
"X565",56.4,33.2148148148148
"X566",56.5,53.0148148148148
"X567",56.6,50.3333333333333
"X568",56.7,33.6518518518519
"X569",56.8,32.7148148148148
"X570",56.9,28.8777777777778
"X571",57,31.2407407407407
"X572",57.1,37.737037037037
"X573",57.2,33.9444444444444
"X574",57.3,44.7777777777778
"X575",57.4,38.9033457249071
"X576",57.5,52.9333333333333
"X577",57.6,53.5148148148148
"X578",57.7,37.4111111111111
"X579",57.8,24.5074074074074
"X580",57.9,22.0518518518519
"X581",58,18.7814814814815
"X582",58.1,24.137037037037
"X583",58.2,28.562962962963
"X584",58.3,35.0557620817844
"X585",58.4,30
"X586",58.5,30.6492537313433
"X587",58.6,30.4777777777778
"X588",58.7,25.037037037037
"X589",58.8,20.6777777777778
"X590",58.9,34.6481481481481
"X591",59,71.0446096654275
"X592",59.1,97.6245353159851
"X593",59.2,121.744444444444
"X594",59.3,113.281481481481
"X595",59.4,69.4888888888889
"X596",59.5,57.5259259259259
"X597",59.6,75.8777777777778
"X598",59.7,65.8111111111111
"X599",59.8,61.2962962962963
"X600",59.9,113.233333333333
"X601",60,149.059259259259
"X602",60.1,165.392592592593
"X603",60.2,120.311111111111
"X604",60.3,100.581481481481
"X605",60.4,110.111111111111
"X606",60.5,106.485185185185
"X607",60.6,164.3
"X608",60.7,153.944444444444
"X609",60.8,180.188888888889
"X610",60.9,135.802973977695
"X611",61,66.1301115241636
"X612",61.1,32.4407407407407
"X613",61.2,15.8689138576779
"X614",61.3,13.8925925925926
"X615",61.4,10.5962962962963
"X616",61.5,13.7686567164179
"X617",61.6,24.4555555555556
"X618",61.7,11.4888888888889
"X619",61.8,12.2193308550186
"X620",61.9,15.9291044776119
"X621",62,9.0185873605948
"X622",62.1,9.80970149253731
"X623",62.2,10.1888888888889
"X624",62.3,10.2164179104478
"X625",62.4,9.66417910447761
"X626",62.5,9.4589552238806
"X627",62.6,9.78148148148148
"X628",62.7,10.1740740740741
"X629",62.8,10.8921933085502
"X630",62.9,11.6296296296296
"X631",63,11.9888475836431
"X632",63.1,12.6888888888889
"X633",63.2,12.4592592592593
"X634",63.3,11.9888888888889
"X635",63.4,13.0520446096654
"X636",63.5,14.364312267658
"X637",63.6,12.9067164179104
"X638",63.7,12.5650557620818
"X639",63.8,13.0777777777778
"X640",63.9,13.7657992565056
"X641",64,13.1740740740741
"X642",64.1,15.9555555555556
"X643",64.2,24.5888888888889
"X644",64.3,28.2044609665428
"X645",64.4,28.6481481481481
"X646",64.5,55.9144981412639
"X647",64.6,58.7444444444444
"X648",64.7,48.4555555555556
"X649",64.8,48.562962962963
"X650",64.9,27.8074074074074
"X651",65,20.8814814814815
"X652",65.1,18.1111111111111
"X653",65.2,21.0111111111111
"X654",65.3,21.3011152416357
"X655",65.4,18.962962962963
"X656",65.5,19.1592592592593
"X657",65.6,22.1407407407407
"X658",65.7,21.5333333333333
"X659",65.8,22.9888888888889
"X660",65.9,32.5962962962963
"X661",66,45.3518518518519
"X662",66.1,75.6431226765799
"X663",66.2,78.7296296296296
"X664",66.3,62.3962962962963
"X665",66.4,67.1592592592593
"X666",66.5,57.7444444444444
"X667",66.6,49.9111111111111
"X668",66.7,36.4740740740741
"X669",66.8,28.3518518518519
"X670",66.9,24.0222222222222
"X671",67,22.3962962962963
"X672",67.1,33.2259259259259
"X673",67.2,49.1592592592593
"X674",67.3,40.6888888888889
"X675",67.4,20.1592592592593
"X676",67.5,28.1333333333333
"X677",67.6,36.9814814814815
"X678",67.7,36.8037037037037
"X679",67.8,35.5074074074074
"X680",67.9,68.9740740740741
"X681",68,83.8259259259259
"X682",68.1,60.9592592592593
"X683",68.2,48.4962962962963
"X684",68.3,60.8111111111111
"X685",68.4,74.5111111111111
"X686",68.5,68.2962962962963
"X687",68.6,49.5333333333333
"X688",68.7,39.9111111111111
"X689",68.8,33.5222222222222
"X690",68.9,29.9444444444444
"X691",69,33.6777777777778
"X692",69.1,28.5148148148148
"X693",69.2,25.6740740740741
"X694",69.3,19.5074074074074
"X695",69.4,19.0962962962963
"X696",69.5,17.1666666666667
"X697",69.6,16.6703703703704
"X698",69.7,18.5296296296296
"X699",69.8,21.9330855018587
"X700",69.9,24.6259259259259
"X701",70,26.1
"X702",70.1,24.6111111111111
"X703",70.2,26.7925925925926
"X704",70.3,24.9185185185185
"X705",70.4,21.1481481481481
"X706",70.5,20.0444444444444
"X707",70.6,20.8814814814815
"X708",70.7,24.0074074074074
"X709",70.8,26.2037037037037
"X710",70.9,22.0777777777778
"X711",71,19.0259259259259
"X712",71.1,18.2333333333333
"X713",71.2,19.1222222222222
"X714",71.3,18.5148148148148
"X715",71.4,19.3740740740741
"X716",71.5,20.5222222222222
"X717",71.6,21.9148148148148
"X718",71.7,22.9518518518519
"X719",71.8,23.1851851851852
"X720",71.9,26.4740740740741
"X721",72,26.9814814814815
"X722",72.1,25.9481481481481
"X723",72.2,25.3940520446097
"X724",72.3,27.6059479553903
"X725",72.4,28.3940520446097
"X726",72.5,40.0703703703704
"X727",72.6,47.2862453531598
"X728",72.7,59.1222222222222
"X729",72.8,80.9814814814815
"X730",72.9,97.3777777777778
"X731",73,100.553903345725
"X732",73.1,104.595505617978
"X733",73.2,103.219330855019
"X734",73.3,82.8074074074074
"X735",73.4,75.7925925925926
"X736",73.5,77.5666666666667
"X737",73.6,91.7074074074074
"X738",73.7,112.514814814815
"X739",73.8,142.37037037037
"X740",73.9,158.281481481481
"X741",74,151.707407407407
"X742",74.1,152.477777777778
"X743",74.2,195.462686567164
"X744",74.3,233.806691449814
"X745",74.4,280.955555555556
"X746",74.5,270.496296296296
"X747",74.6,304.148148148148
"X748",74.7,357.051851851852
"X749",74.8,435.377777777778
"X750",74.9,435.188888888889
"X751",75,411.836431226766
"X752",75.1,432.144444444444
"X753",75.2,425.288888888889
"X754",75.3,363.796296296296
"X755",75.4,363.144981412639
"X756",75.5,333.462686567164
"X757",75.6,268.382899628253
"X758",75.7,230.325925925926
"X759",75.8,193.588888888889
"X760",75.9,231.422222222222
"X761",76,251.646840148699
"X762",76.1,219.568773234201
"X763",76.2,239.040892193309
"X764",76.3,238.472118959108
"X765",76.4,176.868913857678
"X766",76.5,194.728624535316
"X767",76.6,165.207407407407
"X768",76.7,148.266666666667
"X769",76.8,104.477777777778
"X770",76.9,90.9074074074074
"X771",77,127.377777777778
"X772",77.1,125.42962962963
"X773",77.2,112.311111111111
"X774",77.3,116.733333333333
"X775",77.4,122.692592592593
"X776",77.5,154.874074074074
"X777",77.6,156.118518518519
"X778",77.7,104.97037037037
"X779",77.8,59.0592592592593
"X780",77.9,34.2740740740741
"X781",78,21.7296296296296
"X782",78.1,20.6962962962963
"X783",78.2,19.9333333333333
"X784",78.3,17.6222222222222
"X785",78.4,16.8666666666667
"X786",78.5,18.457249070632
"X787",78.6,18.8148148148148
"X788",78.7,19.362962962963
"X789",78.8,19.0074349442379
"X790",78.9,16.1777777777778
"X791",79,15.1851851851852
"X792",79.1,17.4185185185185
"X793",79.2,22.4869888475836
"X794",79.3,39.937037037037
"X795",79.4,36.637037037037
"X796",79.5,37.9111111111111
"X797",79.6,36.4259259259259
"X798",79.7,30.3962962962963
"X799",79.8,29.5333333333333
"X800",79.9,35.7703703703704
"X801",80,44.2814814814815
"X802",80.1,40.2814814814815
"X803",80.2,31.4814814814815
"X804",80.3,24.6059479553903
"X805",80.4,25.0185185185185
"X806",80.5,26.2444444444444
"X807",80.6,36.2740740740741
"X808",80.7,37.4222222222222
"X809",80.8,26.7962962962963
"X810",80.9,22.910780669145
"X811",81,20.0074349442379
"X812",81.1,18.2962962962963
"X813",81.2,16.9666666666667
"X814",81.3,16.7100371747212
"X815",81.4,16.4851851851852
"X816",81.5,15.8401486988848
"X817",81.6,16.3457249070632
"X818",81.7,16.9259259259259
"X819",81.8,23.9407407407407
"X820",81.9,29.5333333333333
"X821",82,20.8438661710037
"X822",82.1,15.3568773234201
"X823",82.2,14.1555555555556
"X824",82.3,13.7666666666667
"X825",82.4,17.1888888888889
"X826",82.5,15.5962962962963
"X827",82.6,15.3296296296296
"X828",82.7,16.8518518518519
"X829",82.8,17.5481481481481
"X830",82.9,20.1962962962963
"X831",83,17.9555555555556
"X832",83.1,18.1444444444444
"X833",83.2,21.737037037037
"X834",83.3,22.089219330855
"X835",83.4,20.3777777777778
"X836",83.5,18.6888888888889
"X837",83.6,20.6481481481481
"X838",83.7,22.4444444444444
"X839",83.8,23.2444444444444
"X840",83.9,22.1333333333333
"X841",84,22.6296296296296
"X842",84.1,21.962962962963
"X843",84.2,25.9555555555556
"X844",84.3,30.3777777777778
"X845",84.4,26.3185185185185
"X846",84.5,20.4333333333333
"X847",84.6,31.4111111111111
"X848",84.7,39.862962962963
"X849",84.8,47.6535433070866
"X850",84.9,51.9670781893004
"X851",85,54.1541850220264
"X852",85.1,48.5799086757991
"X853",85.2,49.0688073394495
"X854",85.3,44.1336206896552
"X855",85.4,45.116
"X856",85.5,41.2270916334661
"X857",85.6,42.5992063492063
"X858",85.7,47.3849206349206
"X859",85.8,44.3659574468085
"X860",85.9,39.4581497797357
"X861",86,48.7106382978723
"X862",86.1,60.8477366255144
"X863",86.2,56.5974025974026
"X864",86.3,46.4418604651163
"X865",86.4,44.0704845814978
"X866",86.5,37.1733870967742
"X867",86.6,36.9541984732824
"X868",86.7,32.75
"X869",86.8,24.3484848484848
"X870",86.9,23.4285714285714
"X871",87,29.6124031007752
"X872",87.1,28.4269662921348
"X873",87.2,20.162962962963
"X874",87.3,16.8074074074074
"X875",87.4,15.6096654275093
"X876",87.5,14.3740740740741
"X877",87.6,16.5407407407407
"X878",87.7,20.9483394833948
"X879",87.8,13.4522058823529
"X880",87.9,12.7619047619048
"X881",88,15.0289855072464
"X882",88.1,14.1123188405797
"X883",88.2,14.2258064516129
"X884",88.3,14.1464285714286
"X885",88.4,14.5551601423488
"X886",88.5,16.3639575971731
"X887",88.6,17.5547703180212
"X888",88.7,15.7719298245614
"X889",88.8,16.1149825783972
"X890",88.9,14.4844290657439
"X891",89,12.4034482758621
"X892",89.1,14.961937716263
"X893",89.2,22.4452054794521
"X894",89.3,14.5918367346939
"X895",89.4,14.9186440677966
"X896",89.5,17.7128378378378
"X897",89.6,16.9261744966443
"X898",89.7,12.8595317725753
"X899",89.8,18.2566666666667
"X900",89.9,23.8704318936877
"X901",90,28.2937293729373
"X902",90.1,38.672131147541
"X903",90.2,27.3973941368078
"X904",90.3,18.5844155844156
"X905",90.4,25.5825242718447
"X906",90.5,21.5144694533762
"X907",90.6,21.032154340836
"X908",90.7,16.555910543131
"X909",90.8,14.8793650793651
"X910",90.9,14.5664556962025
"X911",91,19.3364779874214
"X912",91.1,29.7774294670846
"X913",91.2,16.834375
"X914",91.3,16.3676012461059
"X915",91.4,15.1578947368421
"X916",91.5,14.6111111111111
"X917",91.6,19.3661538461538
"X918",91.7,19.1100917431193
"X919",91.8,22.4285714285714
"X920",91.9,15.1242424242424
"X921",92,14.9483282674772
"X922",92.1,14.7567567567568
"X923",92.2,16.5993975903614
"X924",92.3,18.4179104477612
"X925",92.4,17.9315476190476
"X926",92.5,29.9464285714286
"X927",92.6,41.6854599406528
"X928",92.7,36.8571428571429
"X929",92.8,18.4005934718101
"X930",92.9,11.5307917888563
"X931",93,15.3117647058824
"X932",93.1,11.4460641399417
"X933",93.2,12.1589595375723
"X934",93.3,12.2378223495702
"X935",93.4,12.8285714285714
"X936",93.5,15.7585227272727
"X937",93.6,13.6647727272727
"X938",93.7,18.1756373937677
"X939",93.8,10.7824858757062
"X940",93.9,14.2296918767507
"X941",94,17.963687150838
"X942",94.1,21.1145251396648
"X943",94.2,16.7257617728532
"X944",94.3,22.5635359116022
"X945",94.4,23.4807692307692
"X946",94.5,22.2082191780822
"X947",94.6,13.3205479452055
"X948",94.7,14.0792349726776
"X949",94.8,24.7837837837838
"X950",94.9,21.6531165311653
"X951",95,22.5471698113208
"X952",95.1,29.0748663101604
"X953",95.2,28.3590425531915
"X954",95.3,20.5239361702128
"X955",95.4,22.473544973545
"X956",95.5,17.8868421052632
"X957",95.6,23.4199475065617
"X958",95.7,18.3805774278215
"X959",95.8,20.9242819843342
"X960",95.9,23.4114583333333
"X961",96,29.259067357513
"X962",96.1,39.479381443299
"X963",96.2,38.3324742268041
"X964",96.3,34.7749360613811
"X965",96.4,24.2153846153846
"X966",96.5,21.4143222506394
"X967",96.6,26.719387755102
"X968",96.7,16.4096692111959
"X969",96.8,13.6844783715013
"X970",96.9,12.3367346938776
"X971",97,12.0025641025641
"X972",97.1,13.0255754475703
"X973",97.2,13.3520408163265
"X974",97.3,13.5583756345178
"X975",97.4,12.8651399491094
"X976",97.5,12.76726342711
"X977",97.6,15.1012658227848
"X978",97.7,14.9722222222222
"X979",97.8,14.5493670886076
"X980",97.9,14.6548223350254
"X981",98,12.758883248731
"X982",98.1,16.9822335025381
"X983",98.2,12.227621483376
"X984",98.3,12.3838383838384
"X985",98.4,12.8167938931298
"X986",98.5,13.0737913486005
"X987",98.6,17.058524173028
"X988",98.7,13.0886075949367
"X989",98.8,13.2886075949367
"X990",98.9,13.9390862944162
"X991",99,14.4015151515152
"X992",99.1,13.4823232323232
"X993",99.2,13.4886075949367
"X994",99.3,14.5721518987342
"X995",99.4,14.5757575757576
"X996",99.5,14.6354430379747
"X997",99.6,13.9035532994924
"X998",99.7,12.6303797468354
"X999",99.8,16.0280612244898
"X1000",99.9,16.2309644670051
"X1001",100,17.9822784810127
"X1002",100.1,15.0786802030457
"X1003",100.2,17.816120906801
"X1004",100.3,18.2025316455696
"X1005",100.4,18.647355163728
"X1006",100.5,17.9040404040404
"X1007",100.6,16.3693467336683
"X1008",100.7,14.391959798995
"X1009",100.8,13.4723618090452
"X1010",100.9,13.1654135338346
"X1011",101,14.3834586466165
"X1012",101.1,13.9345088161209
"X1013",101.2,15.1984924623116
"X1014",101.3,18.2080200501253
"X1015",101.4,17.3576826196474
"X1016",101.5,12.5979899497487
"X1017",101.6,10.9875311720698
"X1018",101.7,10.5929648241206
"X1019",101.8,13.0473815461347
"X1020",101.9,11.735
"X1021",102,10.468671679198
"X1022",102.1,10.089552238806
"X1023",102.2,10.6925
"X1024",102.3,11.8395989974937
"X1025",102.4,12.7844611528822
"X1026",102.5,12.1845386533666
"X1027",102.6,12.3668341708543
"X1028",102.7,11.4497487437186
"X1029",102.8,13.3869346733668
"X1030",102.9,15.3075
"X1031",103,16.5415617128463
"X1032",103.1,16.3525
"X1033",103.2,18.3690773067332
"X1034",103.3,22.4154228855721
"X1035",103.4,18.6129032258065
"X1036",103.5,19.6526054590571
"X1037",103.6,28.9503722084367
"X1038",103.7,37.0721393034826
"X1039",103.8,40.7010050251256
"X1040",103.9,38.1240694789082
"X1041",104,33.1047381546135
"X1042",104.1,42.5732009925558
"X1043",104.2,40.3316708229426
"X1044",104.3,37.1
"X1045",104.4,48.950495049505
"X1046",104.5,38.7531486146096
"X1047",104.6,43.5234567901235
"X1048",104.7,37.3107769423559
"X1049",104.8,27.0620347394541
"X1050",104.9,19.5260545905707
"X1051",105,14.7648514851485
"X1052",105.1,11.8582089552239
"X1053",105.2,10.4425
"X1054",105.3,9.11910669975186
"X1055",105.4,8.89303482587065
"X1056",105.5,8.4070351758794
"X1057",105.6,8.4713216957606
"X1058",105.7,8.5990099009901
"X1059",105.8,8.22084367245658
"X1060",105.9,8.34653465346535
"X1061",106,8.75369458128079
"X1062",106.1,8.97044334975369
"X1063",106.2,8.93596059113301
"X1064",106.3,9.48529411764706
"X1065",106.4,10.671568627451
"X1066",106.5,9.67901234567901
"X1067",106.6,9.67733990147783
"X1068",106.7,9.69876543209877
"X1069",106.8,9.12039312039312
"X1070",106.9,10.4078624078624
"X1071",107,11.0342298288509
"X1072",107.1,10.7604938271605
"X1073",107.2,9.995085995086
"X1074",107.3,10.8304668304668
"X1075",107.4,13.3490099009901
"X1076",107.5,12.3308270676692
"X1077",107.6,11.6460396039604
"X1078",107.7,12.5285359801489
"X1079",107.8,11.9699248120301
"X1080",107.9,11.8065326633166
"X1081",108,11.6909547738693
"X1082",108.1,10.4735516372796
"X1083",108.2,10.0534351145038
"X1084",108.3,9.72519083969466
"X1085",108.4,10.0407124681934
"X1086",108.5,10.0357142857143
"X1087",108.6,10.3316195372751
"X1088",108.7,10.4858611825193
"X1089",108.8,10.3619791666667
"X1090",108.9,9.70284237726098
"X1091",109,9.5509138381201
"X1092",109.1,9.46073298429319
"X1093",109.2,10.1246684350133
"X1094",109.3,10.0978835978836
"X1095",109.4,10.2122015915119
"X1096",109.5,10.7236842105263
"X1097",109.6,11.2826666666667
"X1098",109.7,12.1666666666667
"X1099",109.8,15.8058510638298
"X1100",109.9,19.5695187165775
"X1101",110,26.1286863270777
"X1102",110.1,21.6801075268817
"X1103",110.2,14.4483695652174
"X1104",110.3,14.7201086956522
"X1105",110.4,14.3623978201635
"X1106",110.5,13.3215258855586
"X1107",110.6,19.7322404371585
"X1108",110.7,20.5027472527473
"X1109",110.8,16.0716253443526
"X1110",110.9,19.6925207756233
"X1111",111,15.4666666666667
"X1112",111.1,13.4651810584958
"X1113",111.2,13.3577464788732
"X1114",111.3,12.983286908078
"X1115",111.4,13.9121813031161
"X1116",111.5,15.4438202247191
"X1117",111.6,15.9460227272727
"X1118",111.7,11.8551136363636
"X1119",111.8,9.81196581196581
"X1120",111.9,10.6103151862464
"X1121",112,11.0373563218391
"X1122",112.1,11.178674351585
"X1123",112.2,11.1618497109827
"X1124",112.3,9.66666666666667
"X1125",112.4,9.65882352941176
"X1126",112.5,9.59302325581395
"X1127",112.6,9.46783625730994
"X1128",112.7,9.35398230088496
"X1129",112.8,9.93491124260355
"X1130",112.9,10.212389380531
"X1131",113,10.033033033033
"X1132",113.1,9.99702380952381
"X1133",113.2,9.92469879518072
"X1134",113.3,10.6223564954683
"X1135",113.4,10.7575757575758
"X1136",113.5,10.8662613981763
"X1137",113.6,11.4678899082569
"X1138",113.7,10.6170212765957
"X1139",113.8,10.7399380804954
"X1140",113.9,13.3323076923077
"X1141",114,11.6428571428571
"X1142",114.1,10.4236760124611
"X1143",114.2,10.096875
"X1144",114.3,10.6561514195584
"X1145",114.4,10.7327044025157
"X1146",114.5,11.3040752351097
"X1147",114.6,11.2852564102564
"X1148",114.7,11.4507936507937
"X1149",114.8,11.2115384615385
"X1150",114.9,11.08038585209
"X1151",115,10.8051948051948
"X1152",115.1,10.5177993527508
"X1153",115.2,10.2135922330097
"X1154",115.3,10.7864077669903
"X1155",115.4,10.7934426229508
"X1156",115.5,12.8459016393443
"X1157",115.6,13.6032786885246
"X1158",115.7,11.7434210526316
"X1159",115.8,10.5529801324503
"X1160",115.9,11.0431893687708
"X1161",116,10.5886287625418
"X1162",116.1,11.1204013377926
"X1163",116.2,10.7080536912752
"X1164",116.3,11.2423208191126
"X1165",116.4,10.3310580204778
"X1166",116.5,10.3047945205479
"X1167",116.6,10.6780821917808
"X1168",116.7,11.3586206896552
"X1169",116.8,11.0137931034483
"X1170",116.9,11.598615916955
"X1171",117,11.8592592592593
"X1172",117.1,11.4888888888889
"X1173",117.2,11.537037037037
"X1174",117.3,12.6
"X1175",117.4,12.182156133829
"X1176",117.5,14.1259259259259
"X1177",117.6,14.3518518518519
"X1178",117.7,13.0555555555556
"X1179",117.8,13.0111111111111
"X1180",117.9,12.1962962962963
"X1181",118,12.6407407407407
"X1182",118.1,12.037037037037
"X1183",118.2,10.6194029850746
"X1184",118.3,10.1567164179104
"X1185",118.4,10.3259259259259
"X1186",118.5,11.1679104477612
"X1187",118.6,11.635687732342
"X1188",118.7,11.7851851851852
"X1189",118.8,10.9703703703704
"X1190",118.9,10.8921933085502
"X1191",119,11.4703703703704
"X1192",119.1,12.1703703703704
"X1193",119.2,12.0703703703704
"X1194",119.3,12.2592592592593
"X1195",119.4,12.1524163568773
"X1196",119.5,12.8432835820896
"X1197",119.6,11.5740740740741
"X1198",119.7,12.6814814814815
"X1199",119.8,13.6208178438662
"X1200",119.9,13.2259259259259
"X1201",120,12.4592592592593
"X1202",120.1,12.5820895522388
"X1203",120.2,12.4907063197026
"X1204",120.3,12.5592592592593
"X1205",120.4,14.0333333333333
"X1206",120.5,13.3185185185185
"X1207",120.6,12.8148148148148
"X1208",120.7,12.6037037037037
"X1209",120.8,12.5740740740741
"X1210",120.9,12.9703703703704
"X1211",121,14.1925925925926
"X1212",121.1,13.7
"X1213",121.2,15.0592592592593
"X1214",121.3,13.8814814814815
"X1215",121.4,12.7695167286245
"X1216",121.5,12.8777777777778
"X1217",121.6,13.5481481481481
"X1218",121.7,16.0185185185185
"X1219",121.8,17.7137546468401
"X1220",121.9,16.1598513011152
"X1221",122,15.6925925925926
"X1222",122.1,15.4
"X1223",122.2,14.8847583643123
"X1224",122.3,17.5576208178439
"X1225",122.4,20.8962962962963
"X1226",122.5,23.8364312267658
"X1227",122.6,29.3333333333333
"X1228",122.7,18.3420074349442
"X1229",122.8,18.5917602996255
"X1230",122.9,26.0446096654275
"X1231",123,14.8333333333333
"X1232",123.1,13.6074074074074
"X1233",123.2,15.6111111111111
"X1234",123.3,17.6542750929368
"X1235",123.4,12.996282527881
"X1236",123.5,15.2148148148148
"X1237",123.6,11.6988847583643
"X1238",123.7,10.7918215613383
"X1239",123.8,10.8736059479554
"X1240",123.9,11.7546468401487
"X1241",124,12.0335820895522
"X1242",124.1,11.9814814814815
"X1243",124.2,11.8550185873606
"X1244",124.3,11.2342007434944
"X1245",124.4,11.2565055762082
"X1246",124.5,10.7955390334572
"X1247",124.6,10.7296296296296
"X1248",124.7,10.4795539033457
"X1249",124.8,11.1111111111111
"X1250",124.9,12.0185185185185
"X1251",125,12.3518518518519
"X1252",125.1,12.4237918215613
"X1253",125.2,13.7350746268657
"X1254",125.3,13.7137546468401
"X1255",125.4,13.9219330855019
"X1256",125.5,14.7397769516729
"X1257",125.6,13.4721189591078
"X1258",125.7,12.5185185185185
"X1259",125.8,14.3048327137546
"X1260",125.9,14.4738805970149
"X1261",126,14.5576208178439
"X1262",126.1,13.8703703703704
"X1263",126.2,12.5777777777778
"X1264",126.3,12.9925925925926
"X1265",126.4,12.7546468401487
"X1266",126.5,11.8698884758364
"X1267",126.6,11.8037037037037
"X1268",126.7,11.1797752808989
"X1269",126.8,11.0817843866171
"X1270",126.9,11.7014925373134
"X1271",127,12.7537313432836
"X1272",127.1,14.1226765799257
"X1273",127.2,15.6111111111111
"X1274",127.3,14.6641791044776
"X1275",127.4,14.4721189591078
"X1276",127.5,14.6791044776119
"X1277",127.6,13.8333333333333
"X1278",127.7,13.6407407407407
"X1279",127.8,12.4200743494424
"X1280",127.9,12.6194029850746
"X1281",128,13.3259259259259
"X1282",128.1,11.0888888888889
"X1283",128.2,11.9662921348315
"X1284",128.3,11.9666666666667
"X1285",128.4,13.2962962962963
"X1286",128.5,12.9888888888889
"X1287",128.6,12.4333333333333
"X1288",128.7,12.3185185185185
"X1289",128.8,14.0814814814815
"X1290",128.9,13.4646840148699
"X1291",129,13.0631970260223
"X1292",129.1,13.462962962963
"X1293",129.2,13.275092936803
"X1294",129.3,12.937037037037
"X1295",129.4,12.1925925925926
"X1296",129.5,13.8148148148148
"X1297",129.6,11.6245353159851
"X1298",129.7,11.1529850746269
"X1299",129.8,11.1086142322097
"X1300",129.9,11.7443609022556
"X1301",130,11.2201492537313
"X1302",130.1,10.8134328358209
"X1303",130.2,10.2156133828996
"X1304",130.3,10.6479400749064
"X1305",130.4,10.6541353383459
"X1306",130.5,10.4719101123596
"X1307",130.6,11.1561338289963
"X1308",130.7,12.4772727272727
"X1309",130.8,14.0449438202247
"X1310",130.9,13.5864661654135
"X1311",131,16.0898876404494
"X1312",131.1,15.5167286245353
"X1313",131.2,14.7191011235955
"X1314",131.3,14.8481481481481
"X1315",131.4,15.1573033707865
"X1316",131.5,12.1578947368421
"X1317",131.6,10.9097744360902
"X1318",131.7,11.0855018587361
"X1319",131.8,12.6888888888889
"X1320",131.9,14.4393939393939
"X1321",132,14.75
"X1322",132.1,14.162962962963
"X1323",132.2,13.1301115241636
"X1324",132.3,12.6282527881041
"X1325",132.4,12.8959107806691
"X1326",132.5,13.0264150943396
"X1327",132.6,12.9665427509294
"X1328",132.7,11.1486988847584
"X1329",132.8,11.9442379182156
"X1330",132.9,12.9699248120301
"X1331",133,13.0977443609023
"X1332",133.1,13.7471698113208
"X1333",133.2,13.8277153558052
"X1334",133.3,12.7201492537313
"X1335",133.4,14.4111111111111
"X1336",133.5,15.8148148148148
"X1337",133.6,14.1259259259259
"X1338",133.7,10.9438202247191
"X1339",133.8,17.6245353159851
"X1340",133.9,31.8171641791045
"X1341",134,37.5746268656716
"X1342",134.1,47.1940298507463
"X1343",134.2,43.4356060606061
"X1344",134.3,34.2765151515151
"X1345",134.4,51.9962121212121
"X1346",134.5,50.3050193050193
"X1347",134.6,108.62015503876
"X1348",134.7,128.537190082645
"X1349",134.8,80.536231884058
"X1350",134.9,73.0100502512563
"X1351",135,64.1188118811881
"X1352",135.1,46.4223300970874
"X1353",135.2,46.7045454545455
"X1354",135.3,67.9702127659574
"X1355",135.4,158.290322580645
"X1356",135.5,215.284090909091
"X1357",135.6,164.621212121212
"X1358",135.7,89.0503875968992
"X1359",135.8,49.843137254902
"X1360",135.9,31.6916996047431
"X1361",136,33.2274509803922
"X1362",136.1,36.3438735177866
"X1363",136.2,25.93359375
"X1364",136.3,19.2857142857143
"X1365",136.4,23.9723320158103
"X1366",136.5,27.6825396825397
"X1367",136.6,27.4501992031872
"X1368",136.7,29.0956175298805
"X1369",136.8,36.5793650793651
"X1370",136.9,51.125
"X1371",137,48.4940239043825
"X1372",137.1,62.3508064516129
"X1373",137.2,108.816733067729
"X1374",137.3,127.784
"X1375",137.4,95.0486725663717
"X1376",137.5,70.5463917525773
"X1377",137.6,58.5135135135135
"X1378",137.7,86.5611111111111
"X1379",137.8,124.429347826087
"X1380",137.9,91.9468599033816
"X1381",138,55.2139534883721
"X1382",138.1,82.5922746781116
"X1383",138.2,86.0681818181818
"X1384",138.3,91.1531531531532
"X1385",138.4,116.969696969697
"X1386",138.5,81.1877551020408
"X1387",138.6,104.307086614173
"X1388",138.7,66.3372093023256
"X1389",138.8,24.7072243346008
"X1390",138.9,17.2388059701493
"X1391",139,17.4850746268657
"X1392",139.1,14.4684014869888
"X1393",139.2,16.0902255639098
"X1394",139.3,17.0639097744361
"X1395",139.4,15.1011235955056
"X1396",139.5,20.5932835820896
"X1397",139.6,20.8277153558052
"X1398",139.7,28.5407407407407
"X1399",139.8,28.8814814814815
"X1400",139.9,27.0486891385768
"X1401",140,21.3992537313433
"X1402",140.1,21.362962962963
"X1403",140.2,23.8111111111111
"X1404",140.3,22.955223880597
"X1405",140.4,30.0485074626866
"X1406",140.5,31.8959107806691
"X1407",140.6,35.6617100371747
"X1408",140.7,29.6728624535316
"X1409",140.8,22.037037037037
"X1410",140.9,18.3185185185185
"X1411",141,18.5111111111111
"X1412",141.1,18.8481481481481
"X1413",141.2,17.5740740740741
"X1414",141.3,15.6777777777778
"X1415",141.4,19.0555555555556
"X1416",141.5,29.9925925925926
"X1417",141.6,27.4148148148148
"X1418",141.7,18.1555555555556
"X1419",141.8,23.2074074074074
"X1420",141.9,20.437037037037
"X1421",142,19.4222222222222
"X1422",142.1,18.062962962963
"X1423",142.2,17.937037037037
"X1424",142.3,18.4962962962963
"X1425",142.4,24.7703703703704
"X1426",142.5,18.2296296296296
"X1427",142.6,15.3851851851852
"X1428",142.7,14.9111111111111
"X1429",142.8,15.1226765799257
"X1430",142.9,18.4185185185185
"X1431",143,17.4185185185185
"X1432",143.1,13.5501858736059
"X1433",143.2,13.4074074074074
"X1434",143.3,14.4349442379182
"X1435",143.4,15.2453531598513
"X1436",143.5,15.5650557620818
"X1437",143.6,17.1115241635688
"X1438",143.7,12.1078066914498
"X1439",143.8,11.5880149812734
"X1440",143.9,10.9776119402985
"X1441",144,11.2022471910112
"X1442",144.1,13.089552238806
"X1443",144.2,14.3470149253731
"X1444",144.3,14.1115241635688
"X1445",144.4,13.5130111524164
"X1446",144.5,12.6877323420074
"X1447",144.6,12.4185185185185
"X1448",144.7,12.4646840148699
"X1449",144.8,11.9665427509294
"X1450",144.9,11.8851851851852
"X1451",145,11.937037037037
"X1452",145.1,12.0296296296296
"X1453",145.2,12.0259259259259
"X1454",145.3,13.1037037037037
"X1455",145.4,12.6315789473684
"X1456",145.5,12.0898876404494
"X1457",145.6,14.9738805970149
"X1458",145.7,15.0522388059701
"X1459",145.8,16.0631970260223
"X1460",145.9,15.7148148148148
"X1461",146,13.876404494382
"X1462",146.1,13.4423791821561
"X1463",146.2,11.9037037037037
"X1464",146.3,12.0524344569288
"X1465",146.4,13.0260223048327
"X1466",146.5,13.8296296296296
"X1467",146.6,13.9222222222222
"X1468",146.7,14.1296296296296
"X1469",146.8,15.7620817843866
"X1470",146.9,14.8037037037037
"X1471",147,14.271375464684
"X1472",147.1,13.9333333333333
"X1473",147.2,13.9740740740741
"X1474",147.3,15.0703703703704
"X1475",147.4,15.1444444444444
"X1476",147.5,15.0444444444444
"X1477",147.6,16.3977695167286
"X1478",147.7,20.6925925925926
"X1479",147.8,20.2703703703704
"X1480",147.9,17.9814126394052
"X1481",148,15.1672862453532
"X1482",148.1,17.9740740740741
"X1483",148.2,20.0074074074074
"X1484",148.3,24.1592592592593
"X1485",148.4,25.2074074074074
"X1486",148.5,27.2267657992565
"X1487",148.6,24.2592592592593
"X1488",148.7,19.4477611940299
"X1489",148.8,18.1524163568773
"X1490",148.9,18.089219330855
"X1491",149,20.7089552238806
"X1492",149.1,20.8847583643123
"X1493",149.2,23.453531598513
"X1494",149.3,19.55
"X1495",149.4,17.5055762081784
"X1496",149.5,17.5407407407407
"X1497",149.6,17.7537313432836
"X1498",149.7,13.4831460674157
"X1499",149.8,12.8921933085502
"X1500",149.9,12.9037037037037
"X1501",150,12.6654275092937
"X1502",150.1,12.7881040892193
"X1503",150.2,11.9398496240601
"X1504",150.3,14.1115241635688
"X1505",150.4,16.9887218045113
"X1506",150.5,21.9471698113208
"X1507",150.6,24.9067164179104
"X1508",150.7,35.3496240601504
"X1509",150.8,44.5278810408922
"X1510",150.9,41.1985018726592
"X1511",151,47.9186046511628
"X1512",151.1,73.890625
"X1513",151.2,80.9733840304182
"X1514",151.3,100.597744360902
"X1515",151.4,67.0898876404494
"X1516",151.5,29.811320754717
"X1517",151.6,27.5992509363296
"X1518",151.7,27.4452830188679
"X1519",151.8,24.7790262172285
"X1520",151.9,24.737037037037
"X1521",152,23.5762081784387
"X1522",152.1,23.4850746268657
"X1523",152.2,28.4906367041199
"X1524",152.3,26.8339622641509
"X1525",152.4,41.2851851851852
"X1526",152.5,26.3694029850746
"X1527",152.6,15.9592592592593
"X1528",152.7,12.662962962963
"X1529",152.8,11.3754646840149
"X1530",152.9,10.9518518518519
"X1531",153,11.4232209737828
"X1532",153.1,11.0222222222222
"X1533",153.2,12.1740740740741
"X1534",153.3,24.562962962963
"X1535",153.4,25.8252788104089
"X1536",153.5,31.9626865671642
"X1537",153.6,33.7686567164179
"X1538",153.7,25.6133828996283
"X1539",153.8,19.2611940298507
"X1540",153.9,15.2339622641509
"X1541",154,11.1865671641791
"X1542",154.1,11.0594795539033
"X1543",154.2,12.2304832713755
"X1544",154.3,12.1189591078067
"X1545",154.4,15.7330827067669
"X1546",154.5,13.0377358490566
"X1547",154.6,12.6816479400749
"X1548",154.7,10.4356060606061
"X1549",154.8,11.1310861423221
"X1550",154.9,12.3470149253731
"X1551",155,12.1444866920152
"X1552",155.1,11.1666666666667
"X1553",155.2,10.0415094339623
"X1554",155.3,10.5413533834586
"X1555",155.4,10.4456928838951
"X1556",155.5,16.1735849056604
"X1557",155.6,15.7105263157895
"X1558",155.7,20.0224719101124
"X1559",155.8,19.2156133828996
"X1560",155.9,18.160447761194
"X1561",156,15.8458646616541
"X1562",156.1,14.2676579925651
"X1563",156.2,12.9514925373134
"X1564",156.3,13.0298507462687
"X1565",156.4,13.7444444444444
"X1566",156.5,12.6865671641791
"X1567",156.6,14.2962962962963
"X1568",156.7,15.8296296296296
"X1569",156.8,12.8185185185185
"X1570",156.9,12.4074074074074
"X1571",157,12.4592592592593
"X1572",157.1,12.6185185185185
"X1573",157.2,17.2407407407407
"X1574",157.3,16.662962962963
"X1575",157.4,14.1925925925926
"X1576",157.5,12.0708955223881
"X1577",157.6,12.2111111111111
"X1578",157.7,14.8252788104089
"X1579",157.8,13.7695167286245
"X1580",157.9,13.7360594795539
"X1581",158,19.6037037037037
"X1582",158.1,17.5278810408922
"X1583",158.2,17.6888888888889
"X1584",158.3,16.3694029850746
"X1585",158.4,14.9185185185185
"X1586",158.5,13.3420074349442
"X1587",158.6,13.5148148148148
"X1588",158.7,14.6074074074074
"X1589",158.8,17.1518518518519
"X1590",158.9,17.9
"X1591",159,19.1037037037037
"X1592",159.1,17.8333333333333
"X1593",159.2,16.2185185185185
"X1594",159.3,16.5111111111111
"X1595",159.4,16.5814814814815
"X1596",159.5,16.4703703703704
"X1597",159.6,16.3074074074074
"X1598",159.7,13.7425373134328
"X1599",159.8,12.5167286245353
"X1600",159.9,13.4126394052045
"X1601",160,17.1524163568773
"X1602",160.1,17.3037037037037
"X1603",160.2,16.9555555555556
"X1604",160.3,19.3481481481481
"X1605",160.4,18.7777777777778
"X1606",160.5,18.6555555555556
"X1607",160.6,16.2666666666667
"X1608",160.7,13.6851851851852
"X1609",160.8,13.1777777777778
"X1610",160.9,12.631970260223
"X1611",161,11.5261194029851
"X1612",161.1,11.4518518518519
"X1613",161.2,11.2592592592593
"X1614",161.3,11.7703703703704
"X1615",161.4,11.5539033457249
"X1616",161.5,11.1301115241636
"X1617",161.6,11.7444444444444
"X1618",161.7,12.5888888888889
"X1619",161.8,12.8074074074074
"X1620",161.9,15.7851851851852
"X1621",162,14.9516728624535
"X1622",162.1,14.0037313432836
"X1623",162.2,13.1263940520446
"X1624",162.3,15.3
"X1625",162.4,14.9219330855019
"X1626",162.5,14.3494423791822
"X1627",162.6,15.2037037037037
"X1628",162.7,15.5131086142322
"X1629",162.8,14.0334572490706
"X1630",162.9,12.5
"X1631",163,12.762962962963
"X1632",163.1,12.2313432835821
"X1633",163.2,11.9814126394052
"X1634",163.3,12.5390334572491
"X1635",163.4,11.9405204460967
"X1636",163.5,12.9925925925926
"X1637",163.6,14.4518518518519
"X1638",163.7,11.2666666666667
"X1639",163.8,11.9626865671642
"X1640",163.9,13.7191011235955
"X1641",164,12.634328358209
"X1642",164.1,13.1455223880597
"X1643",164.2,14.4531835205993
"X1644",164.3,15.0568181818182
"X1645",164.4,14.6074074074074
"X1646",164.5,13.3234200743494
"X1647",164.6,12.865671641791
"X1648",164.7,11.115671641791
"X1649",164.8,11.4460966542751
"X1650",164.9,9.20532319391635
"X1651",165,8.50943396226415
"X1652",165.1,9.30451127819549
"X1653",165.2,9.40449438202247
"X1654",165.3,9.54477611940299
"X1655",165.4,12.2899628252788
"X1656",165.5,15.9924812030075
"X1657",165.6,13.5613382899628
"X1658",165.7,13.8181818181818
"X1659",165.8,16.5187969924812
"X1660",165.9,16.9219330855019
"X1661",166,15.7067669172932
"X1662",166.1,15.3568773234201
"X1663",166.2,14.1561338289963
"X1664",166.3,14.4777777777778
"X1665",166.4,14.9591078066914
"X1666",166.5,15.0373134328358
"X1667",166.6,14.5148148148148
"X1668",166.7,15.6865671641791
"X1669",166.8,16.4592592592593
"X1670",166.9,14.8407407407407
"X1671",167,15.537037037037
"X1672",167.1,15.4407407407407
"X1673",167.2,13.4328358208955
"X1674",167.3,12.3609022556391
"X1675",167.4,12.1338289962825
"X1676",167.5,11.9586466165414
"X1677",167.6,12.1396226415094
"X1678",167.7,12.2958801498127
"X1679",167.8,11.2973977695167
"X1680",167.9,12.2416356877323
"X1681",168,12.2527881040892
"X1682",168.1,12.2696629213483
"X1683",168.2,13.6380597014925
"X1684",168.3,13.5740740740741
"X1685",168.4,14.0898876404494
"X1686",168.5,13.2156133828996
"X1687",168.6,15.2481481481481
"X1688",168.7,17.7111111111111
"X1689",168.8,17.662962962963
"X1690",168.9,16.3555555555556
"X1691",169,15.5925925925926
"X1692",169.1,16.6222222222222
"X1693",169.2,17.2444444444444
"X1694",169.3,16.5222222222222
"X1695",169.4,17.3777777777778
"X1696",169.5,17.8259259259259
"X1697",169.6,18.0555555555556
"X1698",169.7,18.7185185185185
"X1699",169.8,17.5703703703704
"X1700",169.9,17.3592592592593
"X1701",170,16.862962962963
"X1702",170.1,19.8148148148148
"X1703",170.2,17.162962962963
"X1704",170.3,16.7881040892193
"X1705",170.4,17.9037037037037
"X1706",170.5,15.9555555555556
"X1707",170.6,16.2555555555556
"X1708",170.7,16.5333333333333
"X1709",170.8,18.3037037037037
"X1710",170.9,17.462962962963
"X1711",171,17.1222222222222
"X1712",171.1,16.364312267658
"X1713",171.2,16.9333333333333
"X1714",171.3,18.862962962963
"X1715",171.4,17.3037037037037
"X1716",171.5,21.5703703703704
"X1717",171.6,22.9407407407407
"X1718",171.7,30.9851851851852
"X1719",171.8,27.8962962962963
"X1720",171.9,25.7407407407407
"X1721",172,24.2592592592593
"X1722",172.1,21.9330855018587
"X1723",172.2,21.0559701492537
"X1724",172.3,21.0481481481481
"X1725",172.4,22.0185185185185
"X1726",172.5,24.4185185185185
"X1727",172.6,21.9703703703704
"X1728",172.7,19.1814814814815
"X1729",172.8,17.7555555555556
"X1730",172.9,18.9740740740741
"X1731",173,19.1851851851852
"X1732",173.1,18.4037037037037
"X1733",173.2,20.8592592592593
"X1734",173.3,18.362962962963
"X1735",173.4,17.0408921933086
"X1736",173.5,19.310861423221
"X1737",173.6,17.3481481481481
"X1738",173.7,18.453531598513
"X1739",173.8,17.5888888888889
"X1740",173.9,16.0555555555556
"X1741",174,14.8814814814815
"X1742",174.1,13.5444444444444
"X1743",174.2,13.0851851851852
"X1744",174.3,11.9812734082397
"X1745",174.4,12.0522388059701
"X1746",174.5,12.0740740740741
"X1747",174.6,12.3197026022305
"X1748",174.7,12.162962962963
"X1749",174.8,12.8148148148148
"X1750",174.9,12.0410447761194
"X1751",175,11.6492537313433
"X1752",175.1,13.4962962962963
"X1753",175.2,13.9514925373134
"X1754",175.3,15.5373134328358
"X1755",175.4,15.1222222222222
"X1756",175.5,14.3470149253731
"X1757",175.6,15.1573033707865
"X1758",175.7,16.8925925925926
"X1759",175.8,16.685393258427
"X1760",175.9,15.8327137546468
"X1761",176,14.9703703703704
"X1762",176.1,13.4907063197026
"X1763",176.2,12.2981132075472
"X1764",176.3,11.6059479553903
"X1765",176.4,11.8619402985075
"X1766",176.5,13.4851851851852
"X1767",176.6,10.8884758364312
"X1768",176.7,12.7620817843866
"X1769",176.8,12.5650557620818
"X1770",176.9,15.0932835820896
"X1771",177,11.7462686567164
"X1772",177.1,9.50375939849624
"X1773",177.2,10.6428571428571
"X1774",177.3,14.2264150943396
"X1775",177.4,14.5373134328358
"X1776",177.5,11.7191011235955
"X1777",177.6,12.5225563909774
"X1778",177.7,9.22097378277154
"X1779",177.8,8.23308270676692
"X1780",177.9,8.17843866171004
"X1781",178,9.34200743494424
"X1782",178.1,10.4589552238806
"X1783",178.2,9.24814814814815
"X1784",178.3,9.44609665427509
"X1785",178.4,8.82835820895522
"X1786",178.5,9.20149253731343
"X1787",178.6,8.82462686567164
"X1788",178.7,8.8544776119403
"X1789",178.8,8.76579925650558
"X1790",178.9,9.90334572490706
"X1791",179,16.5888888888889
"X1792",179.1,14.937037037037
"X1793",179.2,23.4333333333333
"X1794",179.3,34.5724907063197
"X1795",179.4,34.9477611940299
"X1796",179.5,17.1115241635688
"X1797",179.6,11.8962962962963
"X1798",179.7,12.7918215613383
"X1799",179.8,11.0669144981413
"X1800",179.9,11.7851851851852
"X1801",180,9.68029739776952
"X1802",180.1,10.8407407407407
"X1803",180.2,10.1610486891386
"X1804",180.3,9.48327137546468
"X1805",180.4,9.30337078651685
"X1806",180.5,14.8544776119403
"X1807",180.6,17.2222222222222
"X1808",180.7,18.9473684210526
"X1809",180.8,14.4082397003745
"X1810",180.9,19.4172932330827
"X1811",181,20.6044776119403
"X1812",181.1,15.4440298507463
"X1813",181.2,13.182156133829
"X1814",181.3,14.2936802973978
"X1815",181.4,12.1310861423221
"X1816",181.5,13.3011152416357
"X1817",181.6,18.0671641791045
"X1818",181.7,16.1970260223048
"X1819",181.8,19.762962962963
"X1820",181.9,24.8592592592593
"X1821",182,25.6481481481481
"X1822",182.1,25.5037037037037
"X1823",182.2,23.0932835820896
"X1824",182.3,23.8066914498141
"X1825",182.4,24.2074074074074
"X1826",182.5,23.6542750929368
"X1827",182.6,26.2444444444444
"X1828",182.7,24.5148148148148
"X1829",182.8,27.5
"X1830",182.9,23.9738805970149
"X1831",183,25.5925925925926
"X1832",183.1,26.092936802974
"X1833",183.2,24.6133828996283
"X1834",183.3,24.4074074074074
"X1835",183.4,21.7407407407407
"X1836",183.5,23.9702602230483
"X1837",183.6,23.5111111111111
"X1838",183.7,21.6703703703704
"X1839",183.8,19.1111111111111
"X1840",183.9,19.2490706319703
"X1841",184,16.8996282527881
"X1842",184.1,18.9
"X1843",184.2,20.0669144981413
"X1844",184.3,18.2304832713755
"X1845",184.4,23.5576208178439
"X1846",184.5,21.6133828996283
"X1847",184.6,19.8074074074074
"X1848",184.7,23.6925925925926
"X1849",184.8,19.910447761194
"X1850",184.9,14.3721804511278
"X1851",185,14.1760299625468
"X1852",185.1,15.1231343283582
"X1853",185.2,17.9813432835821
"X1854",185.3,16.5836431226766
"X1855",185.4,21.162962962963
"X1856",185.5,21.4740740740741
"X1857",185.6,17.8475836431227
"X1858",185.7,18.1888888888889
"X1859",185.8,21.4869888475836
"X1860",185.9,32.2156133828996
"X1861",186,41.4259259259259
"X1862",186.1,28.7211895910781
"X1863",186.2,26.5576208178439
"X1864",186.3,27.687969924812
"X1865",186.4,26.7814814814815
"X1866",186.5,25.7191011235955
"X1867",186.6,26.4194756554307
"X1868",186.7,29.4444444444444
"X1869",186.8,34.0817843866171
"X1870",186.9,33.4907063197026
"X1871",187,28.7174721189591
"X1872",187.1,27.5910780669145
"X1873",187.2,31.2267657992565
"X1874",187.3,27.0557620817844
"X1875",187.4,38.5814814814815
"X1876",187.5,35.5130111524164
"X1877",187.6,42.562962962963
"X1878",187.7,43.0111111111111
"X1879",187.8,36.5518518518519
"X1880",187.9,44.5888888888889
"X1881",188,29.5592592592593
"X1882",188.1,37.6380597014925
"X1883",188.2,39.5880149812734
"X1884",188.3,29.9144981412639
"X1885",188.4,37.9814126394052
"X1886",188.5,45.4296296296296
"X1887",188.6,34.7703703703704
"X1888",188.7,23.0150943396226
"X1889",188.8,22.7806691449814
"X1890",188.9,27.4452830188679
"X1891",189,32.0789473684211
"X1892",189.1,34.5692883895131
"X1893",189.2,28.4925373134328
"X1894",189.3,21.5074626865672
"X1895",189.4,25.9888475836431
"X1896",189.5,25.8283582089552
"X1897",189.6,31.9250936329588
"X1898",189.7,35.7910447761194
"X1899",189.8,34.5522388059701
"X1900",189.9,42.364312267658
"X1901",190,46.6716417910448
"X1902",190.1,44.8507462686567
"X1903",190.2,52.9402985074627
"X1904",190.3,61.3754646840149
"X1905",190.4,69.1
"X1906",190.5,70.637037037037
"X1907",190.6,89.2676579925651
"X1908",190.7,95.5970149253731
"X1909",190.8,74.615671641791
"X1910",190.9,67.562962962963
"X1911",191,134.762081784387
"X1912",191.1,183.425925925926
"X1913",191.2,153.7
"X1914",191.3,167.509293680297
"X1915",191.4,128.111524163569
"X1916",191.5,109.955390334572
"X1917",191.6,95.0703703703704
"X1918",191.7,98.1222222222222
"X1919",191.8,118.514925373134
"X1920",191.9,140.226765799256
"X1921",192,102.914498141264
"X1922",192.1,114.420074349442
"X1923",192.2,110.762962962963
"X1924",192.3,105.985185185185
"X1925",192.4,105.996282527881
"X1926",192.5,72.089219330855
"X1927",192.6,64.3940520446097
"X1928",192.7,56.0297397769517
"X1929",192.8,52.5185185185185
"X1930",192.9,46.3074074074074
"X1931",193,46.0037037037037
"X1932",193.1,47.3717472118959
"X1933",193.2,49.8921933085502
"X1934",193.3,48.1226765799257
"X1935",193.4,56.6840148698885
"X1936",193.5,55.1407407407407
"X1937",193.6,50.0970149253731
"X1938",193.7,48.187265917603
"X1939",193.8,50.2481203007519
"X1940",193.9,60.2611940298507
"X1941",194,60.0973782771536
"X1942",194.1,55.3197026022305
"X1943",194.2,68.4626865671642
"X1944",194.3,72.9219330855019
"X1945",194.4,73.1740740740741
"X1946",194.5,80.9776119402985
"X1947",194.6,107.522388059701
"X1948",194.7,132.204460966543
"X1949",194.8,127.396296296296
"X1950",194.9,121.937037037037
"X1951",195,127.739776951673
"X1952",195.1,145.840148698885
"X1953",195.2,151.255555555556
"X1954",195.3,165.237037037037
"X1955",195.4,208.644444444444
"X1956",195.5,230.074349442379
"X1957",195.6,238.888888888889
"X1958",195.7,247.933333333333
"X1959",195.8,250.440740740741
"X1960",195.9,280.503703703704
"X1961",196,294.522222222222
"X1962",196.1,364.562962962963
"X1963",196.2,414.155555555556
"X1964",196.3,423.77037037037
"X1965",196.4,424.411111111111
"X1966",196.5,416.82962962963
"X1967",196.6,446.018518518519
"X1968",196.7,440.892592592593
"X1969",196.8,430.125925925926
"X1970",196.9,426.855555555556
"X1971",197,399.477777777778
"X1972",197.1,397.777777777778
"X1973",197.2,387.440740740741
"X1974",197.3,413.655555555556
"X1975",197.4,444.811111111111
"X1976",197.5,455.085185185185
"X1977",197.6,495.855555555556
"X1978",197.7,512.711111111111
"X1979",197.8,529.751851851852
"X1980",197.9,514.522222222222
"X1981",198,446.785185185185
"X1982",198.1,404.933333333333
"X1983",198.2,329.437037037037
"X1984",198.3,305.507407407407
"X1985",198.4,296.788888888889
"X1986",198.5,326.744444444444
"X1987",198.6,406.951851851852
"X1988",198.7,408.737037037037
"X1989",198.8,409.492592592593
"X1990",198.9,369.32962962963
"X1991",199,342.063197026022
"X1992",199.1,297.237037037037
"X1993",199.2,253.414814814815
"X1994",199.3,247.707407407407
"X1995",199.4,226.655555555556
"X1996",199.5,250.603703703704
"X1997",199.6,264.485185185185
"X1998",199.7,204.492592592593
"X1999",199.8,164.974074074074
"X2000",199.9,146.483271375465
"X2001",200,142.251879699248
"X2002",200.1,141.762264150943
"X2003",200.2,126.518518518519
"X2004",200.3,119.67037037037
"X2005",200.4,118.444444444444
"X2006",200.5,135.892592592593
"X2007",200.6,156.355555555556
"X2008",200.7,184.172284644195
"X2009",200.8,222.5140562249
"X2010",200.9,233.685589519651
