"","depth_mm","Si"
"X30",2.9,2.2807881773399
"X31",3,2.36180904522613
"X32",3.1,2.24509803921569
"X33",3.2,2.29326923076923
"X34",3.3,2.26442307692308
"X35",3.4,2.2027027027027
"X36",3.5,2.18181818181818
"X37",3.6,2.31162790697674
"X38",3.7,2.25352112676056
"X39",3.8,2.24770642201835
"X40",3.9,2.24669603524229
"X41",4,2.20547945205479
"X42",4.1,2.21739130434783
"X43",4.2,2.22171945701357
"X44",4.3,2.27350427350427
"X45",4.4,2.16239316239316
"X46",4.5,2.42290748898678
"X47",4.6,2.02690582959641
"X48",4.7,2.23148148148148
"X49",4.8,2.17647058823529
"X50",4.9,2.31081081081081
"X51",5,2.25438596491228
"X52",5.1,2.17982456140351
"X53",5.2,2.26785714285714
"X54",5.3,2.56502242152466
"X55",5.4,2.27477477477477
"X56",5.5,2.4957264957265
"X57",5.6,2.57964601769911
"X58",5.7,2.45106382978723
"X59",5.8,2.52863436123348
"X60",5.9,2.43589743589744
"X61",6,2.56198347107438
"X62",6.1,2.3375
"X63",6.2,2.37662337662338
"X64",6.3,2.43514644351464
"X65",6.4,2.44843049327354
"X66",6.5,2.36725663716814
"X67",6.6,2.3531914893617
"X68",6.7,2.45021645021645
"X69",6.8,2.35744680851064
"X70",6.9,2.44017094017094
"X71",7,2.56962025316456
"X72",7.1,2.69709543568465
"X73",7.2,2.40434782608696
"X74",7.3,2.4468085106383
"X75",7.4,2.4549356223176
"X76",7.5,2.5793991416309
"X77",7.6,2.44166666666667
"X78",7.7,2.43722943722944
"X79",7.8,2.45564516129032
"X80",7.9,2.36401673640167
"X81",8,2.37719298245614
"X82",8.1,2.44444444444444
"X83",8.2,2.52
"X84",8.3,2.4273127753304
"X85",8.4,2.40948275862069
"X86",8.5,2.46320346320346
"X87",8.6,2.37872340425532
"X88",8.7,2.17872340425532
"X89",8.8,2.41772151898734
"X90",8.9,2.24017467248908
"X91",9,2.18106995884774
"X92",9.1,2.22844827586207
"X93",9.2,2.31944444444444
"X94",9.3,2.33191489361702
"X95",9.4,2.28
"X96",9.5,2.21929824561404
"X97",9.6,2.26315789473684
"X98",9.7,2.35833333333333
"X99",9.8,2.29184549356223
"X100",9.9,2.31120331950207
"X101",10,2.11160714285714
"X102",10.1,2.40495867768595
"X103",10.2,2.41949152542373
"X104",10.3,2.09777777777778
"X105",10.4,2.28151260504202
"X106",10.5,2.21834061135371
"X107",10.6,2.22881355932203
"X108",10.7,2.25438596491228
"X109",10.8,2.09871244635193
"X110",10.9,2.19574468085106
"X111",11,2.17948717948718
"X112",11.1,2.2212389380531
"X113",11.2,2.20524017467249
"X114",11.3,2.20689655172414
"X115",11.4,2.19480519480519
"X116",11.5,2.23478260869565
"X117",11.6,2.44052863436123
"X118",11.7,2.32627118644068
"X119",11.8,2.29957805907173
"X120",11.9,2.39130434782609
"X121",12,2.4375
"X122",12.1,2.37179487179487
"X123",12.2,2.58474576271186
"X124",12.3,2.57446808510638
"X125",12.4,2.43514644351464
"X126",12.5,2.60606060606061
"X127",12.6,2.56410256410256
"X128",12.7,2.72340425531915
"X129",12.8,2.8780487804878
"X130",12.9,2.83400809716599
"X131",13,2.67965367965368
"X132",13.1,2.63821138211382
"X133",13.2,2.47511312217195
"X134",13.3,2.29565217391304
"X135",13.4,2.25
"X136",13.5,2.13559322033898
"X137",13.6,2.17796610169492
"X138",13.7,2.19298245614035
"X139",13.8,2.20547945205479
"X140",13.9,2.27312775330396
"X141",14,2.12916666666667
"X142",14.1,2.17695473251029
"X143",14.2,2.16593886462882
"X144",14.3,2.22173913043478
"X145",14.4,2.18264840182648
"X146",14.5,2.20888888888889
"X147",14.6,2.23788546255507
"X148",14.7,2.15929203539823
"X149",14.8,2.17351598173516
"X150",14.9,2.09442060085837
"X151",15,2.24886877828054
"X152",15.1,2.09128630705394
"X153",15.2,2.18534482758621
"X154",15.3,2.33333333333333
"X155",15.4,2.25217391304348
"X156",15.5,2.20264317180617
"X157",15.6,2.35555555555556
"X158",15.7,2.30666666666667
"X159",15.8,2.12931034482759
"X160",15.9,2.3982683982684
"X161",16,2.15611814345992
"X162",16.1,2.22510822510823
"X163",16.2,2.20253164556962
"X164",16.3,2.19555555555556
"X165",16.4,2.20524017467249
"X166",16.5,2.17117117117117
"X167",16.6,2.19246861924686
"X168",16.7,2.25909090909091
"X169",16.8,2.31277533039648
"X170",16.9,2.3034188034188
"X171",17,2.19736842105263
"X172",17.1,2.35169491525424
"X173",17.2,2.27705627705628
"X174",17.3,2.24034334763948
"X175",17.4,2.18534482758621
"X176",17.5,2.03947368421053
"X177",17.6,2.33181818181818
"X178",17.7,2.24890829694323
"X179",17.8,2.16525423728814
"X180",17.9,2.04672897196262
"X181",18,2.34061135371179
"X182",18.1,2.34649122807018
"X183",18.2,2.20087336244541
"X184",18.3,2.24017467248908
"X185",18.4,2.19354838709677
"X186",18.5,2.11453744493392
"X187",18.6,2.17488789237668
"X188",18.7,2.11210762331839
"X189",18.8,2.15486725663717
"X190",18.9,2.35840707964602
"X191",19,2.25321888412017
"X192",19.1,2.25663716814159
"X193",19.2,2.35470085470085
"X194",19.3,2.14583333333333
"X195",19.4,2.21777777777778
"X196",19.5,2.31330472103004
"X197",19.6,2.3030303030303
"X198",19.7,2.19491525423729
"X199",19.8,2.08713692946058
"X200",19.9,2.26905829596413
"X201",20,2.25446428571429
"X202",20.1,2.12173913043478
"X203",20.2,2.25
"X204",20.3,2.1858407079646
"X205",20.4,2.13636363636364
"X206",20.5,2.21397379912664
"X207",20.6,2.24778761061947
"X208",20.7,2.17209302325581
"X209",20.8,2.06086956521739
"X210",20.9,2.40566037735849
"X211",21,2.32314410480349
"X212",21.1,2.18340611353712
"X213",21.2,2.15652173913043
"X214",21.3,2.38325991189427
"X215",21.4,2.2
"X216",21.5,2.11555555555556
"X217",21.6,2.33905579399142
"X218",21.7,2.33771929824561
"X219",21.8,2.07174887892377
"X220",21.9,2.22707423580786
"X221",22,2.13274336283186
"X222",22.1,2.18181818181818
"X223",22.2,2.18777292576419
"X224",22.3,2.13839285714286
"X225",22.4,2.10576923076923
"X226",22.5,2.23853211009174
"X227",22.6,2.29411764705882
"X228",22.7,2.36160714285714
"X229",22.8,2.13777777777778
"X230",22.9,2.24444444444444
"X231",23,2.23348017621145
"X232",23.1,2.23275862068966
"X233",23.2,2.1587982832618
"X234",23.3,2.14225941422594
"X235",23.4,2.29824561403509
"X236",23.5,2.13983050847458
"X237",23.6,2.215859030837
"X238",23.7,2.15137614678899
"X239",23.8,2.18055555555556
"X240",23.9,2.26521739130435
"X241",24,2.14102564102564
"X242",24.1,2.30316742081448
"X243",24.2,2.09565217391304
"X244",24.3,2.24255319148936
"X245",24.4,2.10619469026549
"X246",24.5,2.33333333333333
"X247",24.6,2.15021459227468
"X248",24.7,2.32456140350877
"X249",24.8,2.19555555555556
"X250",24.9,2.4025974025974
"X251",25,2.08695652173913
"X252",25.1,2.30672268907563
"X253",25.2,2.26406926406926
"X254",25.3,2.32314410480349
"X255",25.4,2.46818181818182
"X256",25.5,2.33928571428571
"X257",25.6,2.215859030837
"X258",25.7,2.18433179723502
"X259",25.8,2.17699115044248
"X260",25.9,2.35344827586207
"X261",26,2.31441048034934
"X262",26.1,2.29411764705882
"X263",26.2,2.18859649122807
"X264",26.3,2.13122171945701
"X265",26.4,2.12663755458515
"X266",26.5,2.15909090909091
"X267",26.6,2.20091324200913
"X268",26.7,1.96536796536797
"X269",26.8,2.16591928251121
"X270",26.9,2.17180616740088
"X271",27,2.27631578947368
"X272",27.1,2.1875
"X273",27.2,2.25438596491228
"X274",27.3,2.3030303030303
"X275",27.4,2.26222222222222
"X276",27.5,2.20796460176991
"X277",27.6,2.18502202643172
"X278",27.7,2.32894736842105
"X279",27.8,2.45175438596491
"X280",27.9,2.38461538461538
"X281",28,2.17982456140351
"X282",28.1,2.29385964912281
"X283",28.2,2.45291479820628
"X284",28.3,2.17316017316017
"X285",28.4,2.25751072961373
"X286",28.5,2.20175438596491
"X287",28.6,2.32905982905983
"X288",28.7,2.29824561403509
"X289",28.8,2.23788546255507
"X290",28.9,2.30290456431535
"X291",29,2.30252100840336
"X292",29.1,2.24122807017544
"X293",29.2,2.30555555555556
"X294",29.3,2.44871794871795
"X295",29.4,2.42477876106195
"X296",29.5,2.33617021276596
"X297",29.6,2.62761506276151
"X298",29.7,2.54811715481172
"X299",29.8,2.39910313901345
"X300",29.9,2.40677966101695
"X301",30,2.22522522522523
"X302",30.1,2.18454935622318
"X303",30.2,2.25619834710744
"X304",30.3,2.05882352941176
"X305",30.4,2.26754385964912
"X306",30.5,2.23287671232877
"X307",30.6,2.14222222222222
"X308",30.7,2.20982142857143
"X309",30.8,2.22727272727273
"X310",30.9,2.23144104803493
"X311",31,2.28378378378378
"X312",31.1,2.38723404255319
"X313",31.2,2.22978723404255
"X314",31.3,2.34334763948498
"X315",31.4,2.24778761061947
"X316",31.5,2.19396551724138
"X317",31.6,2.08035714285714
"X318",31.7,2.26818181818182
"X319",31.8,2.33183856502242
"X320",31.9,2.15450643776824
"X321",32,2.25438596491228
"X322",32.1,2.15062761506276
"X323",32.2,2.27896995708155
"X324",32.3,2.05357142857143
"X325",32.4,2.16444444444444
"X326",32.5,2.33039647577093
"X327",32.6,2.20171673819742
"X328",32.7,2.19148936170213
"X329",32.8,2.21459227467811
"X330",32.9,2.25957446808511
"X331",33,2.40343347639485
"X332",33.1,2.29824561403509
"X333",33.2,2.26521739130435
"X334",33.3,2.2258064516129
"X335",33.4,2.19915254237288
"X336",33.5,2.04385964912281
"X337",33.6,2.3056768558952
"X338",33.7,2.26293103448276
"X339",33.8,2.25641025641026
"X340",33.9,2.37719298245614
"X341",34,2.1858407079646
"X342",34.1,2.18061674008811
"X343",34.2,2.32599118942731
"X344",34.3,2.38961038961039
"X345",34.4,2.38983050847458
"X346",34.5,2.2972972972973
"X347",34.6,2.29411764705882
"X348",34.7,2.23144104803493
"X349",34.8,2.26271186440678
"X350",34.9,2.17573221757322
"X351",35,2.41228070175439
"X352",35.1,2.4235807860262
"X353",35.2,2.14932126696833
"X354",35.3,2.2936170212766
"X355",35.4,2.35775862068966
"X356",35.5,2.27155172413793
"X357",35.6,2.28444444444444
"X358",35.7,2.24017467248908
"X359",35.8,2.39240506329114
"X360",35.9,2.27705627705628
"X361",36,2.17699115044248
"X362",36.1,2.22707423580786
"X363",36.2,2.42105263157895
"X364",36.3,2.26086956521739
"X365",36.4,2.25738396624473
"X366",36.5,2.0995670995671
"X367",36.6,2.2034632034632
"X368",36.7,2.24180327868852
"X369",36.8,2.25862068965517
"X370",36.9,2.30962343096234
"X371",37,2.24215246636771
"X372",37.1,2.21428571428571
"X373",37.2,2.23430962343096
"X374",37.3,2.21794871794872
"X375",37.4,2.2991452991453
"X376",37.5,2.24267782426778
"X377",37.6,2.12663755458515
"X378",37.7,2.25112107623318
"X379",37.8,2.21304347826087
"X380",37.9,2.14285714285714
"X381",38,2.18777292576419
"X382",38.1,2.31221719457014
"X383",38.2,2.33744855967078
"X384",38.3,2.36099585062241
"X385",38.4,2.3393665158371
"X386",38.5,2.22784810126582
"X387",38.6,2.3640350877193
"X388",38.7,2.28270042194093
"X389",38.8,2.30263157894737
"X390",38.9,2.48101265822785
"X391",39,2.41441441441441
"X392",39.1,2.41666666666667
"X393",39.2,2.39484978540773
"X394",39.3,2.45531914893617
"X395",39.4,2.46575342465753
"X396",39.5,2.43404255319149
"X397",39.6,2.225
"X398",39.7,2.33617021276596
"X399",39.8,2.33628318584071
"X400",39.9,2.49787234042553
"X401",40,2.34199134199134
"X402",40.1,2.26724137931034
"X403",40.2,2.63559322033898
"X404",40.3,2.30801687763713
"X405",40.4,2.55021834061135
"X406",40.5,2.35217391304348
"X407",40.6,2.43776824034335
"X408",40.7,2.50212765957447
"X409",40.8,2.36514522821577
"X410",40.9,2.45714285714286
"X411",41,2.28451882845188
"X412",41.1,2.33333333333333
"X413",41.2,2.43722943722944
"X414",41.3,2.36363636363636
"X415",41.4,2.38034188034188
"X416",41.5,2.28181818181818
"X417",41.6,2.20253164556962
"X418",41.7,2.27631578947368
"X419",41.8,2.29257641921397
"X420",41.9,2.30263157894737
"X421",42,2.22026431718062
"X422",42.1,2.12987012987013
"X423",42.2,2.28571428571429
"X424",42.3,2.15720524017467
"X425",42.4,2.18260869565217
"X426",42.5,2.25
"X427",42.6,2.20960698689956
"X428",42.7,2.30869565217391
"X429",42.8,2.1057268722467
"X430",42.9,2.22270742358079
"X431",43,2.15068493150685
"X432",43.1,2.18421052631579
"X433",43.2,2.19736842105263
"X434",43.3,2.28636363636364
"X435",43.4,2.29613733905579
"X436",43.5,2.2780269058296
"X437",43.6,2.30131004366812
"X438",43.7,2.26431718061674
"X439",43.8,2.35371179039301
"X440",43.9,2.34347826086957
"X441",44,2.26724137931034
"X442",44.1,2.14468085106383
"X443",44.2,2.32300884955752
"X444",44.3,2.31896551724138
"X445",44.4,2.11013215859031
"X446",44.5,2.23076923076923
"X447",44.6,2.3402489626556
"X448",44.7,2.52100840336134
"X449",44.8,2.32478632478632
"X450",44.9,2.50840336134454
"X451",45,2.47899159663866
"X452",45.1,2.12053571428571
"X453",45.2,2.40969162995595
"X454",45.3,2.50869565217391
"X455",45.4,2.59656652360515
"X456",45.5,2.62978723404255
"X457",45.6,2.5546218487395
"X458",45.7,2.62704918032787
"X459",45.8,2.37446808510638
"X460",45.9,2.43722943722944
"X461",46,2.33478260869565
"X462",46.1,2.45957446808511
"X463",46.2,2.48497854077253
"X464",46.3,2.36480686695279
"X465",46.4,2.38589211618257
"X466",46.5,2.68936170212766
"X467",46.6,2.81069958847737
"X468",46.7,2.66806722689076
"X469",46.8,2.71308016877637
"X470",46.9,2.46320346320346
"X471",47,2.66515837104072
"X472",47.1,2.48717948717949
"X473",47.2,2.41276595744681
"X474",47.3,2.36440677966102
"X475",47.4,2.33333333333333
"X476",47.5,2.33039647577093
"X477",47.6,2.36283185840708
"X478",47.7,2.33189655172414
"X479",47.8,2.44206008583691
"X480",47.9,2.38938053097345
"X481",48,2.21757322175732
"X482",48.1,2.46320346320346
"X483",48.2,2.41025641025641
"X484",48.3,2.53508771929825
"X485",48.4,2.56666666666667
"X486",48.5,2.32083333333333
"X487",48.6,2.4
"X488",48.7,2.28879310344828
"X489",48.8,2.50204081632653
"X490",48.9,2.51502145922747
"X491",49,2.34033613445378
"X492",49.1,2.43829787234043
"X493",49.2,2.51914893617021
"X494",49.3,2.30735930735931
"X495",49.4,2.65811965811966
"X496",49.5,2.43697478991597
"X497",49.6,2.54732510288066
"X498",49.7,2.50847457627119
"X499",49.8,2.45679012345679
"X500",49.9,2.61087866108787
"X501",50,2.55364806866953
"X502",50.1,2.46443514644351
"X503",50.2,2.39004149377593
"X504",50.3,2.28947368421053
"X505",50.4,2.4780701754386
"X506",50.5,2.39484978540773
"X507",50.6,2.45
"X508",50.7,2.35775862068966
"X509",50.8,2.38034188034188
"X510",50.9,2.54700854700855
"X511",51,2.30941704035874
"X512",51.1,2.34246575342466
"X513",51.2,2.28510638297872
"X514",51.3,2.40869565217391
"X515",51.4,2.48497854077253
"X516",51.5,2.27631578947368
"X517",51.6,2.25641025641026
"X518",51.7,2.32173913043478
"X519",51.8,2.21610169491525
"X520",51.9,2.33189655172414
"X521",52,2.38197424892704
"X522",52.1,2.32300884955752
"X523",52.2,2.19282511210762
"X524",52.3,2.42173913043478
"X525",52.4,2.32456140350877
"X526",52.5,2.41596638655462
"X527",52.6,2.21551724137931
"X528",52.7,2.23809523809524
"X529",52.8,2.22077922077922
"X530",52.9,2.30379746835443
"X531",53,2.28318584070796
"X532",53.1,2.19491525423729
"X533",53.2,2.30769230769231
"X534",53.3,2.29004329004329
"X535",53.4,2.16666666666667
"X536",53.5,2.18181818181818
"X537",53.6,2.24229074889868
"X538",53.7,2.29694323144105
"X539",53.8,2.27510917030568
"X540",53.9,2.19369369369369
"X541",54,2.18534482758621
"X542",54.1,2.25541125541126
"X543",54.2,2.24
"X544",54.3,2.23318385650224
"X545",54.4,2.14285714285714
"X546",54.5,2.30530973451327
"X547",54.6,2.25974025974026
"X548",54.7,2.34051724137931
"X549",54.8,2.2863436123348
"X550",54.9,2.19111111111111
"X551",55,2.25751072961373
"X552",55.1,2.34051724137931
"X553",55.2,2.30493273542601
"X554",55.3,2.16666666666667
"X555",55.4,2.1991341991342
"X556",55.5,2.25345622119816
"X557",55.6,2.39662447257384
"X558",55.7,2.20704845814978
"X559",55.8,2.22608695652174
"X560",55.9,2.28508771929825
"X561",56,2.36637931034483
"X562",56.1,2.38888888888889
"X563",56.2,2.17982456140351
"X564",56.3,2.20909090909091
"X565",56.4,2.26637554585153
"X566",56.5,2.48770491803279
"X567",56.6,2.39484978540773
"X568",56.7,2.27391304347826
"X569",56.8,2.4051724137931
"X570",56.9,2.42857142857143
"X571",57,2.22707423580786
"X572",57.1,2.27004219409283
"X573",57.2,2.3875
"X574",57.3,2.50423728813559
"X575",57.4,2.42796610169492
"X576",57.5,2.2695652173913
"X577",57.6,2.28205128205128
"X578",57.7,2.31168831168831
"X579",57.8,2.23008849557522
"X580",57.9,2.09090909090909
"X581",58,2.11206896551724
"X582",58.1,2.17488789237668
"X583",58.2,2.23404255319149
"X584",58.3,2.14601769911504
"X585",58.4,2.2618025751073
"X586",58.5,2.29074889867841
"X587",58.6,2.23318385650224
"X588",58.7,2.23478260869565
"X589",58.8,2.21794871794872
"X590",58.9,2.18614718614719
"X591",59,2.37991266375546
"X592",59.1,2.13716814159292
"X593",59.2,2.16814159292035
"X594",59.3,2.25675675675676
"X595",59.4,2.33484162895928
"X596",59.5,2.29661016949153
"X597",59.6,2.20087336244541
"X598",59.7,2.26050420168067
"X599",59.8,2.26637554585153
"X600",59.9,2.13793103448276
"X601",60,2.23706896551724
"X602",60.1,2.33628318584071
"X603",60.2,2.43497757847534
"X604",60.3,2.10132158590308
"X605",60.4,2.11453744493392
"X606",60.5,2.1703056768559
"X607",60.6,2.19047619047619
"X608",60.7,2.23275862068966
"X609",60.8,2.23580786026201
"X610",60.9,2.30962343096234
"X611",61,2.17826086956522
"X612",61.1,2.19469026548673
"X613",61.2,2.16818181818182
"X614",61.3,2.17777777777778
"X615",61.4,2.31896551724138
"X616",61.5,2.39316239316239
"X617",61.6,2.17826086956522
"X618",61.7,2.18421052631579
"X619",61.8,2.13004484304933
"X620",61.9,2.03478260869565
"X621",62,2.20175438596491
"X622",62.1,2.13793103448276
"X623",62.2,2.15277777777778
"X624",62.3,2.3141592920354
"X625",62.4,2.18181818181818
"X626",62.5,2.18859649122807
"X627",62.6,2.10416666666667
"X628",62.7,2.29130434782609
"X629",62.8,2.40540540540541
"X630",62.9,2.33333333333333
"X631",63,2.13215859030837
"X632",63.1,2.21428571428571
"X633",63.2,2.14957264957265
"X634",63.3,2.13419913419913
"X635",63.4,2.14468085106383
"X636",63.5,2.38967136150235
"X637",63.6,2.0627802690583
"X638",63.7,2.28508771929825
"X639",63.8,2.31914893617021
"X640",63.9,2.26666666666667
"X641",64,2.24242424242424
"X642",64.1,2.06194690265487
"X643",64.2,2.22972972972973
"X644",64.3,2.25333333333333
"X645",64.4,2.19457013574661
"X646",64.5,2.30042918454936
"X647",64.6,2.31759656652361
"X648",64.7,2.03305785123967
"X649",64.8,2.27350427350427
"X650",64.9,2.35775862068966
"X651",65,2.48497854077253
"X652",65.1,2.18103448275862
"X653",65.2,2.14529914529915
"X654",65.3,2.29113924050633
"X655",65.4,2.43347639484979
"X656",65.5,2.34545454545455
"X657",65.6,2.28947368421053
"X658",65.7,2.41350210970464
"X659",65.8,2.21145374449339
"X660",65.9,2.30869565217391
"X661",66,2.59051724137931
"X662",66.1,2.37606837606838
"X663",66.2,2.52742616033755
"X664",66.3,2.33870967741935
"X665",66.4,2.44871794871795
"X666",66.5,2.3781512605042
"X667",66.6,2.51769911504425
"X668",66.7,2.45569620253165
"X669",66.8,2.42857142857143
"X670",66.9,2.40677966101695
"X671",67,2.28151260504202
"X672",67.1,2.60683760683761
"X673",67.2,2.41666666666667
"X674",67.3,2.37130801687764
"X675",67.4,2.24380165289256
"X676",67.5,2.37053571428571
"X677",67.6,2.42127659574468
"X678",67.7,2.29184549356223
"X679",67.8,2.18723404255319
"X680",67.9,2.37446808510638
"X681",68,2.44081632653061
"X682",68.1,2.28205128205128
"X683",68.2,2.35344827586207
"X684",68.3,2.29032258064516
"X685",68.4,2.37068965517241
"X686",68.5,2.23728813559322
"X687",68.6,2.49122807017544
"X688",68.7,2.42307692307692
"X689",68.8,2.36086956521739
"X690",68.9,2.26666666666667
"X691",69,2.19047619047619
"X692",69.1,2.39565217391304
"X693",69.2,2.36681222707424
"X694",69.3,2.31330472103004
"X695",69.4,2.20851063829787
"X696",69.5,2.38362068965517
"X697",69.6,2.34468085106383
"X698",69.7,2.07659574468085
"X699",69.8,2.38427947598253
"X700",69.9,2.44541484716157
"X701",70,2.25847457627119
"X702",70.1,2.33476394849785
"X703",70.2,2.45106382978723
"X704",70.3,2.32203389830508
"X705",70.4,2.33766233766234
"X706",70.5,2.30508474576271
"X707",70.6,2.40336134453782
"X708",70.7,2.37931034482759
"X709",70.8,2.29661016949153
"X710",70.9,2.34361233480176
"X711",71,2.30084745762712
"X712",71.1,2.41921397379913
"X713",71.2,2.38559322033898
"X714",71.3,2.31277533039648
"X715",71.4,2.56444444444444
"X716",71.5,2.38528138528139
"X717",71.6,2.31932773109244
"X718",71.7,2.28318584070796
"X719",71.8,2.23305084745763
"X720",71.9,2.47555555555556
"X721",72,2.35398230088496
"X722",72.1,2.40692640692641
"X723",72.2,2.48571428571429
"X724",72.3,2.41125541125541
"X725",72.4,2.38961038961039
"X726",72.5,2.31739130434783
"X727",72.6,2.33898305084746
"X728",72.7,2.47083333333333
"X729",72.8,2.46913580246914
"X730",72.9,2.31759656652361
"X731",73,2.3859649122807
"X732",73.1,2.66803278688525
"X733",73.2,2.2880658436214
"X734",73.3,2.38793103448276
"X735",73.4,2.57079646017699
"X736",73.5,2.28085106382979
"X737",73.6,2.43589743589744
"X738",73.7,2.36708860759494
"X739",73.8,2.50649350649351
"X740",73.9,2.43303571428571
"X741",74,2.21610169491525
"X742",74.1,2.39316239316239
"X743",74.2,2.48347107438017
"X744",74.3,2.39748953974895
"X745",74.4,2.37394957983193
"X746",74.5,2.32467532467532
"X747",74.6,2.44855967078189
"X748",74.7,2.41025641025641
"X749",74.8,2.32244897959184
"X750",74.9,2.45643153526971
"X751",75,2.54621848739496
"X752",75.1,2.58403361344538
"X753",75.2,2.54042553191489
"X754",75.3,2.5375
"X755",75.4,2.41350210970464
"X756",75.5,2.45333333333333
"X757",75.6,2.54700854700855
"X758",75.7,2.45726495726496
"X759",75.8,2.32780082987552
"X760",75.9,2.41350210970464
"X761",76,2.41525423728814
"X762",76.1,2.4235807860262
"X763",76.2,2.42616033755274
"X764",76.3,2.53679653679654
"X765",76.4,2.38655462184874
"X766",76.5,2.46902654867257
"X767",76.6,2.22026431718062
"X768",76.7,2.33193277310924
"X769",76.8,2.30801687763713
"X770",76.9,2.29464285714286
"X771",77,2.28205128205128
"X772",77.1,2.12946428571429
"X773",77.2,2.33333333333333
"X774",77.3,2.28571428571429
"X775",77.4,2.42794759825327
"X776",77.5,2.40869565217391
"X777",77.6,2.43103448275862
"X778",77.7,2.41777777777778
"X779",77.8,2.36909871244635
"X780",77.9,2.36170212765957
"X781",78,2.25751072961373
"X782",78.1,2.13004484304933
"X783",78.2,2.29535864978903
"X784",78.3,2.20600858369099
"X785",78.4,2.29694323144105
"X786",78.5,2.09210526315789
"X787",78.6,1.93913043478261
"X788",78.7,2.2801724137931
"X789",78.8,2.06837606837607
"X790",78.9,2.33777777777778
"X791",79,2.12121212121212
"X792",79.1,2.23770491803279
"X793",79.2,2.09502262443439
"X794",79.3,2.21576763485477
"X795",79.4,2.19665271966527
"X796",79.5,2.375
"X797",79.6,2.34361233480176
"X798",79.7,2.16589861751152
"X799",79.8,2.32051282051282
"X800",79.9,2.33193277310924
"X801",80,2.27477477477477
"X802",80.1,2.29875518672199
"X803",80.2,2.16239316239316
"X804",80.3,2.17982456140351
"X805",80.4,2.17316017316017
"X806",80.5,2.17446808510638
"X807",80.6,2.21428571428571
"X808",80.7,2.4304347826087
"X809",80.8,2.17826086956522
"X810",80.9,2.20524017467249
"X811",81,2.28070175438596
"X812",81.1,2.23893805309735
"X813",81.2,2.32579185520362
"X814",81.3,2.26293103448276
"X815",81.4,2.19915254237288
"X816",81.5,2.38053097345133
"X817",81.6,2.16
"X818",81.7,2.43037974683544
"X819",81.8,2.26495726495726
"X820",81.9,2.31759656652361
"X821",82,2.35146443514644
"X822",82.1,2.30901287553648
"X823",82.2,2.17647058823529
"X824",82.3,2.20089285714286
"X825",82.4,2.11946902654867
"X826",82.5,2.14224137931034
"X827",82.6,2.26446280991736
"X828",82.7,2.31877729257642
"X829",82.8,2.1931330472103
"X830",82.9,2.25446428571429
"X831",83,2.15546218487395
"X832",83.1,2.2914798206278
"X833",83.2,2.42677824267782
"X834",83.3,2.2196261682243
"X835",83.4,2.24782608695652
"X836",83.5,2.14601769911504
"X837",83.6,2.24894514767932
"X838",83.7,2.1858407079646
"X839",83.8,2.29694323144105
"X840",83.9,2.3030303030303
"X841",84,2.39224137931034
"X842",84.1,2.25345622119816
"X843",84.2,2.20089285714286
"X844",84.3,2.2995951417004
"X845",84.4,2.36974789915966
"X846",84.5,2.29707112970711
"X847",84.6,2.36363636363636
"X848",84.7,2.36324786324786
"X849",84.8,2.2648401826484
"X850",84.9,2.32547169811321
"X851",85,2.23809523809524
"X852",85.1,2.21465968586387
"X853",85.2,2.18518518518519
"X854",85.3,2.29207920792079
"X855",85.4,2.67555555555556
"X856",85.5,2.40191387559809
"X857",85.6,2.24170616113744
"X858",85.7,2.32407407407407
"X859",85.8,2.18617021276596
"X860",85.9,2.27777777777778
"X861",86,2.43367346938776
"X862",86.1,2.34418604651163
"X863",86.2,2.40609137055838
"X864",86.3,2.37777777777778
"X865",86.4,2.35204081632653
"X866",86.5,2.27053140096618
"X867",86.6,2.28
"X868",86.7,2.3348623853211
"X869",86.8,2.2780269058296
"X870",86.9,2.27111111111111
"X871",87,2.09302325581395
"X872",87.1,2.17647058823529
"X873",87.2,2.33484162895928
"X874",87.3,2.13274336283186
"X875",87.4,2.20502092050209
"X876",87.5,2.23660714285714
"X877",87.6,2.23144104803493
"X878",87.7,2.22321428571429
"X879",87.8,2.33047210300429
"X880",87.9,2.27678571428571
"X881",88,2.23144104803493
"X882",88.1,2.0468085106383
"X883",88.2,2.26859504132231
"X884",88.3,2.18672199170124
"X885",88.4,2.24017467248908
"X886",88.5,2.29338842975207
"X887",88.6,2.30252100840336
"X888",88.7,2.33067729083665
"X889",88.8,2.3109243697479
"X890",88.9,2.24894514767932
"X891",89,2.14574898785425
"X892",89.1,2.36947791164659
"X893",89.2,2.38492063492063
"X894",89.3,2.47791164658635
"X895",89.4,2.33196721311475
"X896",89.5,2.37301587301587
"X897",89.6,2.35496183206107
"X898",89.7,2.11111111111111
"X899",89.8,2.26104417670683
"X900",89.9,2.26819923371648
"X901",90,2.2319391634981
"X902",90.1,2.31800766283525
"X903",90.2,2.37218045112782
"X904",90.3,2.36781609195402
"X905",90.4,2.3544776119403
"X906",90.5,2.3579766536965
"X907",90.6,2.14230769230769
"X908",90.7,2.24814814814815
"X909",90.8,2.24719101123596
"X910",90.9,2.30970149253731
"X911",91,2.22627737226277
"X912",91.1,2.33707865168539
"X913",91.2,2.22388059701493
"X914",91.3,2.15658362989324
"X915",91.4,2.26545454545455
"X916",91.5,2.16423357664234
"X917",91.6,2.32481751824818
"X918",91.7,2.15328467153285
"X919",91.8,2.15357142857143
"X920",91.9,2.14642857142857
"X921",92,2.19548872180451
"X922",92.1,2.16666666666667
"X923",92.2,2.23357664233577
"X924",92.3,2.16606498194946
"X925",92.4,2.15789473684211
"X926",92.5,2.24829931972789
"X927",92.6,2.08710801393728
"X928",92.7,2.30633802816901
"X929",92.8,2.20640569395018
"X930",92.9,2.1875
"X931",93,2.2013201320132
"X932",93.1,2.06825938566553
"X933",93.2,2.30208333333333
"X934",93.3,2.26460481099656
"X935",93.4,2.3205574912892
"X936",93.5,2.21875
"X937",93.6,2.30794701986755
"X938",93.7,2.12
"X939",93.8,2.1986531986532
"X940",93.9,2.2475884244373
"X941",94,2.22591362126246
"X942",94.1,2.1875
"X943",94.2,2.36065573770492
"X944",94.3,2.26885245901639
"X945",94.4,2.16053511705686
"X946",94.5,2.04560260586319
"X947",94.6,2.30536912751678
"X948",94.7,2.17901234567901
"X949",94.8,2.22222222222222
"X950",94.9,2.31632653061224
"X951",95,2.22635135135135
"X952",95.1,2.29299363057325
"X953",95.2,2.39090909090909
"X954",95.3,2.23384615384615
"X955",95.4,2.36050156739812
"X956",95.5,2.30886850152905
"X957",95.6,2.46913580246914
"X958",95.7,2.18991097922849
"X959",95.8,2.11455108359133
"X960",95.9,2.29969418960245
"X961",96,2.25892857142857
"X962",96.1,2.48484848484848
"X963",96.2,2.24925816023739
"X964",96.3,2.26567164179104
"X965",96.4,2.26726726726727
"X966",96.5,2.17014925373134
"X967",96.6,2.25072886297376
"X968",96.7,2.21383647798742
"X969",96.8,2.18575851393189
"X970",96.9,2.18292682926829
"X971",97,2.25981873111782
"X972",97.1,2.21114369501466
"X973",97.2,2.17629179331307
"X974",97.3,2.12612612612613
"X975",97.4,2.27761194029851
"X976",97.5,2.23913043478261
"X977",97.6,2.2370820668693
"X978",97.7,2.18885448916409
"X979",97.8,2.10324483775811
"X980",97.9,2.27522935779817
"X981",98,2.27156549520767
"X982",98.1,2.19648093841642
"X983",98.2,2.27761194029851
"X984",98.3,2.4
"X985",98.4,2.28571428571429
"X986",98.5,2.12391930835735
"X987",98.6,2.22683706070288
"X988",98.7,2.28181818181818
"X989",98.8,2.31518624641834
"X990",98.9,2.2416918429003
"X991",99,2.25936599423631
"X992",99.1,2.26392961876833
"X993",99.2,2.3900293255132
"X994",99.3,2.16184971098266
"X995",99.4,2.29705882352941
"X996",99.5,2.19345238095238
"X997",99.6,2.24624624624625
"X998",99.7,2.21621621621622
"X999",99.8,2.23723723723724
"X1000",99.9,2.26018808777429
"X1001",100,2.21875
"X1002",100.1,2.17455621301775
"X1003",100.2,2.24471299093656
"X1004",100.3,2.31360946745562
"X1005",100.4,2.34402332361516
"X1006",100.5,2.3905325443787
"X1007",100.6,2.26420454545455
"X1008",100.7,2.20795107033639
"X1009",100.8,2.16332378223496
"X1010",100.9,2.27428571428571
"X1011",101,2.27164179104478
"X1012",101.1,2.25825825825826
"X1013",101.2,2.24781341107872
"X1014",101.3,2.21220930232558
"X1015",101.4,2.21325648414986
"X1016",101.5,2.31157270029674
"X1017",101.6,2.33236994219653
"X1018",101.7,2.27728613569322
"X1019",101.8,2.15430267062315
"X1020",101.9,2.17563739376771
"X1021",102,2.14329268292683
"X1022",102.1,2.16666666666667
"X1023",102.2,2.05952380952381
"X1024",102.3,2.13753581661891
"X1025",102.4,2.24629080118694
"X1026",102.5,2.16320474777448
"X1027",102.6,2.2280701754386
"X1028",102.7,2.12111801242236
"X1029",102.8,2.26331360946746
"X1030",102.9,2.25936599423631
"X1031",103,2.21929824561404
"X1032",103.1,2.25958702064897
"X1033",103.2,2.18390804597701
"X1034",103.3,2.30678466076696
"X1035",103.4,2.10682492581602
"X1036",103.5,2.38938053097345
"X1037",103.6,2.20916905444126
"X1038",103.7,2.19590643274854
"X1039",103.8,2.32763532763533
"X1040",103.9,2.38616714697406
"X1041",104,2.40173410404624
"X1042",104.1,2.32267441860465
"X1043",104.2,2.22388059701493
"X1044",104.3,2.17528735632184
"X1045",104.4,2.2536023054755
"X1046",104.5,2.44897959183673
"X1047",104.6,2.38983050847458
"X1048",104.7,2.34510869565217
"X1049",104.8,2.25513196480938
"X1050",104.9,2.21194029850746
"X1051",105,2.16969696969697
"X1052",105.1,2.2
"X1053",105.2,2.08379888268156
"X1054",105.3,2.23511904761905
"X1055",105.4,2.14327485380117
"X1056",105.5,2.34005763688761
"X1057",105.6,2.11527377521614
"X1058",105.7,2.1858407079646
"X1059",105.8,2.16716417910448
"X1060",105.9,2.20771513353116
"X1061",106,2.17699115044248
"X1062",106.1,2.17836257309942
"X1063",106.2,2.19653179190751
"X1064",106.3,2.1839762611276
"X1065",106.4,2.27878787878788
"X1066",106.5,2.20552147239264
"X1067",106.6,2.15406976744186
"X1068",106.7,2.11815561959654
"X1069",106.8,2.23714285714286
"X1070",106.9,2.26724137931034
"X1071",107,2.23684210526316
"X1072",107.1,2.1858407079646
"X1073",107.2,2.2955223880597
"X1074",107.3,2.12609970674487
"X1075",107.4,2.21714285714286
"X1076",107.5,2.24489795918367
"X1077",107.6,2.202416918429
"X1078",107.7,2.21865889212828
"X1079",107.8,2.24852071005917
"X1080",107.9,2.3125
"X1081",108,2.17272727272727
"X1082",108.1,2.15170278637771
"X1083",108.2,2.26900584795322
"X1084",108.3,2.17210682492582
"X1085",108.4,2.25663716814159
"X1086",108.5,2.28307692307692
"X1087",108.6,2.11455108359133
"X1088",108.7,2.20625
"X1089",108.8,2.11337209302326
"X1090",108.9,2.16964285714286
"X1091",109,2.27586206896552
"X1092",109.1,2.26666666666667
"X1093",109.2,2.14018691588785
"X1094",109.3,2.17391304347826
"X1095",109.4,2.09120521172638
"X1096",109.5,2.27469135802469
"X1097",109.6,2.17629179331307
"X1098",109.7,2.23248407643312
"X1099",109.8,2.23824451410658
"X1100",109.9,2.12422360248447
"X1101",110,2.26479750778816
"X1102",110.1,2.284375
"X1103",110.2,2.27743902439024
"X1104",110.3,2.31189710610932
"X1105",110.4,2.17295597484277
"X1106",110.5,2.21495327102804
"X1107",110.6,2.31230283911672
"X1108",110.7,2.34405144694534
"X1109",110.8,2.27922077922078
"X1110",110.9,2.21405750798722
"X1111",111,2.17891373801917
"X1112",111.1,2.31528662420382
"X1113",111.2,2.17
"X1114",111.3,2.38853503184713
"X1115",111.4,2.27124183006536
"X1116",111.5,2.29206349206349
"X1117",111.6,2.21241830065359
"X1118",111.7,2.12925170068027
"X1119",111.8,2.10561056105611
"X1120",111.9,2.13804713804714
"X1121",112,2.17275747508306
"X1122",112.1,2.14236111111111
"X1123",112.2,2.18581081081081
"X1124",112.3,2.18088737201365
"X1125",112.4,2.25337837837838
"X1126",112.5,2.18088737201365
"X1127",112.6,2.17081850533808
"X1128",112.7,2.32129963898917
"X1129",112.8,2.21724137931034
"X1130",112.9,2.26388888888889
"X1131",113,2.16304347826087
"X1132",113.1,2.15625
"X1133",113.2,2.13879003558719
"X1134",113.3,2.18118466898955
"X1135",113.4,2.10984848484848
"X1136",113.5,2.07971014492754
"X1137",113.6,2.09225092250922
"X1138",113.7,2.31751824817518
"X1139",113.8,2.30545454545455
"X1140",113.9,2.25378787878788
"X1141",114,2.26492537313433
"X1142",114.1,2.17669172932331
"X1143",114.2,2.12307692307692
"X1144",114.3,2.19188191881919
"X1145",114.4,2.25
"X1146",114.5,2.182156133829
"X1147",114.6,2.10074626865672
"X1148",114.7,2.25
"X1149",114.8,2.14444444444444
"X1150",114.9,2.1978021978022
"X1151",115,2.38671875
"X1152",115.1,2.17647058823529
"X1153",115.2,2.24264705882353
"X1154",115.3,2.248
"X1155",115.4,2.2059925093633
"X1156",115.5,2.19465648854962
"X1157",115.6,2.31620553359684
"X1158",115.7,2.24045801526718
"X1159",115.8,2
"X1160",115.9,2.27651515151515
"X1161",116,2.20731707317073
"X1162",116.1,2.1793893129771
"X1163",116.2,2.13253012048193
"X1164",116.3,2.23456790123457
"X1165",116.4,2.2
"X1166",116.5,2.19915254237288
"X1167",116.6,2.171875
"X1168",116.7,2.17131474103586
"X1169",116.8,2.17355371900826
"X1170",116.9,2.09795918367347
"X1171",117,2.1359649122807
"X1172",117.1,2.13852813852814
"X1173",117.2,2.16740088105727
"X1174",117.3,2.12340425531915
"X1175",117.4,2.10909090909091
"X1176",117.5,2.28699551569507
"X1177",117.6,2.49308755760369
"X1178",117.7,2.16289592760181
"X1179",117.8,2.34513274336283
"X1180",117.9,2.23245614035088
"X1181",118,2.13617021276596
"X1182",118.1,2.15837104072398
"X1183",118.2,2.12017167381974
"X1184",118.3,2.16666666666667
"X1185",118.4,2.28260869565217
"X1186",118.5,2.19650655021834
"X1187",118.6,2.22666666666667
"X1188",118.7,2.14601769911504
"X1189",118.8,2.25
"X1190",118.9,2.20454545454545
"X1191",119,2.30530973451327
"X1192",119.1,2.21777777777778
"X1193",119.2,2.23144104803493
"X1194",119.3,2.00913242009132
"X1195",119.4,2.27659574468085
"X1196",119.5,2.25438596491228
"X1197",119.6,2.04017857142857
"X1198",119.7,2.31799163179916
"X1199",119.8,2.28138528138528
"X1200",119.9,2.21212121212121
"X1201",120,2.14285714285714
"X1202",120.1,2.20779220779221
"X1203",120.2,2.19004524886878
"X1204",120.3,2.26315789473684
"X1205",120.4,2.28508771929825
"X1206",120.5,2.16818181818182
"X1207",120.6,2.06578947368421
"X1208",120.7,2.2655601659751
"X1209",120.8,2
"X1210",120.9,2.18614718614719
"X1211",121,2.37962962962963
"X1212",121.1,2.08636363636364
"X1213",121.2,2.18723404255319
"X1214",121.3,2.20258620689655
"X1215",121.4,2.24888888888889
"X1216",121.5,2.30316742081448
"X1217",121.6,2.25114155251142
"X1218",121.7,2.2198275862069
"X1219",121.8,2.10504201680672
"X1220",121.9,2.41203703703704
"X1221",122,2.28384279475983
"X1222",122.1,2.2991452991453
"X1223",122.2,2.14018691588785
"X1224",122.3,2.2152466367713
"X1225",122.4,2.36206896551724
"X1226",122.5,2.18807339449541
"X1227",122.6,2.12727272727273
"X1228",122.7,2.13839285714286
"X1229",122.8,2.19823788546256
"X1230",122.9,2.20361990950226
"X1231",123,2.2
"X1232",123.1,2.125
"X1233",123.2,2.20909090909091
"X1234",123.3,2.07727272727273
"X1235",123.4,2.1712962962963
"X1236",123.5,2.12987012987013
"X1237",123.6,2.14847161572052
"X1238",123.7,2.27350427350427
"X1239",123.8,2.16593886462882
"X1240",123.9,2.15126050420168
"X1241",124,2.21052631578947
"X1242",124.1,2.39910313901345
"X1243",124.2,2.17272727272727
"X1244",124.3,2.26839826839827
"X1245",124.4,2.22466960352423
"X1246",124.5,2.23502304147465
"X1247",124.6,2.12616822429907
"X1248",124.7,2.18981481481481
"X1249",124.8,2.12068965517241
"X1250",124.9,2.25738396624473
"X1251",125,2.05128205128205
"X1252",125.1,2.20264317180617
"X1253",125.2,2.27555555555556
"X1254",125.3,2.1283185840708
"X1255",125.4,2.22026431718062
"X1256",125.5,2.10267857142857
"X1257",125.6,2.24888888888889
"X1258",125.7,2.14410480349345
"X1259",125.8,2.21198156682028
"X1260",125.9,2.19827586206897
"X1261",126,2.1228813559322
"X1262",126.1,2.21428571428571
"X1263",126.2,2.24463519313305
"X1264",126.3,2.29515418502203
"X1265",126.4,2.25550660792952
"X1266",126.5,2.17903930131004
"X1267",126.6,2.38683127572016
"X1268",126.7,2.20851063829787
"X1269",126.8,2.33920704845815
"X1270",126.9,2.07203389830508
"X1271",127,2.2304347826087
"X1272",127.1,2.2304347826087
"X1273",127.2,2.32051282051282
"X1274",127.3,2.26431718061674
"X1275",127.4,2.26905829596413
"X1276",127.5,2.18834080717489
"X1277",127.6,2.25751072961373
"X1278",127.7,2.20600858369099
"X1279",127.8,2.25225225225225
"X1280",127.9,2.22321428571429
"X1281",128,2.24561403508772
"X1282",128.1,2.19911504424779
"X1283",128.2,2.16589861751152
"X1284",128.3,2.06751054852321
"X1285",128.4,2.26582278481013
"X1286",128.5,2.11711711711712
"X1287",128.6,2.2936170212766
"X1288",128.7,2.26126126126126
"X1289",128.8,2.18965517241379
"X1290",128.9,2.34913793103448
"X1291",129,2.17777777777778
"X1292",129.1,2.12719298245614
"X1293",129.2,2.23684210526316
"X1294",129.3,2.28755364806867
"X1295",129.4,2.24358974358974
"X1296",129.5,2.25892857142857
"X1297",129.6,2.33181818181818
"X1298",129.7,2.12162162162162
"X1299",129.8,2.16386554621849
"X1300",129.9,2.17194570135747
"X1301",130,2.0875
"X1302",130.1,2.2563025210084
"X1303",130.2,2.17621145374449
"X1304",130.3,2.15
"X1305",130.4,2.17721518987342
"X1306",130.5,2.18421052631579
"X1307",130.6,2.28085106382979
"X1308",130.7,2.26637554585153
"X1309",130.8,2.22844827586207
"X1310",130.9,2.26548672566372
"X1311",131,2.16017316017316
"X1312",131.1,2.25652173913043
"X1313",131.2,2.09649122807018
"X1314",131.3,2.14473684210526
"X1315",131.4,2.25862068965517
"X1316",131.5,2.08823529411765
"X1317",131.6,1.97247706422018
"X1318",131.7,2.20264317180617
"X1319",131.8,2.05855855855856
"X1320",131.9,2.35023041474654
"X1321",132,2.19090909090909
"X1322",132.1,2.16740088105727
"X1323",132.2,2.03111111111111
"X1324",132.3,2.2280701754386
"X1325",132.4,2.11555555555556
"X1326",132.5,2.19457013574661
"X1327",132.6,2.29613733905579
"X1328",132.7,2.3018018018018
"X1329",132.8,2.33636363636364
"X1330",132.9,2.09734513274336
"X1331",133,2.24576271186441
"X1332",133.1,2.15652173913043
"X1333",133.2,2.30131004366812
"X1334",133.3,2.03478260869565
"X1335",133.4,2.12931034482759
"X1336",133.5,2.12227074235808
"X1337",133.6,2.21645021645022
"X1338",133.7,2.17699115044248
"X1339",133.8,2.16901408450704
"X1340",133.9,2.24324324324324
"X1341",134,2.23333333333333
"X1342",134.1,2.16170212765957
"X1343",134.2,2.29004329004329
"X1344",134.3,2.23181818181818
"X1345",134.4,2.14912280701754
"X1346",134.5,2.27014218009479
"X1347",134.6,2.32579185520362
"X1348",134.7,2.18407960199005
"X1349",134.8,2.13714285714286
"X1350",134.9,2.34131736526946
"X1351",135,2.25882352941176
"X1352",135.1,2.17919075144509
"X1353",135.2,2.27717391304348
"X1354",135.3,2.11979166666667
"X1355",135.4,2.16417910447761
"X1356",135.5,2.38864628820961
"X1357",135.6,2.33031674208145
"X1358",135.7,2.2037037037037
"X1359",135.8,2.31963470319635
"X1360",135.9,2.24423963133641
"X1361",136,2.1924882629108
"X1362",136.1,2.13023255813953
"X1363",136.2,2.08252427184466
"X1364",136.3,2.26851851851852
"X1365",136.4,2.17788461538462
"X1366",136.5,2.20952380952381
"X1367",136.6,2.16346153846154
"X1368",136.7,2.24311926605505
"X1369",136.8,2.13744075829384
"X1370",136.9,2.21860465116279
"X1371",137,2.22439024390244
"X1372",137.1,2.29223744292237
"X1373",137.2,2.34761904761905
"X1374",137.3,2.13300492610837
"X1375",137.4,2.3551912568306
"X1376",137.5,2.11728395061728
"X1377",137.6,2.27777777777778
"X1378",137.7,2.41216216216216
"X1379",137.8,2.37349397590361
"X1380",137.9,2.36994219653179
"X1381",138,2.08021390374332
"X1382",138.1,2.13541666666667
"X1383",138.2,2.37837837837838
"X1384",138.3,2.04188481675393
"X1385",138.4,2.17766497461929
"X1386",138.5,2.29611650485437
"X1387",138.6,2.29090909090909
"X1388",138.7,2.33488372093023
"X1389",138.8,2.16203703703704
"X1390",138.9,2.19383259911894
"X1391",139,2.24107142857143
"X1392",139.1,2.24886877828054
"X1393",139.2,2.29816513761468
"X1394",139.3,2.22018348623853
"X1395",139.4,2.42543859649123
"X1396",139.5,2.22881355932203
"X1397",139.6,2.38197424892704
"X1398",139.7,2.25560538116592
"X1399",139.8,2.29004329004329
"X1400",139.9,2.18723404255319
"X1401",140,2.31330472103004
"X1402",140.1,2.31535269709544
"X1403",140.2,2.3
"X1404",140.3,2.18018018018018
"X1405",140.4,2.27004219409283
"X1406",140.5,2.20888888888889
"X1407",140.6,2.34309623430962
"X1408",140.7,2.24122807017544
"X1409",140.8,2.2
"X1410",140.9,2.36286919831224
"X1411",141,2.28384279475983
"X1412",141.1,2.26146788990826
"X1413",141.2,2.36160714285714
"X1414",141.3,2.38260869565217
"X1415",141.4,2.3030303030303
"X1416",141.5,2.26086956521739
"X1417",141.6,2.29184549356223
"X1418",141.7,2.20175438596491
"X1419",141.8,2.17621145374449
"X1420",141.9,2.14847161572052
"X1421",142,2.17596566523605
"X1422",142.1,2.16595744680851
"X1423",142.2,2.30357142857143
"X1424",142.3,2.41964285714286
"X1425",142.4,2.40434782608696
"X1426",142.5,2.28947368421053
"X1427",142.6,2.36073059360731
"X1428",142.7,2.20814479638009
"X1429",142.8,2.125
"X1430",142.9,2.17194570135747
"X1431",143,2.02553191489362
"X1432",143.1,2.15315315315315
"X1433",143.2,2.17117117117117
"X1434",143.3,2.20524017467249
"X1435",143.4,2.26406926406926
"X1436",143.5,2.13478260869565
"X1437",143.6,2.1528384279476
"X1438",143.7,2.14847161572052
"X1439",143.8,2.22171945701357
"X1440",143.9,2.10775862068966
"X1441",144,2.15277777777778
"X1442",144.1,2.15418502202643
"X1443",144.2,2.12444444444444
"X1444",144.3,2.2
"X1445",144.4,2.20171673819742
"X1446",144.5,2.29357798165138
"X1447",144.6,2.19266055045872
"X1448",144.7,2.34497816593886
"X1449",144.8,2.13656387665198
"X1450",144.9,2.21940928270042
"X1451",145,2.26200873362445
"X1452",145.1,2.1025641025641
"X1453",145.2,2.15418502202643
"X1454",145.3,2.11061946902655
"X1455",145.4,2.20779220779221
"X1456",145.5,2.16299559471366
"X1457",145.6,2.25217391304348
"X1458",145.7,2.21198156682028
"X1459",145.8,2.20524017467249
"X1460",145.9,2.41810344827586
"X1461",146,2.27426160337553
"X1462",146.1,2.17256637168142
"X1463",146.2,2.34529147982063
"X1464",146.3,2.25764192139738
"X1465",146.4,2.2648401826484
"X1466",146.5,2.11061946902655
"X1467",146.6,2.4070796460177
"X1468",146.7,2.29515418502203
"X1469",146.8,2.32599118942731
"X1470",146.9,2.35652173913043
"X1471",147,2.12719298245614
"X1472",147.1,2.1244635193133
"X1473",147.2,2.02232142857143
"X1474",147.3,2.16666666666667
"X1475",147.4,2.16810344827586
"X1476",147.5,2.17167381974249
"X1477",147.6,2.25217391304348
"X1478",147.7,2.32876712328767
"X1479",147.8,2.07423580786026
"X1480",147.9,2.03463203463203
"X1481",148,2.27232142857143
"X1482",148.1,2.28632478632479
"X1483",148.2,2.13364055299539
"X1484",148.3,2.20627802690583
"X1485",148.4,2.28451882845188
"X1486",148.5,2.35746606334842
"X1487",148.6,2.28138528138528
"X1488",148.7,2.40969162995595
"X1489",148.8,2.25217391304348
"X1490",148.9,2.26582278481013
"X1491",149,2.29955947136564
"X1492",149.1,2.43534482758621
"X1493",149.2,2.25316455696203
"X1494",149.3,2.21759259259259
"X1495",149.4,2.16521739130435
"X1496",149.5,2.41409691629956
"X1497",149.6,2.31390134529148
"X1498",149.7,2.25925925925926
"X1499",149.8,2.20089285714286
"X1500",149.9,2.29310344827586
"X1501",150,2.31981981981982
"X1502",150.1,2.11587982832618
"X1503",150.2,2.12162162162162
"X1504",150.3,2.21777777777778
"X1505",150.4,2.31168831168831
"X1506",150.5,2.15596330275229
"X1507",150.6,2.21397379912664
"X1508",150.7,2.10222222222222
"X1509",150.8,2.22881355932203
"X1510",150.9,2.33050847457627
"X1511",151,2.38914027149321
"X1512",151.1,2.3785046728972
"X1513",151.2,2.17674418604651
"X1514",151.3,2.2801724137931
"X1515",151.4,2.42105263157895
"X1516",151.5,2.38839285714286
"X1517",151.6,2.3568281938326
"X1518",151.7,2.25764192139738
"X1519",151.8,2.23744292237443
"X1520",151.9,2.31004366812227
"X1521",152,2.16299559471366
"X1522",152.1,2.13452914798206
"X1523",152.2,2.19047619047619
"X1524",152.3,2.24347826086957
"X1525",152.4,2.27354260089686
"X1526",152.5,2.33181818181818
"X1527",152.6,2.28384279475983
"X1528",152.7,2.15217391304348
"X1529",152.8,2.1038961038961
"X1530",152.9,2.13913043478261
"X1531",153,2.16086956521739
"X1532",153.1,2.32894736842105
"X1533",153.2,2.33185840707965
"X1534",153.3,2.21973094170404
"X1535",153.4,2.21333333333333
"X1536",153.5,2.20600858369099
"X1537",153.6,2.29694323144105
"X1538",153.7,2.13157894736842
"X1539",153.8,2.19421487603306
"X1540",153.9,2.18260869565217
"X1541",154,2.11160714285714
"X1542",154.1,2.20089285714286
"X1543",154.2,2.20283018867925
"X1544",154.3,2.12903225806452
"X1545",154.4,2.25862068965517
"X1546",154.5,2.15929203539823
"X1547",154.6,2.37442922374429
"X1548",154.7,2.13333333333333
"X1549",154.8,2.14018691588785
"X1550",154.9,2.20444444444444
"X1551",155,2.22127659574468
"X1552",155.1,2.24770642201835
"X1553",155.2,2.04932735426009
"X1554",155.3,2.11587982832618
"X1555",155.4,2.09459459459459
"X1556",155.5,2.21459227467811
"X1557",155.6,2.19178082191781
"X1558",155.7,2.18942731277533
"X1559",155.8,2.26068376068376
"X1560",155.9,2.38009049773756
"X1561",156,2.13913043478261
"X1562",156.1,2.22077922077922
"X1563",156.2,2.03879310344828
"X1564",156.3,2.24553571428571
"X1565",156.4,2.22907488986784
"X1566",156.5,2.05579399141631
"X1567",156.6,2.1673640167364
"X1568",156.7,2.29184549356223
"X1569",156.8,2.35454545454545
"X1570",156.9,2.08888888888889
"X1571",157,2.27753303964758
"X1572",157.1,2.15981735159817
"X1573",157.2,2.21929824561404
"X1574",157.3,2.24229074889868
"X1575",157.4,2.21794871794872
"X1576",157.5,2.15720524017467
"X1577",157.6,2.19555555555556
"X1578",157.7,2.18297872340426
"X1579",157.8,2.17410714285714
"X1580",157.9,2.24568965517241
"X1581",158,2.22727272727273
"X1582",158.1,2.15555555555556
"X1583",158.2,2.33482142857143
"X1584",158.3,2.23766816143498
"X1585",158.4,2.25641025641026
"X1586",158.5,2.12775330396476
"X1587",158.6,2.29787234042553
"X1588",158.7,2.23430962343096
"X1589",158.8,2.2695652173913
"X1590",158.9,2.2008547008547
"X1591",159,2.13419913419913
"X1592",159.1,2.2152466367713
"X1593",159.2,2.30454545454545
"X1594",159.3,2.21212121212121
"X1595",159.4,2.33035714285714
"X1596",159.5,2.25333333333333
"X1597",159.6,2.31601731601732
"X1598",159.7,2.34361233480176
"X1599",159.8,2.16591928251121
"X1600",159.9,2.27826086956522
"X1601",160,2.15584415584416
"X1602",160.1,2.11739130434783
"X1603",160.2,2.31555555555556
"X1604",160.3,2.27354260089686
"X1605",160.4,2.44495412844037
"X1606",160.5,2.37444933920705
"X1607",160.6,2.19665271966527
"X1608",160.7,2.1889400921659
"X1609",160.8,2.1047619047619
"X1610",160.9,2.18141592920354
"X1611",161,2.19823788546256
"X1612",161.1,2.05381165919283
"X1613",161.2,2.14163090128755
"X1614",161.3,2.2152466367713
"X1615",161.4,2.35344827586207
"X1616",161.5,2.08333333333333
"X1617",161.6,2.2
"X1618",161.7,2.24122807017544
"X1619",161.8,2.17699115044248
"X1620",161.9,2.25821596244131
"X1621",162,2.215859030837
"X1622",162.1,2.05508474576271
"X1623",162.2,2.07762557077626
"X1624",162.3,2.21681415929204
"X1625",162.4,2.16666666666667
"X1626",162.5,2.36752136752137
"X1627",162.6,2.3304347826087
"X1628",162.7,2.26724137931034
"X1629",162.8,2.22972972972973
"X1630",162.9,2.28384279475983
"X1631",163,2.15416666666667
"X1632",163.1,2.17889908256881
"X1633",163.2,2.19831223628692
"X1634",163.3,2.18828451882845
"X1635",163.4,2.28125
"X1636",163.5,2.19457013574661
"X1637",163.6,2.33189655172414
"X1638",163.7,2.23766816143498
"X1639",163.8,2.15086206896552
"X1640",163.9,2.16143497757848
"X1641",164,2.21428571428571
"X1642",164.1,2.10548523206751
"X1643",164.2,2.21940928270042
"X1644",164.3,2.17194570135747
"X1645",164.4,2.23206751054852
"X1646",164.5,2.13122171945701
"X1647",164.6,2.28085106382979
"X1648",164.7,2.25333333333333
"X1649",164.8,2.16666666666667
"X1650",164.9,2.35714285714286
"X1651",165,2.14977973568282
"X1652",165.1,2.13615023474178
"X1653",165.2,2.26582278481013
"X1654",165.3,2.05333333333333
"X1655",165.4,2.17672413793103
"X1656",165.5,2.02714932126697
"X1657",165.6,2.21171171171171
"X1658",165.7,2.22368421052632
"X1659",165.8,2.12719298245614
"X1660",165.9,2.27188940092166
"X1661",166,2.06637168141593
"X1662",166.1,2.37719298245614
"X1663",166.2,2.32188841201717
"X1664",166.3,2.13362068965517
"X1665",166.4,2.14912280701754
"X1666",166.5,2.17167381974249
"X1667",166.6,2.21052631578947
"X1668",166.7,2.2928870292887
"X1669",166.8,2.31221719457014
"X1670",166.9,2.22707423580786
"X1671",167,2.30263157894737
"X1672",167.1,2.28205128205128
"X1673",167.2,2.1875
"X1674",167.3,2.26521739130435
"X1675",167.4,2.18723404255319
"X1676",167.5,2.19026548672566
"X1677",167.6,2.16883116883117
"X1678",167.7,2.1906779661017
"X1679",167.8,2.25806451612903
"X1680",167.9,2.10548523206751
"X1681",168,2.09090909090909
"X1682",168.1,2.18385650224215
"X1683",168.2,2.20982142857143
"X1684",168.3,2.23041474654378
"X1685",168.4,2.18595041322314
"X1686",168.5,2.2579185520362
"X1687",168.6,2.0952380952381
"X1688",168.7,2.20175438596491
"X1689",168.8,2.25877192982456
"X1690",168.9,2.15833333333333
"X1691",169,2.08510638297872
"X1692",169.1,2.25833333333333
"X1693",169.2,2.27426160337553
"X1694",169.3,2.22270742358079
"X1695",169.4,2.20171673819742
"X1696",169.5,2.2695652173913
"X1697",169.6,2.32911392405063
"X1698",169.7,2.15652173913043
"X1699",169.8,2.20704845814978
"X1700",169.9,2.09243697478992
"X1701",170,2.23788546255507
"X1702",170.1,2.09502262443439
"X1703",170.2,2.16591928251121
"X1704",170.3,2.19130434782609
"X1705",170.4,2.19736842105263
"X1706",170.5,2.34934497816594
"X1707",170.6,2.26754385964912
"X1708",170.7,2.15350877192982
"X1709",170.8,2.14798206278027
"X1710",170.9,2.48888888888889
"X1711",171,2.22666666666667
"X1712",171.1,2.18292682926829
"X1713",171.2,2.18025751072961
"X1714",171.3,2.29059829059829
"X1715",171.4,2.36
"X1716",171.5,2.25531914893617
"X1717",171.6,2.33891213389121
"X1718",171.7,2.28991596638655
"X1719",171.8,2.30837004405286
"X1720",171.9,2.42857142857143
"X1721",172,2.2152466367713
"X1722",172.1,2.3568281938326
"X1723",172.2,2.16666666666667
"X1724",172.3,2.23175965665236
"X1725",172.4,2.24691358024691
"X1726",172.5,2.16738197424893
"X1727",172.6,2.17355371900826
"X1728",172.7,2.21848739495798
"X1729",172.8,2.41739130434783
"X1730",172.9,2.18333333333333
"X1731",173,2.28936170212766
"X1732",173.1,2.40888888888889
"X1733",173.2,2.3056768558952
"X1734",173.3,2.36708860759494
"X1735",173.4,2.24242424242424
"X1736",173.5,2.33928571428571
"X1737",173.6,2.23893805309735
"X1738",173.7,2.26068376068376
"X1739",173.8,2.3801652892562
"X1740",173.9,2.23913043478261
"X1741",174,2.16143497757848
"X1742",174.1,2.26754385964912
"X1743",174.2,2.2152466367713
"X1744",174.3,2.32300884955752
"X1745",174.4,2.27601809954751
"X1746",174.5,2.1587982832618
"X1747",174.6,2.15418502202643
"X1748",174.7,2.18421052631579
"X1749",174.8,2.22784810126582
"X1750",174.9,2.14537444933921
"X1751",175,2.20614035087719
"X1752",175.1,2.15966386554622
"X1753",175.2,2.14225941422594
"X1754",175.3,2.08898305084746
"X1755",175.4,2.33480176211454
"X1756",175.5,2.21266968325792
"X1757",175.6,2.26106194690265
"X1758",175.7,2.39748953974895
"X1759",175.8,2.30666666666667
"X1760",175.9,2.289592760181
"X1761",176,2.34615384615385
"X1762",176.1,2.22608695652174
"X1763",176.2,2.35744680851064
"X1764",176.3,2.11111111111111
"X1765",176.4,2.23788546255507
"X1766",176.5,2.31506849315068
"X1767",176.6,2.35217391304348
"X1768",176.7,2.07906976744186
"X1769",176.8,2.22317596566524
"X1770",176.9,2.04444444444444
"X1771",177,2.2511013215859
"X1772",177.1,2.19545454545455
"X1773",177.2,2.28260869565217
"X1774",177.3,2.24401913875598
"X1775",177.4,2.22368421052632
"X1776",177.5,2.31555555555556
"X1777",177.6,2.12389380530973
"X1778",177.7,2.14414414414414
"X1779",177.8,2.11304347826087
"X1780",177.9,2.39495798319328
"X1781",178,2.12888888888889
"X1782",178.1,2.16964285714286
"X1783",178.2,2.16129032258065
"X1784",178.3,2.22943722943723
"X1785",178.4,2.30593607305936
"X1786",178.5,2.25581395348837
"X1787",178.6,2.23931623931624
"X1788",178.7,2.26785714285714
"X1789",178.8,2.05263157894737
"X1790",178.9,2.10434782608696
"X1791",179,2.05454545454545
"X1792",179.1,2.20454545454545
"X1793",179.2,2.25531914893617
"X1794",179.3,2.03004291845494
"X1795",179.4,2.23788546255507
"X1796",179.5,2.28571428571429
"X1797",179.6,2.17180616740088
"X1798",179.7,2.12556053811659
"X1799",179.8,2.03030303030303
"X1800",179.9,2.12107623318386
"X1801",180,2.1953488372093
"X1802",180.1,2.20940170940171
"X1803",180.2,2.16309012875536
"X1804",180.3,2.1551724137931
"X1805",180.4,2.08928571428571
"X1806",180.5,2.25
"X1807",180.6,2.35344827586207
"X1808",180.7,2.13478260869565
"X1809",180.8,2.26548672566372
"X1810",180.9,2.18534482758621
"X1811",181,2.2
"X1812",181.1,2.19642857142857
"X1813",181.2,2.2092050209205
"X1814",181.3,2.25431034482759
"X1815",181.4,2.12334801762115
"X1816",181.5,2.21145374449339
"X1817",181.6,2.25806451612903
"X1818",181.7,2.12053571428571
"X1819",181.8,2.19480519480519
"X1820",181.9,2.13478260869565
"X1821",182,2.26890756302521
"X1822",182.1,2.29694323144105
"X1823",182.2,2.28181818181818
"X1824",182.3,2.14847161572052
"X1825",182.4,2.24358974358974
"X1826",182.5,2.33047210300429
"X1827",182.6,2.31034482758621
"X1828",182.7,2.34070796460177
"X1829",182.8,2.17521367521368
"X1830",182.9,2.31687242798354
"X1831",183,2.45652173913043
"X1832",183.1,2.23478260869565
"X1833",183.2,2.27555555555556
"X1834",183.3,2.23451327433628
"X1835",183.4,2.41201716738197
"X1836",183.5,2.31555555555556
"X1837",183.6,2.27004219409283
"X1838",183.7,2.29565217391304
"X1839",183.8,2.12888888888889
"X1840",183.9,2.25416666666667
"X1841",184,2.30901287553648
"X1842",184.1,2.30493273542601
"X1843",184.2,2.32034632034632
"X1844",184.3,2.28326180257511
"X1845",184.4,2.36283185840708
"X1846",184.5,2.28125
"X1847",184.6,2.22268907563025
"X1848",184.7,2.3974358974359
"X1849",184.8,2.35930735930736
"X1850",184.9,2.43171806167401
"X1851",185,2.33476394849785
"X1852",185.1,2.15720524017467
"X1853",185.2,2.2073732718894
"X1854",185.3,2.1875
"X1855",185.4,2.18834080717489
"X1856",185.5,2.2563025210084
"X1857",185.6,2.17488789237668
"X1858",185.7,2.10267857142857
"X1859",185.8,2.20720720720721
"X1860",185.9,2.25974025974026
"X1861",186,2.19650655021834
"X1862",186.1,2.45021645021645
"X1863",186.2,2.08370044052863
"X1864",186.3,2.42608695652174
"X1865",186.4,2.1228813559322
"X1866",186.5,2.18502202643172
"X1867",186.6,2.22972972972973
"X1868",186.7,2.31601731601732
"X1869",186.8,2.31277533039648
"X1870",186.9,2.44206008583691
"X1871",187,2.27272727272727
"X1872",187.1,2.10666666666667
"X1873",187.2,2.31799163179916
"X1874",187.3,2.30434782608696
"X1875",187.4,2.21212121212121
"X1876",187.5,2.24892703862661
"X1877",187.6,2.22457627118644
"X1878",187.7,2.42477876106195
"X1879",187.8,2.25112107623318
"X1880",187.9,2.2280701754386
"X1881",188,2.25541125541126
"X1882",188.1,2.32478632478632
"X1883",188.2,2.23605150214592
"X1884",188.3,2.36170212765957
"X1885",188.4,2.4453781512605
"X1886",188.5,2.31465517241379
"X1887",188.6,2.25777777777778
"X1888",188.7,2.18534482758621
"X1889",188.8,2.29545454545455
"X1890",188.9,2.2787610619469
"X1891",189,2.27111111111111
"X1892",189.1,2.33484162895928
"X1893",189.2,2.25663716814159
"X1894",189.3,2.28571428571429
"X1895",189.4,2.28691983122363
"X1896",189.5,2.20087336244541
"X1897",189.6,2.21120689655172
"X1898",189.7,2.17167381974249
"X1899",189.8,2.24034334763948
"X1900",189.9,2.26315789473684
"X1901",190,2.24122807017544
"X1902",190.1,2.13215859030837
"X1903",190.2,2.32456140350877
"X1904",190.3,2.25108225108225
"X1905",190.4,2.39055793991416
"X1906",190.5,2.30263157894737
"X1907",190.6,2.31858407079646
"X1908",190.7,2.3781512605042
"X1909",190.8,2.34666666666667
"X1910",190.9,2.34080717488789
"X1911",191,2.47727272727273
"X1912",191.1,2.40756302521008
"X1913",191.2,2.31004366812227
"X1914",191.3,2.29752066115702
"X1915",191.4,2.30530973451327
"X1916",191.5,2.3030303030303
"X1917",191.6,2.39732142857143
"X1918",191.7,2.38333333333333
"X1919",191.8,2.53246753246753
"X1920",191.9,2.44813278008299
"X1921",192,2.46052631578947
"X1922",192.1,2.46753246753247
"X1923",192.2,2.32340425531915
"X1924",192.3,2.39148936170213
"X1925",192.4,2.31277533039648
"X1926",192.5,2.2280701754386
"X1927",192.6,2.35064935064935
"X1928",192.7,2.21888412017167
"X1929",192.8,2.39316239316239
"X1930",192.9,2.55411255411255
"X1931",193,2.26696832579186
"X1932",193.1,2.24050632911392
"X1933",193.2,2.43347639484979
"X1934",193.3,2.28510638297872
"X1935",193.4,2.42127659574468
"X1936",193.5,2.3508064516129
"X1937",193.6,2.3695652173913
"X1938",193.7,2.47391304347826
"X1939",193.8,2.38362068965517
"X1940",193.9,2.38461538461538
"X1941",194,2.45762711864407
"X1942",194.1,2.4125
"X1943",194.2,2.4
"X1944",194.3,2.56016597510373
"X1945",194.4,2.45338983050847
"X1946",194.5,2.63291139240506
"X1947",194.6,2.66666666666667
"X1948",194.7,2.756
"X1949",194.8,2.83057851239669
"X1950",194.9,2.7469387755102
"X1951",195,2.53448275862069
"X1952",195.1,2.60995850622407
"X1953",195.2,2.80081300813008
"X1954",195.3,2.63713080168776
"X1955",195.4,2.67768595041322
"X1956",195.5,2.57851239669421
"X1957",195.6,2.63967611336032
"X1958",195.7,2.70901639344262
"X1959",195.8,2.80408163265306
"X1960",195.9,2.76016260162602
"X1961",196,2.888
"X1962",196.1,2.84920634920635
"X1963",196.2,2.65587044534413
"X1964",196.3,2.74485596707819
"X1965",196.4,2.82231404958678
"X1966",196.5,2.7265306122449
"X1967",196.6,2.76131687242798
"X1968",196.7,2.81927710843373
"X1969",196.8,2.72131147540984
"X1970",196.9,2.77290836653386
"X1971",197,2.83127572016461
"X1972",197.1,2.64
"X1973",197.2,2.84552845528455
"X1974",197.3,2.72881355932203
"X1975",197.4,2.68292682926829
"X1976",197.5,2.92916666666667
"X1977",197.6,2.78600823045267
"X1978",197.7,2.92916666666667
"X1979",197.8,2.75502008032129
"X1980",197.9,2.75744680851064
"X1981",198,2.88372093023256
"X1982",198.1,2.85425101214575
"X1983",198.2,2.728
"X1984",198.3,2.74476987447699
"X1985",198.4,2.95238095238095
"X1986",198.5,2.88446215139442
"X1987",198.6,2.8452380952381
"X1988",198.7,3.03529411764706
"X1989",198.8,3.10756972111554
"X1990",198.9,2.91764705882353
"X1991",199,3.03571428571429
"X1992",199.1,2.964
"X1993",199.2,2.72690763052209
"X1994",199.3,2.82157676348548
"X1995",199.4,2.6844262295082
"X1996",199.5,2.68825910931174
"X1997",199.6,3.01167315175097
"X1998",199.7,2.86454183266932
"X1999",199.8,2.64705882352941
"X2000",199.9,3.01185770750988
"X2001",200,3.308
"X2002",200.1,3.30434782608696
"X2003",200.2,3.50396825396825
"X2004",200.3,3.30522088353414
"X2005",200.4,3.51807228915663
"X2006",200.5,3.38888888888889
"X2007",200.6,3.61354581673307
"X2008",200.7,3.5643153526971
"X2009",200.8,3.4410480349345
"X2010",200.9,3.69651741293532
