"","depth_mm","K"
"X30",2.9,11.6536796536797
"X31",3,10.5042016806723
"X32",3.1,9.75
"X33",3.2,8.70588235294118
"X34",3.3,8.53386454183267
"X35",3.4,8.54901960784314
"X36",3.5,8.97254901960784
"X37",3.6,8.65625
"X38",3.7,8.33984375
"X39",3.8,8.35384615384615
"X40",3.9,8.95366795366795
"X41",4,8.3574144486692
"X42",4.1,9.31851851851852
"X43",4.2,9.0037037037037
"X44",4.3,8.82222222222222
"X45",4.4,8.07407407407407
"X46",4.5,8.05185185185185
"X47",4.6,8.24814814814815
"X48",4.7,7.81111111111111
"X49",4.8,8.05204460966543
"X50",4.9,8.04832713754647
"X51",5,8.61338289962825
"X52",5.1,8.21641791044776
"X53",5.2,9.63197026022305
"X54",5.3,10.0481481481481
"X55",5.4,10.6481481481481
"X56",5.5,10.9037037037037
"X57",5.6,11.3592592592593
"X58",5.7,11.9111111111111
"X59",5.8,11.4703703703704
"X60",5.9,11.8550185873606
"X61",6,12.2222222222222
"X62",6.1,11.9250936329588
"X63",6.2,11.4037037037037
"X64",6.3,11.7592592592593
"X65",6.4,10.9296296296296
"X66",6.5,10.1851851851852
"X67",6.6,10.5222222222222
"X68",6.7,10.762962962963
"X69",6.8,11.3925925925926
"X70",6.9,11.9962962962963
"X71",7,12.8921933085502
"X72",7.1,12.937037037037
"X73",7.2,13.6222222222222
"X74",7.3,13.3740740740741
"X75",7.4,13.3074074074074
"X76",7.5,13.9814126394052
"X77",7.6,13.5222222222222
"X78",7.7,11.0481481481481
"X79",7.8,10.6777777777778
"X80",7.9,11.2333333333333
"X81",8,11.2835820895522
"X82",8.1,13.2777777777778
"X83",8.2,12.7925925925926
"X84",8.3,12.2407407407407
"X85",8.4,12.1962962962963
"X86",8.5,12.737037037037
"X87",8.6,12.4
"X88",8.7,11.3851851851852
"X89",8.8,10.3518518518519
"X90",8.9,10.1333333333333
"X91",9,9.07777777777778
"X92",9.1,9.44444444444444
"X93",9.2,9.46296296296296
"X94",9.3,9.6037037037037
"X95",9.4,9.5
"X96",9.5,9.77407407407407
"X97",9.6,9.23333333333333
"X98",9.7,9.40740740740741
"X99",9.8,9.72222222222222
"X100",9.9,10.0814814814815
"X101",10,10.0148148148148
"X102",10.1,10.7518518518519
"X103",10.2,10.6444444444444
"X104",10.3,10.5851851851852
"X105",10.4,10.5777777777778
"X106",10.5,10.262962962963
"X107",10.6,9.97777777777778
"X108",10.7,10.0481481481481
"X109",10.8,9.61851851851852
"X110",10.9,9.69259259259259
"X111",11,9.45185185185185
"X112",11.1,9.33703703703704
"X113",11.2,9.14444444444444
"X114",11.3,9.45185185185185
"X115",11.4,9.54444444444444
"X116",11.5,9.36296296296296
"X117",11.6,9.89259259259259
"X118",11.7,9.64814814814815
"X119",11.8,10.4074074074074
"X120",11.9,11
"X121",12,10.8074074074074
"X122",12.1,11.4666666666667
"X123",12.2,11.5777777777778
"X124",12.3,13.2111111111111
"X125",12.4,13.5777777777778
"X126",12.5,13.0444444444444
"X127",12.6,14.1259259259259
"X128",12.7,16.537037037037
"X129",12.8,17.7472118959108
"X130",12.9,18.3568773234201
"X131",13,15.1729323308271
"X132",13.1,12.9887218045113
"X133",13.2,10.2713178294574
"X134",13.3,9.08239700374532
"X135",13.4,8.28518518518518
"X136",13.5,7.97014925373134
"X137",13.6,7.58518518518519
"X138",13.7,7.3037037037037
"X139",13.8,7.27985074626866
"X140",13.9,7.20740740740741
"X141",14,7.08148148148148
"X142",14.1,7.44074074074074
"X143",14.2,7.27137546468401
"X144",14.3,7.08518518518519
"X145",14.4,7.47777777777778
"X146",14.5,7.30740740740741
"X147",14.6,7.42962962962963
"X148",14.7,6.78518518518518
"X149",14.8,7.28358208955224
"X150",14.9,7.11111111111111
"X151",15,6.88148148148148
"X152",15.1,7.17777777777778
"X153",15.2,7.41111111111111
"X154",15.3,7.26765799256506
"X155",15.4,6.96282527881041
"X156",15.5,7.72962962962963
"X157",15.6,7.39776951672862
"X158",15.7,7.2
"X159",15.8,7.00740740740741
"X160",15.9,7.55925925925926
"X161",16,7.14814814814815
"X162",16.1,7.11851851851852
"X163",16.2,7.20740740740741
"X164",16.3,6.92565055762082
"X165",16.4,7.41481481481481
"X166",16.5,7.33703703703704
"X167",16.6,7.70149253731343
"X168",16.7,7.37407407407407
"X169",16.8,7.67407407407407
"X170",16.9,7.65555555555556
"X171",17,8.14869888475836
"X172",17.1,8.49442379182156
"X173",17.2,8.45555555555556
"X174",17.3,8.80740740740741
"X175",17.4,9.06296296296296
"X176",17.5,8.28148148148148
"X177",17.6,8.24074074074074
"X178",17.7,8.6037037037037
"X179",17.8,8.17407407407407
"X180",17.9,8.62592592592593
"X181",18,8.35555555555556
"X182",18.1,8.33703703703704
"X183",18.2,9.12222222222222
"X184",18.3,9.97407407407407
"X185",18.4,8.54444444444444
"X186",18.5,8.21933085501859
"X187",18.6,8.33703703703704
"X188",18.7,8.46296296296296
"X189",18.8,8.50740740740741
"X190",18.9,8.44814814814815
"X191",19,8.51851851851852
"X192",19.1,8.45185185185185
"X193",19.2,8.13754646840149
"X194",19.3,7.69516728624535
"X195",19.4,7.86666666666667
"X196",19.5,7.71375464684015
"X197",19.6,8.05185185185185
"X198",19.7,7.64444444444444
"X199",19.8,7.37407407407407
"X200",19.9,7.85185185185185
"X201",20,7.8037037037037
"X202",20.1,7.65185185185185
"X203",20.2,7.56296296296296
"X204",20.3,7.45185185185185
"X205",20.4,7.08888888888889
"X206",20.5,7.42222222222222
"X207",20.6,7.87407407407407
"X208",20.7,7.68148148148148
"X209",20.8,7.70260223048327
"X210",20.9,7.95555555555556
"X211",21,7.85925925925926
"X212",21.1,8.06296296296296
"X213",21.2,8.15185185185185
"X214",21.3,8.86666666666667
"X215",21.4,8.32962962962963
"X216",21.5,7.79259259259259
"X217",21.6,8.27037037037037
"X218",21.7,8.07407407407407
"X219",21.8,7.96282527881041
"X220",21.9,7.99259259259259
"X221",22,7.6962962962963
"X222",22.1,7.37777777777778
"X223",22.2,7.52592592592593
"X224",22.3,7.84386617100372
"X225",22.4,7.75925925925926
"X226",22.5,7.52044609665428
"X227",22.6,7.1962962962963
"X228",22.7,7.43703703703704
"X229",22.8,7.44074074074074
"X230",22.9,8.0817843866171
"X231",23,7.16666666666667
"X232",23.1,7.57992565055762
"X233",23.2,7.56133828996283
"X234",23.3,7.44776119402985
"X235",23.4,7.58518518518519
"X236",23.5,7.81851851851852
"X237",23.6,7.76296296296296
"X238",23.7,7.3962962962963
"X239",23.8,7.4962962962963
"X240",23.9,7.59259259259259
"X241",24,7.4037037037037
"X242",24.1,7.35555555555556
"X243",24.2,7.37777777777778
"X244",24.3,7.13333333333333
"X245",24.4,6.78066914498141
"X246",24.5,7.37777777777778
"X247",24.6,7.64074074074074
"X248",24.7,7.35555555555556
"X249",24.8,6.91851851851852
"X250",24.9,7.51301115241636
"X251",25,7.2639405204461
"X252",25.1,7.35555555555556
"X253",25.2,8.14074074074074
"X254",25.3,8.21851851851852
"X255",25.4,8.22962962962963
"X256",25.5,8.42592592592593
"X257",25.6,7.75925925925926
"X258",25.7,7.54275092936803
"X259",25.8,7.67657992565056
"X260",25.9,7.6
"X261",26,7.31481481481481
"X262",26.1,7.08518518518519
"X263",26.2,7.24074074074074
"X264",26.3,7.38289962825279
"X265",26.4,7.34074074074074
"X266",26.5,6.99253731343284
"X267",26.6,6.77695167286245
"X268",26.7,6.84444444444444
"X269",26.8,6.84269662921348
"X270",26.9,7.01111111111111
"X271",27,6.88059701492537
"X272",27.1,7.00743494423792
"X273",27.2,6.73977695167286
"X274",27.3,6.7
"X275",27.4,6.60223048327138
"X276",27.5,6.76404494382022
"X277",27.6,6.58736059479554
"X278",27.7,6.84074074074074
"X279",27.8,6.74349442379182
"X280",27.9,7.27881040892193
"X281",28,6.78518518518518
"X282",28.1,6.90740740740741
"X283",28.2,6.94423791821561
"X284",28.3,6.87407407407407
"X285",28.4,6.91111111111111
"X286",28.5,6.94444444444444
"X287",28.6,6.98888888888889
"X288",28.7,6.88148148148148
"X289",28.8,7.09293680297398
"X290",28.9,7.37918215613383
"X291",29,7.06691449814126
"X292",29.1,7.26666666666667
"X293",29.2,7.83271375464684
"X294",29.3,9.09328358208955
"X295",29.4,9.69259259259259
"X296",29.5,9.26296296296296
"X297",29.6,10.3703703703704
"X298",29.7,12.3880597014925
"X299",29.8,12.0520446096654
"X300",29.9,10.1015037593985
"X301",30,9.18148148148148
"X302",30.1,8.44981412639405
"X303",30.2,8.33703703703704
"X304",30.3,7.99628252788104
"X305",30.4,8.75925925925926
"X306",30.5,8.64074074074074
"X307",30.6,8.48880597014925
"X308",30.7,8.68888888888889
"X309",30.8,8.33703703703704
"X310",30.9,8.39776951672862
"X311",31,8.10740740740741
"X312",31.1,8.20074349442379
"X313",31.2,8.70631970260223
"X314",31.3,8.70740740740741
"X315",31.4,8.28624535315985
"X316",31.5,8.33333333333333
"X317",31.6,8.75555555555556
"X318",31.7,9.33582089552239
"X319",31.8,8.79553903345725
"X320",31.9,8.94074074074074
"X321",32,8.77777777777778
"X322",32.1,8.31970260223048
"X323",32.2,8.8962962962963
"X324",32.3,8.75836431226766
"X325",32.4,8.4
"X326",32.5,8.64684014869889
"X327",32.6,8.25925925925926
"X328",32.7,8.33457249070632
"X329",32.8,7.83333333333333
"X330",32.9,8.64444444444444
"X331",33,8.18148148148148
"X332",33.1,8.21111111111111
"X333",33.2,8.35555555555556
"X334",33.3,8.21111111111111
"X335",33.4,8.14444444444444
"X336",33.5,8.2
"X337",33.6,7.9589552238806
"X338",33.7,7.73977695167286
"X339",33.8,7.9037037037037
"X340",33.9,7.6962962962963
"X341",34,7.6962962962963
"X342",34.1,8.03333333333333
"X343",34.2,8.1962962962963
"X344",34.3,7.49259259259259
"X345",34.4,7.77777777777778
"X346",34.5,7.96666666666667
"X347",34.6,8.33955223880597
"X348",34.7,8.98148148148148
"X349",34.8,8.24907063197026
"X350",34.9,8.35555555555556
"X351",35,8.95925925925926
"X352",35.1,9.65555555555556
"X353",35.2,9.54444444444444
"X354",35.3,10.0814814814815
"X355",35.4,9.27777777777778
"X356",35.5,8.41791044776119
"X357",35.6,8.98501872659176
"X358",35.7,8.62453531598513
"X359",35.8,8.38148148148148
"X360",35.9,8.4962962962963
"X361",36,7.97037037037037
"X362",36.1,7.55555555555556
"X363",36.2,7.87407407407407
"X364",36.3,7.41481481481481
"X365",36.4,7.56877323420074
"X366",36.5,7.75185185185185
"X367",36.6,7.95555555555556
"X368",36.7,7.55925925925926
"X369",36.8,7.44609665427509
"X370",36.9,6.97777777777778
"X371",37,7.26765799256506
"X372",37.1,7.64074074074074
"X373",37.2,7.48148148148148
"X374",37.3,7.65185185185185
"X375",37.4,8.26022304832714
"X376",37.5,8.17843866171004
"X377",37.6,7.46096654275093
"X378",37.7,7.72222222222222
"X379",37.8,8.45925925925926
"X380",37.9,8.88104089219331
"X381",38,9.21481481481482
"X382",38.1,9.44609665427509
"X383",38.2,9.99259259259259
"X384",38.3,9.96666666666667
"X385",38.4,10.1
"X386",38.5,9.86296296296296
"X387",38.6,9.29259259259259
"X388",38.7,9.34444444444444
"X389",38.8,9.21481481481482
"X390",38.9,9.08148148148148
"X391",39,9.4037037037037
"X392",39.1,9.48518518518519
"X393",39.2,9.35925925925926
"X394",39.3,9.88148148148148
"X395",39.4,9.78518518518518
"X396",39.5,10.1
"X397",39.6,10.6
"X398",39.7,10.0925925925926
"X399",39.8,10.237037037037
"X400",39.9,11.5037037037037
"X401",40,10.6592592592593
"X402",40.1,10.3666666666667
"X403",40.2,10.8296296296296
"X404",40.3,10.6740740740741
"X405",40.4,10.9222222222222
"X406",40.5,10.6666666666667
"X407",40.6,11.2185185185185
"X408",40.7,11.0703703703704
"X409",40.8,11.5814814814815
"X410",40.9,11.437037037037
"X411",41,11.4222222222222
"X412",41.1,10.6962962962963
"X413",41.2,10.537037037037
"X414",41.3,10.0851851851852
"X415",41.4,9.48148148148148
"X416",41.5,9.18518518518519
"X417",41.6,9.2
"X418",41.7,8.77695167286245
"X419",41.8,8.29259259259259
"X420",41.9,8.58888888888889
"X421",42,8.02973977695167
"X422",42.1,7.82156133828996
"X423",42.2,8.24163568773234
"X424",42.3,7.9
"X425",42.4,8.01111111111111
"X426",42.5,8.04089219330855
"X427",42.6,7.66296296296296
"X428",42.7,7.51851851851852
"X429",42.8,7.71851851851852
"X430",42.9,7.73977695167286
"X431",43,7.62313432835821
"X432",43.1,7.61851851851852
"X433",43.2,7.31481481481481
"X434",43.3,7.38888888888889
"X435",43.4,7.21851851851852
"X436",43.5,7.44814814814815
"X437",43.6,7.61481481481481
"X438",43.7,7.77037037037037
"X439",43.8,8.26296296296296
"X440",43.9,8.4
"X441",44,7.57777777777778
"X442",44.1,7.9037037037037
"X443",44.2,8.05223880597015
"X444",44.3,8.41481481481481
"X445",44.4,8.31111111111111
"X446",44.5,8.37407407407407
"X447",44.6,9.2453531598513
"X448",44.7,9.63703703703704
"X449",44.8,9.41111111111111
"X450",44.9,9.14074074074074
"X451",45,8.61338289962825
"X452",45.1,8.75185185185185
"X453",45.2,9.04832713754647
"X454",45.3,9.24074074074074
"X455",45.4,9.75555555555556
"X456",45.5,11.7703703703704
"X457",45.6,12.5296296296296
"X458",45.7,12.0777777777778
"X459",45.8,11.5740740740741
"X460",45.9,10.8666666666667
"X461",46,10.6096654275093
"X462",46.1,11.3962962962963
"X463",46.2,10.5037037037037
"X464",46.3,10.437037037037
"X465",46.4,11.437037037037
"X466",46.5,15.5888888888889
"X467",46.6,17.4407407407407
"X468",46.7,16.5622641509434
"X469",46.8,17.3759398496241
"X470",46.9,16.4015151515152
"X471",47,16.422641509434
"X472",47.1,15.4646840148699
"X473",47.2,13.2444444444444
"X474",47.3,12.1152416356877
"X475",47.4,12.2148148148148
"X476",47.5,12.2238805970149
"X477",47.6,12.3122676579926
"X478",47.7,11.8847583643123
"X479",47.8,11.4185185185185
"X480",47.9,11.9851301115242
"X481",48,10.437037037037
"X482",48.1,11.2333333333333
"X483",48.2,11.5407407407407
"X484",48.3,11.7777777777778
"X485",48.4,12.262962962963
"X486",48.5,11.6851851851852
"X487",48.6,12.3074074074074
"X488",48.7,12.7222222222222
"X489",48.8,12.3222222222222
"X490",48.9,13.4407407407407
"X491",49,13.2296296296296
"X492",49.1,13.4592592592593
"X493",49.2,13.8555555555556
"X494",49.3,13.7888888888889
"X495",49.4,13.2407407407407
"X496",49.5,12.9333333333333
"X497",49.6,14.062962962963
"X498",49.7,13.6505576208178
"X499",49.8,13.3222222222222
"X500",49.9,13.7222222222222
"X501",50,12.962962962963
"X502",50.1,11.9851851851852
"X503",50.2,11.3259259259259
"X504",50.3,10.6691449814126
"X505",50.4,10.8962962962963
"X506",50.5,11.137037037037
"X507",50.6,10.5814814814815
"X508",50.7,10.8587360594796
"X509",50.8,10.2416356877323
"X510",50.9,9.95555555555556
"X511",51,8.71481481481482
"X512",51.1,8.69259259259259
"X513",51.2,8.39259259259259
"X514",51.3,8.70740740740741
"X515",51.4,9.30483271375465
"X516",51.5,8.07063197026022
"X517",51.6,8.60594795539033
"X518",51.7,7.80669144981413
"X519",51.8,8.27777777777778
"X520",51.9,8.55925925925926
"X521",52,8.11481481481482
"X522",52.1,8.08888888888889
"X523",52.2,8.02592592592593
"X524",52.3,8.47955390334572
"X525",52.4,8.15298507462687
"X526",52.5,8.18148148148148
"X527",52.6,7.52962962962963
"X528",52.7,7.67777777777778
"X529",52.8,7.97769516728625
"X530",52.9,8.05223880597015
"X531",53,7.62962962962963
"X532",53.1,7.75185185185185
"X533",53.2,7.43703703703704
"X534",53.3,7.35185185185185
"X535",53.4,7.50740740740741
"X536",53.5,7.16296296296296
"X537",53.6,7.07407407407407
"X538",53.7,7.16728624535316
"X539",53.8,7.38148148148148
"X540",53.9,7.33703703703704
"X541",54,7.19702602230483
"X542",54.1,7.35687732342007
"X543",54.2,7.21481481481482
"X544",54.3,7.25185185185185
"X545",54.4,7.25925925925926
"X546",54.5,7.33333333333333
"X547",54.6,6.94074074074074
"X548",54.7,7.13754646840149
"X549",54.8,6.93703703703704
"X550",54.9,7.11111111111111
"X551",55,7.24814814814815
"X552",55.1,7.4
"X553",55.2,7.54074074074074
"X554",55.3,7.63703703703704
"X555",55.4,7.65555555555556
"X556",55.5,7.63703703703704
"X557",55.6,7.99628252788104
"X558",55.7,7.65185185185185
"X559",55.8,7.22962962962963
"X560",55.9,7.01851851851852
"X561",56,7.32222222222222
"X562",56.1,8.29259259259259
"X563",56.2,8.65925925925926
"X564",56.3,8.25925925925926
"X565",56.4,9.04074074074074
"X566",56.5,12.0962962962963
"X567",56.6,11.9925925925926
"X568",56.7,11.0814814814815
"X569",56.8,10.4259259259259
"X570",56.9,10.5092936802974
"X571",57,10.0148148148148
"X572",57.1,10.4740740740741
"X573",57.2,10.9296296296296
"X574",57.3,11.2185185185185
"X575",57.4,10.5259259259259
"X576",57.5,10.2703703703704
"X577",57.6,10.4666666666667
"X578",57.7,8.9037037037037
"X579",57.8,8.27777777777778
"X580",57.9,8.49814126394052
"X581",58,8.05925925925926
"X582",58.1,8.21851851851852
"X583",58.2,8.39259259259259
"X584",58.3,8.26765799256506
"X585",58.4,9.17777777777778
"X586",58.5,9.03717472118959
"X587",58.6,8.53333333333333
"X588",58.7,8.12222222222222
"X589",58.8,7.78148148148148
"X590",58.9,7.83703703703704
"X591",59,7.87407407407407
"X592",59.1,7.80740740740741
"X593",59.2,7.95539033457249
"X594",59.3,8.10740740740741
"X595",59.4,8.49259259259259
"X596",59.5,8.49259259259259
"X597",59.6,8.28518518518518
"X598",59.7,8.16666666666667
"X599",59.8,8.14074074074074
"X600",59.9,8.01111111111111
"X601",60,7.7360594795539
"X602",60.1,7.47777777777778
"X603",60.2,7.78148148148148
"X604",60.3,7.34814814814815
"X605",60.4,7.6
"X606",60.5,8.15925925925926
"X607",60.6,8.13011152416357
"X608",60.7,8.01851851851852
"X609",60.8,7.58888888888889
"X610",60.9,7.98148148148148
"X611",61,7.6
"X612",61.1,7.64074074074074
"X613",61.2,7.5
"X614",61.3,7.16666666666667
"X615",61.4,7.34944237918216
"X616",61.5,6.89591078066915
"X617",61.6,6.84814814814815
"X618",61.7,6.82222222222222
"X619",61.8,6.7
"X620",61.9,6.63703703703704
"X621",62,6.4962962962963
"X622",62.1,6.65555555555556
"X623",62.2,6.64814814814815
"X624",62.3,6.28624535315985
"X625",62.4,6.34444444444444
"X626",62.5,6.80297397769517
"X627",62.6,6.34444444444444
"X628",62.7,6.66666666666667
"X629",62.8,6.57777777777778
"X630",62.9,6.85555555555556
"X631",63,6.4907063197026
"X632",63.1,6.87686567164179
"X633",63.2,6.75555555555556
"X634",63.3,7.14074074074074
"X635",63.4,7.16666666666667
"X636",63.5,7.20446096654275
"X637",63.6,7.15555555555556
"X638",63.7,6.93703703703704
"X639",63.8,7.33703703703704
"X640",63.9,7.48888888888889
"X641",64,7.26296296296296
"X642",64.1,7.16666666666667
"X643",64.2,7.3962962962963
"X644",64.3,7.58518518518519
"X645",64.4,7.7
"X646",64.5,7.4
"X647",64.6,7.84074074074074
"X648",64.7,7.74074074074074
"X649",64.8,7.76951672862454
"X650",64.9,8.13703703703704
"X651",65,8.09665427509294
"X652",65.1,8.6037037037037
"X653",65.2,9.07407407407407
"X654",65.3,8.56296296296296
"X655",65.4,8.31481481481481
"X656",65.5,8.54444444444444
"X657",65.6,8.66666666666667
"X658",65.7,8.85925925925926
"X659",65.8,8.44074074074074
"X660",65.9,9.67407407407407
"X661",66,10.3074074074074
"X662",66.1,9.41111111111111
"X663",66.2,9.3
"X664",66.3,8.51851851851852
"X665",66.4,8.45555555555556
"X666",66.5,9.21851851851852
"X667",66.6,9.05555555555556
"X668",66.7,9.16296296296296
"X669",66.8,8.72659176029963
"X670",66.9,8.9
"X671",67,8.20446096654275
"X672",67.1,8.4962962962963
"X673",67.2,9.12962962962963
"X674",67.3,8.6962962962963
"X675",67.4,7.4
"X676",67.5,7.31111111111111
"X677",67.6,7.53333333333333
"X678",67.7,7.41263940520446
"X679",67.8,7.63940520446097
"X680",67.9,7.83703703703704
"X681",68,7.54814814814815
"X682",68.1,7.85820895522388
"X683",68.2,8.01115241635688
"X684",68.3,8.38148148148148
"X685",68.4,8.28518518518518
"X686",68.5,8.21851851851852
"X687",68.6,8.3271375464684
"X688",68.7,7.90740740740741
"X689",68.8,7.88888888888889
"X690",68.9,8.11481481481482
"X691",69,8.17777777777778
"X692",69.1,7.93333333333333
"X693",69.2,8.0037037037037
"X694",69.3,7.77777777777778
"X695",69.4,7.65925925925926
"X696",69.5,7.62962962962963
"X697",69.6,7.54444444444444
"X698",69.7,7.92936802973978
"X699",69.8,8.13011152416357
"X700",69.9,8.18518518518519
"X701",70,8.38148148148148
"X702",70.1,8.7037037037037
"X703",70.2,8.87037037037037
"X704",70.3,8.75092936802974
"X705",70.4,9.22592592592593
"X706",70.5,8.88518518518518
"X707",70.6,8.85925925925926
"X708",70.7,9.05576208178439
"X709",70.8,9.4
"X710",70.9,9.26666666666667
"X711",71,8.7037037037037
"X712",71.1,9.04814814814815
"X713",71.2,9.45555555555556
"X714",71.3,9.51672862453532
"X715",71.4,9.7037037037037
"X716",71.5,9.92565055762082
"X717",71.6,10.2676579925651
"X718",71.7,9.93333333333333
"X719",71.8,10.5539033457249
"X720",71.9,11.1555555555556
"X721",72,10.8111111111111
"X722",72.1,11.262962962963
"X723",72.2,10.817843866171
"X724",72.3,11
"X725",72.4,10.6988847583643
"X726",72.5,9.93703703703704
"X727",72.6,10.0111524163569
"X728",72.7,10.0481481481481
"X729",72.8,10.3925925925926
"X730",72.9,10.0296296296296
"X731",73,9.87732342007435
"X732",73.1,10.0187265917603
"X733",73.2,9.88475836431227
"X734",73.3,9.22592592592593
"X735",73.4,9.45185185185185
"X736",73.5,9
"X737",73.6,9.07777777777778
"X738",73.7,8.95539033457249
"X739",73.8,9.17407407407407
"X740",73.9,9.07407407407407
"X741",74,9.18148148148148
"X742",74.1,8.81481481481481
"X743",74.2,9.47211895910781
"X744",74.3,9.38661710037175
"X745",74.4,8.55018587360595
"X746",74.5,8.48698884758364
"X747",74.6,8.6
"X748",74.7,8.71481481481482
"X749",74.8,8.85555555555556
"X750",74.9,9.54074074074074
"X751",75,9.23048327137546
"X752",75.1,8.8037037037037
"X753",75.2,9.78438661710037
"X754",75.3,10.1111111111111
"X755",75.4,9.32462686567164
"X756",75.5,9.33955223880597
"X757",75.6,9.35074626865672
"X758",75.7,9.19259259259259
"X759",75.8,9.99259259259259
"X760",75.9,9.65185185185185
"X761",76,10.0223048327138
"X762",76.1,9.87313432835821
"X763",76.2,9.92565055762082
"X764",76.3,9.57620817843866
"X765",76.4,9.69662921348315
"X766",76.5,9.72388059701493
"X767",76.6,8.65185185185185
"X768",76.7,8.82222222222222
"X769",76.8,7.93703703703704
"X770",76.9,8.28518518518518
"X771",77,7.78148148148148
"X772",77.1,7.38518518518519
"X773",77.2,7.5037037037037
"X774",77.3,7.42222222222222
"X775",77.4,7.83333333333333
"X776",77.5,7.93703703703704
"X777",77.6,8.6
"X778",77.7,7.97407407407407
"X779",77.8,8.18148148148148
"X780",77.9,8.18148148148148
"X781",78,7.78148148148148
"X782",78.1,7.68888888888889
"X783",78.2,7.68148148148148
"X784",78.3,7.61481481481481
"X785",78.4,7.64074074074074
"X786",78.5,7.85555555555556
"X787",78.6,7.68148148148148
"X788",78.7,7.94074074074074
"X789",78.8,7.61851851851852
"X790",78.9,7.23420074349442
"X791",79,6.83333333333333
"X792",79.1,7.54444444444444
"X793",79.2,6.97407407407407
"X794",79.3,7.43445692883895
"X795",79.4,7.51851851851852
"X796",79.5,7.83955223880597
"X797",79.6,7.92962962962963
"X798",79.7,7.80740740740741
"X799",79.8,8.26296296296296
"X800",79.9,9.36666666666667
"X801",80,8.97407407407407
"X802",80.1,9.04074074074074
"X803",80.2,8.31851851851852
"X804",80.3,7.46468401486989
"X805",80.4,7.62825278810409
"X806",80.5,7.23420074349442
"X807",80.6,7.63333333333333
"X808",80.7,8.44074074074074
"X809",80.8,7.78518518518518
"X810",80.9,7.36296296296296
"X811",81,6.97407407407407
"X812",81.1,7.43122676579926
"X813",81.2,7.54444444444444
"X814",81.3,7.75836431226766
"X815",81.4,7.11111111111111
"X816",81.5,7.06666666666667
"X817",81.6,7.05204460966543
"X818",81.7,7.08888888888889
"X819",81.8,7.92222222222222
"X820",81.9,8.56505576208178
"X821",82,7.46641791044776
"X822",82.1,6.84074074074074
"X823",82.2,7
"X824",82.3,7.00371747211896
"X825",82.4,7.36296296296296
"X826",82.5,6.88888888888889
"X827",82.6,7.44609665427509
"X828",82.7,7.78518518518518
"X829",82.8,7.5910780669145
"X830",82.9,7.7360594795539
"X831",83,7.38148148148148
"X832",83.1,7.87777777777778
"X833",83.2,8.33333333333333
"X834",83.3,9.27509293680297
"X835",83.4,9.16296296296296
"X836",83.5,8.74814814814815
"X837",83.6,9.41263940520446
"X838",83.7,9.44609665427509
"X839",83.8,9.68888888888889
"X840",83.9,10.1524163568773
"X841",84,10
"X842",84.1,10.1296296296296
"X843",84.2,10.8333333333333
"X844",84.3,11.1598513011152
"X845",84.4,11
"X846",84.5,9.96296296296296
"X847",84.6,11.7037037037037
"X848",84.7,12.4814814814815
"X849",84.8,13.5
"X850",84.9,13.6666666666667
"X851",85,12.6637168141593
"X852",85.1,12.1461187214612
"X853",85.2,12.9082568807339
"X854",85.3,13.7284482758621
"X855",85.4,13.724
"X856",85.5,12.4382470119522
"X857",85.6,12.7142857142857
"X858",85.7,12.6111111111111
"X859",85.8,12.8765957446809
"X860",85.9,12.4581497797357
"X861",86,12.6965811965812
"X862",86.1,14.2757201646091
"X863",86.2,13.7662337662338
"X864",86.3,11.1720930232558
"X865",86.4,11.2863436123348
"X866",86.5,10.6774193548387
"X867",86.6,11.2519083969466
"X868",86.7,10.2014925373134
"X869",86.8,8.64905660377359
"X870",86.9,8.18532818532818
"X871",87,7.88759689922481
"X872",87.1,8.63157894736842
"X873",87.2,8.66542750929368
"X874",87.3,7.98888888888889
"X875",87.4,7.71851851851852
"X876",87.5,7.80669144981413
"X877",87.6,7.65555555555556
"X878",87.7,7.25
"X879",87.8,6.77655677655678
"X880",87.9,6.93795620437956
"X881",88,7.30434782608696
"X882",88.1,7.18840579710145
"X883",88.2,7.18996415770609
"X884",88.3,6.94223826714801
"X885",88.4,7.22775800711744
"X886",88.5,7.02836879432624
"X887",88.6,7.46289752650177
"X888",88.7,7.22456140350877
"X889",88.8,7.13588850174216
"X890",88.9,7.47735191637631
"X891",89,6.93793103448276
"X892",89.1,7.02749140893471
"X893",89.2,6.99658703071672
"X894",89.3,7.26027397260274
"X895",89.4,6.74237288135593
"X896",89.5,7.31418918918919
"X897",89.6,7.32996632996633
"X898",89.7,7.10033444816054
"X899",89.8,7.44333333333333
"X900",89.9,7.54485049833887
"X901",90,7.60197368421053
"X902",90.1,7.63576158940397
"X903",90.2,7.93137254901961
"X904",90.3,7.42857142857143
"X905",90.4,7.58766233766234
"X906",90.5,7.33118971061093
"X907",90.6,7.56730769230769
"X908",90.7,7.22292993630573
"X909",90.8,7.98089171974522
"X910",90.9,7.80696202531646
"X911",91,7.82389937106918
"X912",91.1,8.00313479623824
"X913",91.2,7.659375
"X914",91.3,7.78260869565217
"X915",91.4,7.77089783281734
"X916",91.5,7.91975308641975
"X917",91.6,7.62269938650307
"X918",91.7,7.78834355828221
"X919",91.8,7.38719512195122
"X920",91.9,7.5030303030303
"X921",92,7.73111782477341
"X922",92.1,7.36336336336336
"X923",92.2,7.23652694610778
"X924",92.3,7.21621621621622
"X925",92.4,7.15178571428571
"X926",92.5,7.64391691394659
"X927",92.6,8.1858407079646
"X928",92.7,7.33724340175953
"X929",92.8,6.69883040935673
"X930",92.9,6.84883720930233
"X931",93,7.15942028985507
"X932",93.1,6.92219020172911
"X933",93.2,6.9193083573487
"X934",93.3,7.1432664756447
"X935",93.4,6.8
"X936",93.5,6.92045454545455
"X937",93.6,7.14971751412429
"X938",93.7,6.86118980169972
"X939",93.8,6.55056179775281
"X940",93.9,6.72625698324022
"X941",94,6.87465181058496
"X942",94.1,6.8857938718663
"X943",94.2,7.07756232686981
"X944",94.3,7.01928374655647
"X945",94.4,7.08767123287671
"X946",94.5,7.28296703296703
"X947",94.6,7.47411444141689
"X948",94.7,7.93715846994535
"X949",94.8,7.93513513513513
"X950",94.9,8.22102425876011
"X951",95,7.85522788203753
"X952",95.1,8.52941176470588
"X953",95.2,8.88297872340426
"X954",95.3,8.70212765957447
"X955",95.4,8.97089947089947
"X956",95.5,8.51315789473684
"X957",95.6,9.0712401055409
"X958",95.7,8.69109947643979
"X959",95.8,8.97135416666667
"X960",95.9,9.68571428571429
"X961",96,10.3558441558442
"X962",96.1,11.1266149870801
"X963",96.2,10.1439588688946
"X964",96.3,9.04092071611253
"X965",96.4,8.31457800511509
"X966",96.5,8.54198473282443
"X967",96.6,9.0253807106599
"X968",96.7,7.74168797953964
"X969",96.8,7.60814249363868
"X970",96.9,7.17302798982188
"X971",97,7.03826530612245
"X972",97.1,7.05089058524173
"X973",97.2,7.19543147208122
"X974",97.3,7.25445292620865
"X975",97.4,6.91603053435114
"X976",97.5,6.92131979695431
"X977",97.6,6.87817258883249
"X978",97.7,6.92929292929293
"X979",97.8,7.24494949494949
"X980",97.9,7.52791878172589
"X981",98,6.77918781725888
"X982",98.1,6.71969696969697
"X983",98.2,6.86582278481013
"X984",98.3,6.83502538071066
"X985",98.4,6.98232323232323
"X986",98.5,6.91645569620253
"X987",98.6,7.12755102040816
"X988",98.7,6.90862944162437
"X989",98.8,7.05569620253165
"X990",98.9,6.88860759493671
"X991",99,6.8992443324937
"X992",99.1,7.11645569620253
"X993",99.2,6.79596977329975
"X994",99.3,6.88101265822785
"X995",99.4,7.22670025188917
"X996",99.5,7.23096446700508
"X997",99.6,7.14861460957179
"X998",99.7,6.86180904522613
"X999",99.8,6.87437185929648
"X1000",99.9,7.11306532663317
"X1001",100,6.81565656565657
"X1002",100.1,6.95465994962217
"X1003",100.2,6.96231155778894
"X1004",100.3,7.03768844221106
"X1005",100.4,7.24050632911392
"X1006",100.5,7.1183879093199
"X1007",100.6,7.01002506265664
"X1008",100.7,7.06532663316583
"X1009",100.8,7.04260651629073
"X1010",100.9,7.15789473684211
"X1011",101,6.9275
"X1012",101.1,6.82914572864322
"X1013",101.2,7.14285714285714
"X1014",101.3,7.07231920199501
"X1015",101.4,6.96491228070175
"X1016",101.5,6.8675
"X1017",101.6,6.88972431077694
"X1018",101.7,6.9675
"X1019",101.8,6.96
"X1020",101.9,7.34825870646766
"X1021",102,6.92768079800499
"X1022",102.1,6.81
"X1023",102.2,6.85111662531017
"X1024",102.3,7.24189526184539
"X1025",102.4,7.37562189054726
"X1026",102.5,7.41542288557214
"X1027",102.6,7.53980099502488
"X1028",102.7,7.31265508684864
"X1029",102.8,7.75621890547264
"X1030",102.9,8.47524752475248
"X1031",103,8.16831683168317
"X1032",103.1,8.47890818858561
"X1033",103.2,8.70792079207921
"X1034",103.3,8.56327543424318
"X1035",103.4,8.6962962962963
"X1036",103.5,8.11166253101737
"X1037",103.6,8.78109452736318
"X1038",103.7,9.82133995037221
"X1039",103.8,10.1111111111111
"X1040",103.9,9.92857142857143
"X1041",104,9.3743842364532
"X1042",104.1,9.02222222222222
"X1043",104.2,9.46666666666667
"X1044",104.3,9.74074074074074
"X1045",104.4,10.5591133004926
"X1046",104.5,10.470297029703
"X1047",104.6,10.5185185185185
"X1048",104.7,10.0222222222222
"X1049",104.8,9.3490099009901
"X1050",104.9,9.03456790123457
"X1051",105,8.03940886699507
"X1052",105.1,7.2962962962963
"X1053",105.2,6.92592592592593
"X1054",105.3,6.11793611793612
"X1055",105.4,6.16009852216749
"X1056",105.5,6.04950495049505
"X1057",105.6,6.18427518427518
"X1058",105.7,6.11764705882353
"X1059",105.8,6.05637254901961
"X1060",105.9,6.09558823529412
"X1061",106,6.06388206388206
"X1062",106.1,6.00488997555012
"X1063",106.2,6.34313725490196
"X1064",106.3,6.4656862745098
"X1065",106.4,6.53827160493827
"X1066",106.5,6.24449877750611
"X1067",106.6,6.56479217603912
"X1068",106.7,6.55637254901961
"X1069",106.8,6.41176470588235
"X1070",106.9,6.7027027027027
"X1071",107,6.57073170731707
"X1072",107.1,6.53300733496333
"X1073",107.2,6.67076167076167
"X1074",107.3,7.1031941031941
"X1075",107.4,7.07616707616708
"X1076",107.5,7.24009900990099
"X1077",107.6,7.27295285359801
"X1078",107.7,7.15211970074813
"X1079",107.8,7.105
"X1080",107.9,7.465
"X1081",108,7.12781954887218
"X1082",108.1,7.15869017632242
"X1083",108.2,6.90632911392405
"X1084",108.3,6.64393939393939
"X1085",108.4,6.91624365482233
"X1086",108.5,6.81933842239186
"X1087",108.6,6.69642857142857
"X1088",108.7,6.59079283887468
"X1089",108.8,6.62113402061856
"X1090",108.9,7.02577319587629
"X1091",109,6.41085271317829
"X1092",109.1,6.63116883116883
"X1093",109.2,6.8125
"X1094",109.3,6.81201044386423
"X1095",109.4,7.08900523560209
"X1096",109.5,7.00526315789474
"X1097",109.6,7.19473684210526
"X1098",109.7,7.21750663129973
"X1099",109.8,7.75331564986737
"X1100",109.9,7.56
"X1101",110,7.83155080213904
"X1102",110.1,7.39142091152815
"X1103",110.2,7.1455525606469
"X1104",110.3,7.37466307277628
"X1105",110.4,7.25135135135135
"X1106",110.5,7.57650273224044
"X1107",110.6,7.9344262295082
"X1108",110.7,7.50546448087432
"X1109",110.8,7.12637362637363
"X1110",110.9,7.15512465373961
"X1111",111,6.96952908587258
"X1112",111.1,6.87465181058496
"X1113",111.2,7.22841225626741
"X1114",111.3,6.93296089385475
"X1115",111.4,7.03651685393258
"X1116",111.5,6.87078651685393
"X1117",111.6,7.00847457627119
"X1118",111.7,6.57507082152974
"X1119",111.8,6.5
"X1120",111.9,6.30857142857143
"X1121",112,6.53008595988539
"X1122",112.1,6.53890489913545
"X1123",112.2,6.19020172910663
"X1124",112.3,6.38840579710145
"X1125",112.4,6.27906976744186
"X1126",112.5,6.14285714285714
"X1127",112.6,6.46783625730994
"X1128",112.7,6.64809384164223
"X1129",112.8,6.60176991150442
"X1130",112.9,6.67455621301775
"X1131",113,6.44510385756677
"X1132",113.1,6.63095238095238
"X1133",113.2,6.41492537313433
"X1134",113.3,6.52994011976048
"X1135",113.4,6.44277108433735
"X1136",113.5,6.93957703927492
"X1137",113.6,6.86666666666667
"X1138",113.7,6.39817629179331
"X1139",113.8,6.12269938650307
"X1140",113.9,6.66461538461538
"X1141",114,6.15123456790123
"X1142",114.1,6.39130434782609
"X1143",114.2,6
"X1144",114.3,6.06853582554517
"X1145",114.4,6.10031347962382
"X1146",114.5,6.4746835443038
"X1147",114.6,6.51898734177215
"X1148",114.7,6.12341772151899
"X1149",114.8,6.31629392971246
"X1150",114.9,6.5591054313099
"X1151",115,6.48076923076923
"X1152",115.1,6.54692556634304
"X1153",115.2,6.61290322580645
"X1154",115.3,6.59870550161812
"X1155",115.4,6.86319218241042
"X1156",115.5,6.85197368421053
"X1157",115.6,7.23684210526316
"X1158",115.7,6.6996699669967
"X1159",115.8,6.64784053156146
"X1160",115.9,7.00664451827243
"X1161",116,6.66333333333333
"X1162",116.1,6.62289562289562
"X1163",116.2,6.49494949494949
"X1164",116.3,6.53378378378378
"X1165",116.4,6.78571428571429
"X1166",116.5,6.80204778156997
"X1167",116.6,6.87372013651877
"X1168",116.7,6.95189003436426
"X1169",116.8,7.08275862068966
"X1170",116.9,7
"X1171",117,6.92962962962963
"X1172",117.1,7.35925925925926
"X1173",117.2,7.42962962962963
"X1174",117.3,7.43703703703704
"X1175",117.4,7.59259259259259
"X1176",117.5,7.98148148148148
"X1177",117.6,8.47583643122677
"X1178",117.7,8.04074074074074
"X1179",117.8,7.76579925650558
"X1180",117.9,7.7360594795539
"X1181",118,8.15555555555556
"X1182",118.1,8.11851851851852
"X1183",118.2,7.31111111111111
"X1184",118.3,7.24814814814815
"X1185",118.4,7.55555555555556
"X1186",118.5,7.09259259259259
"X1187",118.6,7.58148148148148
"X1188",118.7,7.30740740740741
"X1189",118.8,7.14074074074074
"X1190",118.9,7.36296296296296
"X1191",119,7.27137546468401
"X1192",119.1,7.47777777777778
"X1193",119.2,7.99259259259259
"X1194",119.3,7.68888888888889
"X1195",119.4,7.2962962962963
"X1196",119.5,7.31851851851852
"X1197",119.6,7.50557620817844
"X1198",119.7,7.57407407407407
"X1199",119.8,7.84074074074074
"X1200",119.9,7.79259259259259
"X1201",120,7.42379182156134
"X1202",120.1,7.84444444444444
"X1203",120.2,7.90740740740741
"X1204",120.3,7.86666666666667
"X1205",120.4,8.24444444444444
"X1206",120.5,8.10740740740741
"X1207",120.6,8.01851851851852
"X1208",120.7,7.70740740740741
"X1209",120.8,7.84444444444444
"X1210",120.9,8.14074074074074
"X1211",121,8.65925925925926
"X1212",121.1,8.44814814814815
"X1213",121.2,8.91851851851852
"X1214",121.3,8.46666666666667
"X1215",121.4,8.45185185185185
"X1216",121.5,8.38148148148148
"X1217",121.6,8.21111111111111
"X1218",121.7,8.61851851851852
"X1219",121.8,8.41481481481481
"X1220",121.9,8.31111111111111
"X1221",122,8.64074074074074
"X1222",122.1,8.25555555555556
"X1223",122.2,7.84814814814815
"X1224",122.3,8.41851851851852
"X1225",122.4,7.99628252788104
"X1226",122.5,7.90740740740741
"X1227",122.6,7.64444444444444
"X1228",122.7,7.67777777777778
"X1229",122.8,7.74444444444444
"X1230",122.9,7.60074626865672
"X1231",123,7.17777777777778
"X1232",123.1,6.87407407407407
"X1233",123.2,6.91111111111111
"X1234",123.3,7.16666666666667
"X1235",123.4,7.34074074074074
"X1236",123.5,7.21933085501859
"X1237",123.6,7.27881040892193
"X1238",123.7,7.00740740740741
"X1239",123.8,7.02592592592593
"X1240",123.9,7.38661710037175
"X1241",124,7.5724907063197
"X1242",124.1,7.56296296296296
"X1243",124.2,7.05925925925926
"X1244",124.3,7.3
"X1245",124.4,7.71481481481482
"X1246",124.5,7.26666666666667
"X1247",124.6,7.4037037037037
"X1248",124.7,7.36802973977695
"X1249",124.8,7.32222222222222
"X1250",124.9,7.65925925925926
"X1251",125,7.59259259259259
"X1252",125.1,7.83271375464684
"X1253",125.2,8.23703703703704
"X1254",125.3,8.07037037037037
"X1255",125.4,8.08921933085502
"X1256",125.5,7.88104089219331
"X1257",125.6,7.79553903345725
"X1258",125.7,7.76666666666667
"X1259",125.8,8.20740740740741
"X1260",125.9,8.50740740740741
"X1261",126,8.72222222222222
"X1262",126.1,8.2037037037037
"X1263",126.2,7.73333333333333
"X1264",126.3,7.87407407407407
"X1265",126.4,8.35925925925926
"X1266",126.5,7.96654275092937
"X1267",126.6,8.11111111111111
"X1268",126.7,7.9037037037037
"X1269",126.8,7.58888888888889
"X1270",126.9,7.65185185185185
"X1271",127,7.75925925925926
"X1272",127.1,7.75092936802974
"X1273",127.2,7.68148148148148
"X1274",127.3,7.44444444444444
"X1275",127.4,7.37037037037037
"X1276",127.5,7.35555555555556
"X1277",127.6,7.37407407407407
"X1278",127.7,7.33333333333333
"X1279",127.8,7.45185185185185
"X1280",127.9,7.38888888888889
"X1281",128,7.28888888888889
"X1282",128.1,7.16728624535316
"X1283",128.2,7.16666666666667
"X1284",128.3,7.42007434944238
"X1285",128.4,7.47407407407407
"X1286",128.5,7.60594795539033
"X1287",128.6,7.58518518518519
"X1288",128.7,7.53333333333333
"X1289",128.8,7.47037037037037
"X1290",128.9,7.52962962962963
"X1291",129,7.84814814814815
"X1292",129.1,7.31226765799256
"X1293",129.2,7.75555555555556
"X1294",129.3,7.4589552238806
"X1295",129.4,7.59259259259259
"X1296",129.5,7.08518518518519
"X1297",129.6,7.42592592592593
"X1298",129.7,7.4037037037037
"X1299",129.8,7.48518518518518
"X1300",129.9,7.42962962962963
"X1301",130,7.21481481481482
"X1302",130.1,7.26296296296296
"X1303",130.2,7.42592592592593
"X1304",130.3,7.34444444444444
"X1305",130.4,7.43333333333333
"X1306",130.5,7.68888888888889
"X1307",130.6,7.52788104089219
"X1308",130.7,8.04074074074074
"X1309",130.8,8.12592592592593
"X1310",130.9,8.01851851851852
"X1311",131,7.79259259259259
"X1312",131.1,7.88148148148148
"X1313",131.2,7.75185185185185
"X1314",131.3,7.92193308550186
"X1315",131.4,7.84074074074074
"X1316",131.5,7.68888888888889
"X1317",131.6,7.62222222222222
"X1318",131.7,7.92936802973978
"X1319",131.8,7.33333333333333
"X1320",131.9,7.71747211895911
"X1321",132,7.49259259259259
"X1322",132.1,7.75555555555556
"X1323",132.2,7.65055762081784
"X1324",132.3,7.68401486988848
"X1325",132.4,7.31481481481481
"X1326",132.5,7.31111111111111
"X1327",132.6,7.07806691449814
"X1328",132.7,7.08921933085502
"X1329",132.8,7.36431226765799
"X1330",132.9,7.16728624535316
"X1331",133,7.28252788104089
"X1332",133.1,7.53333333333333
"X1333",133.2,7.43122676579926
"X1334",133.3,7.17843866171004
"X1335",133.4,7.78358208955224
"X1336",133.5,7.33333333333333
"X1337",133.6,7.62962962962963
"X1338",133.7,7.46296296296296
"X1339",133.8,7.9037037037037
"X1340",133.9,9.45724907063197
"X1341",134,9.43866171003718
"X1342",134.1,9.74444444444444
"X1343",134.2,9.20817843866171
"X1344",134.3,8.91320754716981
"X1345",134.4,8.44866920152091
"X1346",134.5,9.23461538461538
"X1347",134.6,11.15953307393
"X1348",134.7,11.1069958847737
"X1349",134.8,8.62019230769231
"X1350",134.9,9.67676767676768
"X1351",135,9.11822660098522
"X1352",135.1,8.08252427184466
"X1353",135.2,8.09545454545455
"X1354",135.3,8.38559322033898
"X1355",135.4,9.448
"X1356",135.5,10.7677902621723
"X1357",135.6,10.4318181818182
"X1358",135.7,8.3828125
"X1359",135.8,7.6328125
"X1360",135.9,7.90980392156863
"X1361",136,7.6171875
"X1362",136.1,7.64980544747082
"X1363",136.2,7.81395348837209
"X1364",136.3,7.45703125
"X1365",136.4,7.62204724409449
"X1366",136.5,8.03937007874016
"X1367",136.6,7.71259842519685
"X1368",136.7,7.9604743083004
"X1369",136.8,8.13888888888889
"X1370",136.9,8.85992217898833
"X1371",137,9.14285714285714
"X1372",137.1,10.94
"X1373",137.2,12.8685258964143
"X1374",137.3,12.2064777327935
"X1375",137.4,11.7410714285714
"X1376",137.5,9.9020618556701
"X1377",137.6,9
"X1378",137.7,9.61538461538461
"X1379",137.8,10.5
"X1380",137.9,10.4354066985646
"X1381",138,8.55092592592593
"X1382",138.1,8.84913793103448
"X1383",138.2,8.56444444444444
"X1384",138.3,7.99111111111111
"X1385",138.4,8.63948497854077
"X1386",138.5,8.00408163265306
"X1387",138.6,8.31517509727627
"X1388",138.7,7.36153846153846
"X1389",138.8,6.35249042145594
"X1390",138.9,6.44814814814815
"X1391",139,6.34328358208955
"X1392",139.1,6.30855018587361
"X1393",139.2,6.6455223880597
"X1394",139.3,6.46992481203007
"X1395",139.4,6.51685393258427
"X1396",139.5,6.47744360902256
"X1397",139.6,6.79477611940298
"X1398",139.7,7.01111111111111
"X1399",139.8,7.14074074074074
"X1400",139.9,7.04089219330855
"X1401",140,6.70037453183521
"X1402",140.1,6.95925925925926
"X1403",140.2,7.14179104477612
"X1404",140.3,7.32462686567164
"X1405",140.4,7.5
"X1406",140.5,7.45353159851301
"X1407",140.6,7.79259259259259
"X1408",140.7,7.97397769516729
"X1409",140.8,7.94814814814815
"X1410",140.9,8.38888888888889
"X1411",141,8.48518518518519
"X1412",141.1,8.42910447761194
"X1413",141.2,8.82222222222222
"X1414",141.3,8.48148148148148
"X1415",141.4,9.30740740740741
"X1416",141.5,9.3962962962963
"X1417",141.6,9.64444444444444
"X1418",141.7,8.5962962962963
"X1419",141.8,8.62222222222222
"X1420",141.9,9.09259259259259
"X1421",142,9.15555555555556
"X1422",142.1,8.97397769516729
"X1423",142.2,9.26296296296296
"X1424",142.3,9.35315985130111
"X1425",142.4,10.1037037037037
"X1426",142.5,9.05555555555556
"X1427",142.6,8.51301115241636
"X1428",142.7,7.92962962962963
"X1429",142.8,8.1
"X1430",142.9,8.53703703703704
"X1431",143,8.36296296296296
"X1432",143.1,7.94814814814815
"X1433",143.2,7.82527881040892
"X1434",143.3,8.11481481481482
"X1435",143.4,8.41111111111111
"X1436",143.5,8.6
"X1437",143.6,8.64684014869889
"X1438",143.7,8.05185185185185
"X1439",143.8,7.53703703703704
"X1440",143.9,7.56296296296296
"X1441",144,6.9365671641791
"X1442",144.1,7.35555555555556
"X1443",144.2,7.817843866171
"X1444",144.3,7.64444444444444
"X1445",144.4,7.64074074074074
"X1446",144.5,7.88148148148148
"X1447",144.6,8.07777777777778
"X1448",144.7,7.4962962962963
"X1449",144.8,7.83271375464684
"X1450",144.9,7.94423791821561
"X1451",145,7.75836431226766
"X1452",145.1,7.44074074074074
"X1453",145.2,7.84444444444444
"X1454",145.3,7.37174721189591
"X1455",145.4,7.53903345724907
"X1456",145.5,7.50557620817844
"X1457",145.6,7.97407407407407
"X1458",145.7,7.57407407407407
"X1459",145.8,7.81851851851852
"X1460",145.9,7.97777777777778
"X1461",146,7.55555555555556
"X1462",146.1,7.55925925925926
"X1463",146.2,7.00740740740741
"X1464",146.3,7.34814814814815
"X1465",146.4,7.91449814126394
"X1466",146.5,8.06296296296296
"X1467",146.6,7.96654275092937
"X1468",146.7,7.92962962962963
"X1469",146.8,8.52222222222222
"X1470",146.9,8.1865671641791
"X1471",147,7.87777777777778
"X1472",147.1,8.34200743494424
"X1473",147.2,8.4089219330855
"X1474",147.3,8.52962962962963
"X1475",147.4,8.35555555555556
"X1476",147.5,7.99259259259259
"X1477",147.6,8.86296296296296
"X1478",147.7,8.55555555555556
"X1479",147.8,8.72962962962963
"X1480",147.9,8.91078066914498
"X1481",148,8.87732342007435
"X1482",148.1,9.41111111111111
"X1483",148.2,9.24907063197026
"X1484",148.3,9.59259259259259
"X1485",148.4,9.27407407407407
"X1486",148.5,9.36431226765799
"X1487",148.6,9.66296296296296
"X1488",148.7,9.45149253731343
"X1489",148.8,9.61338289962825
"X1490",148.9,9.46096654275093
"X1491",149,9.5910780669145
"X1492",149.1,9.64074074074074
"X1493",149.2,9.84014869888476
"X1494",149.3,9.60384615384615
"X1495",149.4,9.05555555555556
"X1496",149.5,9.01851851851852
"X1497",149.6,9.0410447761194
"X1498",149.7,9.12313432835821
"X1499",149.8,8.57407407407407
"X1500",149.9,8.5962962962963
"X1501",150,8.54646840148699
"X1502",150.1,9.14444444444444
"X1503",150.2,8.79925650557621
"X1504",150.3,8.56296296296296
"X1505",150.4,9.11610486891386
"X1506",150.5,9.05283018867924
"X1507",150.6,9.0749063670412
"X1508",150.7,9.45353159851301
"X1509",150.8,9.50740740740741
"X1510",150.9,9.29962546816479
"X1511",151,9.93076923076923
"X1512",151.1,10.5607843137255
"X1513",151.2,10.1780303030303
"X1514",151.3,9.11111111111111
"X1515",151.4,9.13857677902622
"X1516",151.5,8.77985074626866
"X1517",151.6,8.66917293233083
"X1518",151.7,9.1015037593985
"X1519",151.8,8.20817843866171
"X1520",151.9,8.09328358208955
"X1521",152,8.32209737827715
"X1522",152.1,8.05576208178439
"X1523",152.2,8.53703703703704
"X1524",152.3,8.09737827715356
"X1525",152.4,8.69516728624535
"X1526",152.5,7.59328358208955
"X1527",152.6,6.77323420074349
"X1528",152.7,6.94029850746269
"X1529",152.8,6.84328358208955
"X1530",152.9,6.8
"X1531",153,6.94074074074074
"X1532",153.1,6.64179104477612
"X1533",153.2,7.05925925925926
"X1534",153.3,6.76666666666667
"X1535",153.4,6.58364312267658
"X1536",153.5,7.21189591078067
"X1537",153.6,7.19259259259259
"X1538",153.7,7.00740740740741
"X1539",153.8,6.81111111111111
"X1540",153.9,6.75836431226766
"X1541",154,6.75185185185185
"X1542",154.1,6.94795539033457
"X1543",154.2,6.71747211895911
"X1544",154.3,6.66666666666667
"X1545",154.4,6.51301115241636
"X1546",154.5,6.60966542750929
"X1547",154.6,6.50740740740741
"X1548",154.7,6.60740740740741
"X1549",154.8,6.3955223880597
"X1550",154.9,7.05555555555556
"X1551",155,6.68773234200744
"X1552",155.1,6.57777777777778
"X1553",155.2,6.4
"X1554",155.3,6.34200743494424
"X1555",155.4,6.28888888888889
"X1556",155.5,6.89259259259259
"X1557",155.6,6.87360594795539
"X1558",155.7,6.80297397769517
"X1559",155.8,6.53358208955224
"X1560",155.9,6.55925925925926
"X1561",156,6.37918215613383
"X1562",156.1,6.55223880597015
"X1563",156.2,6.33333333333333
"X1564",156.3,6.64814814814815
"X1565",156.4,6.22962962962963
"X1566",156.5,6.15241635687732
"X1567",156.6,6.60966542750929
"X1568",156.7,6.71111111111111
"X1569",156.8,6.46840148698885
"X1570",156.9,6.20074349442379
"X1571",157,6.42007434944238
"X1572",157.1,6.7
"X1573",157.2,6.47777777777778
"X1574",157.3,6.47211895910781
"X1575",157.4,6.38148148148148
"X1576",157.5,6.24814814814815
"X1577",157.6,6.36059479553903
"X1578",157.7,6.27509293680297
"X1579",157.8,6.11481481481481
"X1580",157.9,6.21851851851852
"X1581",158,6.55390334572491
"X1582",158.1,6.61481481481481
"X1583",158.2,6.77037037037037
"X1584",158.3,6.45925925925926
"X1585",158.4,6.81040892193309
"X1586",158.5,6.52044609665428
"X1587",158.6,6.86245353159851
"X1588",158.7,7.50740740740741
"X1589",158.8,7.97037037037037
"X1590",158.9,8.52592592592593
"X1591",159,8.65185185185185
"X1592",159.1,8.86617100371747
"X1593",159.2,8.58888888888889
"X1594",159.3,8.57777777777778
"X1595",159.4,8.75925925925926
"X1596",159.5,8.93333333333333
"X1597",159.6,9.4
"X1598",159.7,8.59259259259259
"X1599",159.8,8.58148148148148
"X1600",159.9,8.82222222222222
"X1601",160,8.52962962962963
"X1602",160.1,7.95555555555556
"X1603",160.2,8.09665427509294
"X1604",160.3,8.74444444444444
"X1605",160.4,8.73703703703704
"X1606",160.5,8.3962962962963
"X1607",160.6,8.5724907063197
"X1608",160.7,8.18888888888889
"X1609",160.8,7.96666666666667
"X1610",160.9,7.75555555555556
"X1611",161,7.28148148148148
"X1612",161.1,7.25185185185185
"X1613",161.2,7.35925925925926
"X1614",161.3,7.07407407407407
"X1615",161.4,7.03731343283582
"X1616",161.5,7.0631970260223
"X1617",161.6,6.9037037037037
"X1618",161.7,7.0037037037037
"X1619",161.8,6.54814814814815
"X1620",161.9,7.42222222222222
"X1621",162,7.07407407407407
"X1622",162.1,6.78888888888889
"X1623",162.2,6.69516728624535
"X1624",162.3,7.21851851851852
"X1625",162.4,7.08550185873606
"X1626",162.5,7.37407407407407
"X1627",162.6,7.30740740740741
"X1628",162.7,6.98888888888889
"X1629",162.8,7.16666666666667
"X1630",162.9,7.28252788104089
"X1631",163,7.55762081784387
"X1632",163.1,7.49442379182156
"X1633",163.2,7.68773234200744
"X1634",163.3,7.52592592592593
"X1635",163.4,7.56296296296296
"X1636",163.5,7.4962962962963
"X1637",163.6,7.6542750929368
"X1638",163.7,7.45353159851301
"X1639",163.8,7.1962962962963
"X1640",163.9,6.98148148148148
"X1641",164,6.67037037037037
"X1642",164.1,7.65925925925926
"X1643",164.2,6.83333333333333
"X1644",164.3,6.86988847583643
"X1645",164.4,6.91449814126394
"X1646",164.5,7.04444444444444
"X1647",164.6,6.97777777777778
"X1648",164.7,6.75555555555556
"X1649",164.8,7.05185185185185
"X1650",164.9,6.73333333333333
"X1651",165,6.60074626865672
"X1652",165.1,6.72592592592593
"X1653",165.2,6.45353159851301
"X1654",165.3,6.68148148148148
"X1655",165.4,6.82592592592593
"X1656",165.5,6.55555555555556
"X1657",165.6,6.72222222222222
"X1658",165.7,6.97037037037037
"X1659",165.8,6.82222222222222
"X1660",165.9,7.02602230483271
"X1661",166,6.82899628252788
"X1662",166.1,7.15185185185185
"X1663",166.2,7.24814814814815
"X1664",166.3,7.35185185185185
"X1665",166.4,7.86666666666667
"X1666",166.5,7.78066914498141
"X1667",166.6,7.54444444444444
"X1668",166.7,7.98884758364312
"X1669",166.8,7.75185185185185
"X1670",166.9,7.84074074074074
"X1671",167,8.37407407407407
"X1672",167.1,8.03333333333333
"X1673",167.2,7.69259259259259
"X1674",167.3,7.22304832713755
"X1675",167.4,7.32222222222222
"X1676",167.5,7.13382899628253
"X1677",167.6,7.16666666666667
"X1678",167.7,7.36431226765799
"X1679",167.8,6.98888888888889
"X1680",167.9,7.08888888888889
"X1681",168,7.49259259259259
"X1682",168.1,7.54074074074074
"X1683",168.2,7.14444444444444
"X1684",168.3,7.18518518518519
"X1685",168.4,7.71111111111111
"X1686",168.5,7.39259259259259
"X1687",168.6,7.35185185185185
"X1688",168.7,7.91078066914498
"X1689",168.8,7.38888888888889
"X1690",168.9,7.52962962962963
"X1691",169,7.74444444444444
"X1692",169.1,7.21481481481482
"X1693",169.2,7.81412639405204
"X1694",169.3,7.9962962962963
"X1695",169.4,7.75555555555556
"X1696",169.5,7.83703703703704
"X1697",169.6,7.76296296296296
"X1698",169.7,7.91449814126394
"X1699",169.8,7.70260223048327
"X1700",169.9,7.57407407407407
"X1701",170,7.54814814814815
"X1702",170.1,7.74814814814815
"X1703",170.2,7.54814814814815
"X1704",170.3,7.37407407407407
"X1705",170.4,7.66914498141264
"X1706",170.5,7.41851851851852
"X1707",170.6,7.41263940520446
"X1708",170.7,7.53703703703704
"X1709",170.8,7.57777777777778
"X1710",170.9,7.53333333333333
"X1711",171,7.80740740740741
"X1712",171.1,7.67407407407407
"X1713",171.2,7.58148148148148
"X1714",171.3,7.66296296296296
"X1715",171.4,8.2639405204461
"X1716",171.5,8.02962962962963
"X1717",171.6,8.57037037037037
"X1718",171.7,8.61111111111111
"X1719",171.8,8.57037037037037
"X1720",171.9,8.71481481481482
"X1721",172,8.94074074074074
"X1722",172.1,8.55555555555556
"X1723",172.2,8.24444444444444
"X1724",172.3,8.32962962962963
"X1725",172.4,8.38888888888889
"X1726",172.5,8.23791821561338
"X1727",172.6,9.01481481481481
"X1728",172.7,8.22592592592593
"X1729",172.8,8.55223880597015
"X1730",172.9,9.32592592592593
"X1731",173,9.18148148148148
"X1732",173.1,8.87037037037037
"X1733",173.2,9.13754646840149
"X1734",173.3,9.01119402985075
"X1735",173.4,8.74814814814815
"X1736",173.5,8.27777777777778
"X1737",173.6,8.7037037037037
"X1738",173.7,9.1962962962963
"X1739",173.8,8.72592592592593
"X1740",173.9,8.53333333333333
"X1741",174,8.32592592592593
"X1742",174.1,8.2
"X1743",174.2,7.64312267657993
"X1744",174.3,7.58518518518519
"X1745",174.4,7.9
"X1746",174.5,7.76208178438662
"X1747",174.6,7.53333333333333
"X1748",174.7,7.47407407407407
"X1749",174.8,8.04089219330855
"X1750",174.9,7.47583643122677
"X1751",175,7.84444444444444
"X1752",175.1,7.70740740740741
"X1753",175.2,7.97037037037037
"X1754",175.3,7.98518518518518
"X1755",175.4,7.7546468401487
"X1756",175.5,7.68773234200744
"X1757",175.6,7.65185185185185
"X1758",175.7,7.9814126394052
"X1759",175.8,8.07434944237918
"X1760",175.9,7.64074074074074
"X1761",176,7.59259259259259
"X1762",176.1,7.18587360594796
"X1763",176.2,7.17777777777778
"X1764",176.3,7.07777777777778
"X1765",176.4,6.82835820895522
"X1766",176.5,6.55390334572491
"X1767",176.6,6.68283582089552
"X1768",176.7,6.45185185185185
"X1769",176.8,6.74531835205993
"X1770",176.9,6.46468401486989
"X1771",177,6.24163568773234
"X1772",177.1,5.97777777777778
"X1773",177.2,5.97388059701493
"X1774",177.3,6.13703703703704
"X1775",177.4,6.04074074074074
"X1776",177.5,6.25925925925926
"X1777",177.6,6.07777777777778
"X1778",177.7,5.93308550185874
"X1779",177.8,5.81851851851852
"X1780",177.9,6.22592592592593
"X1781",178,6.04477611940298
"X1782",178.1,6.35555555555556
"X1783",178.2,6.1449814126394
"X1784",178.3,6.5962962962963
"X1785",178.4,6.35925925925926
"X1786",178.5,6.15185185185185
"X1787",178.6,6.25925925925926
"X1788",178.7,6.47211895910781
"X1789",178.8,6.37918215613383
"X1790",178.9,6.75185185185185
"X1791",179,6.77407407407407
"X1792",179.1,6.73977695167286
"X1793",179.2,6.69144981412639
"X1794",179.3,6.94814814814815
"X1795",179.4,7.42222222222222
"X1796",179.5,6.88104089219331
"X1797",179.6,6.86988847583643
"X1798",179.7,6.77037037037037
"X1799",179.8,6.80669144981413
"X1800",179.9,6.92910447761194
"X1801",180,7.1037037037037
"X1802",180.1,7.55925925925926
"X1803",180.2,7.15925925925926
"X1804",180.3,6.88805970149254
"X1805",180.4,6.94423791821561
"X1806",180.5,7.04074074074074
"X1807",180.6,7.3037037037037
"X1808",180.7,6.90671641791045
"X1809",180.8,7.03703703703704
"X1810",180.9,7.1
"X1811",181,7.98888888888889
"X1812",181.1,7.53333333333333
"X1813",181.2,7.37037037037037
"X1814",181.3,6.81481481481481
"X1815",181.4,7.22222222222222
"X1816",181.5,7.02602230483271
"X1817",181.6,6.99259259259259
"X1818",181.7,7.16044776119403
"X1819",181.8,7.17777777777778
"X1820",181.9,7.25925925925926
"X1821",182,6.98518518518518
"X1822",182.1,7.52222222222222
"X1823",182.2,7.23333333333333
"X1824",182.3,7.11567164179105
"X1825",182.4,7.3962962962963
"X1826",182.5,7.22592592592593
"X1827",182.6,7.34074074074074
"X1828",182.7,7.28518518518518
"X1829",182.8,7.22222222222222
"X1830",182.9,7.51851851851852
"X1831",183,7.14074074074074
"X1832",183.1,7.06666666666667
"X1833",183.2,7.17843866171004
"X1834",183.3,7.01481481481482
"X1835",183.4,7.04460966542751
"X1836",183.5,7.01111111111111
"X1837",183.6,7.36666666666667
"X1838",183.7,6.85185185185185
"X1839",183.8,6.33703703703704
"X1840",183.9,6.70260223048327
"X1841",184,6.94052044609665
"X1842",184.1,6.92164179104478
"X1843",184.2,6.68518518518519
"X1844",184.3,6.64684014869888
"X1845",184.4,7.10780669144981
"X1846",184.5,6.82527881040892
"X1847",184.6,6.87777777777778
"X1848",184.7,7.19330855018587
"X1849",184.8,7.38805970149254
"X1850",184.9,7.20074349442379
"X1851",185,7.27611940298507
"X1852",185.1,7.44029850746269
"X1853",185.2,7.49812734082397
"X1854",185.3,7.39179104477612
"X1855",185.4,7.4
"X1856",185.5,7.62453531598513
"X1857",185.6,7.60740740740741
"X1858",185.7,7.77407407407407
"X1859",185.8,7.55185185185185
"X1860",185.9,7.74074074074074
"X1861",186,7.88888888888889
"X1862",186.1,7.92565055762082
"X1863",186.2,7.35185185185185
"X1864",186.3,7.2962962962963
"X1865",186.4,7.10780669144981
"X1866",186.5,7.37313432835821
"X1867",186.6,7.26296296296296
"X1868",186.7,7.18148148148148
"X1869",186.8,7.58148148148148
"X1870",186.9,7.70631970260223
"X1871",187,7.42007434944238
"X1872",187.1,7.07407407407407
"X1873",187.2,7.34074074074074
"X1874",187.3,7.51301115241636
"X1875",187.4,7.75555555555556
"X1876",187.5,7.38518518518519
"X1877",187.6,7.57037037037037
"X1878",187.7,7.44074074074074
"X1879",187.8,7.23048327137546
"X1880",187.9,7.34444444444444
"X1881",188,7.1003717472119
"X1882",188.1,7.03731343283582
"X1883",188.2,7.11194029850746
"X1884",188.3,7.11895910780669
"X1885",188.4,6.97769516728625
"X1886",188.5,7.07777777777778
"X1887",188.6,7.35185185185185
"X1888",188.7,6.94052044609665
"X1889",188.8,6.90706319702602
"X1890",188.9,6.97388059701493
"X1891",189,7.3955223880597
"X1892",189.1,7.34328358208955
"X1893",189.2,7.09293680297398
"X1894",189.3,7.01119402985075
"X1895",189.4,7.20817843866171
"X1896",189.5,7.17100371747212
"X1897",189.6,7.50746268656716
"X1898",189.7,7.44402985074627
"X1899",189.8,7
"X1900",189.9,7.30111524163569
"X1901",190,7.52434456928839
"X1902",190.1,7.28838951310861
"X1903",190.2,7.30597014925373
"X1904",190.3,7.23048327137546
"X1905",190.4,7.49259259259259
"X1906",190.5,7.18587360594796
"X1907",190.6,7.14869888475836
"X1908",190.7,7.10408921933085
"X1909",190.8,7.1037037037037
"X1910",190.9,6.87686567164179
"X1911",191,6.92936802973978
"X1912",191.1,7.35185185185185
"X1913",191.2,7.11481481481481
"X1914",191.3,6.75092936802974
"X1915",191.4,7.25650557620818
"X1916",191.5,7.61194029850746
"X1917",191.6,7.56666666666667
"X1918",191.7,7.55925925925926
"X1919",191.8,7.44029850746269
"X1920",191.9,7.73408239700375
"X1921",192,7.29739776951673
"X1922",192.1,8.13382899628253
"X1923",192.2,7.5037037037037
"X1924",192.3,7.81481481481481
"X1925",192.4,8.2267657992565
"X1926",192.5,7.72862453531599
"X1927",192.6,8.19402985074627
"X1928",192.7,8.30597014925373
"X1929",192.8,7.96282527881041
"X1930",192.9,8.31851851851852
"X1931",193,8.24814814814815
"X1932",193.1,8.45724907063197
"X1933",193.2,8.21933085501859
"X1934",193.3,8.77985074626866
"X1935",193.4,8.53159851301115
"X1936",193.5,9.01851851851852
"X1937",193.6,9.05597014925373
"X1938",193.7,9.33333333333333
"X1939",193.8,9.99245283018868
"X1940",193.9,10.1977611940299
"X1941",194,10.8651685393258
"X1942",194.1,10.4423791821561
"X1943",194.2,10.6977611940299
"X1944",194.3,11.185873605948
"X1945",194.4,12.0074074074074
"X1946",194.5,12.4402985074627
"X1947",194.6,13.1417910447761
"X1948",194.7,13.7843866171004
"X1949",194.8,13.9851851851852
"X1950",194.9,14.2518518518519
"X1951",195,14.2936802973978
"X1952",195.1,14.3768656716418
"X1953",195.2,13.8518518518519
"X1954",195.3,13.5666666666667
"X1955",195.4,13.8666666666667
"X1956",195.5,13.5390334572491
"X1957",195.6,13.6914498141264
"X1958",195.7,13.3925925925926
"X1959",195.8,13.2333333333333
"X1960",195.9,13.7555555555556
"X1961",196,12.9888888888889
"X1962",196.1,13.0185185185185
"X1963",196.2,12.9
"X1964",196.3,13.2740740740741
"X1965",196.4,13.3111111111111
"X1966",196.5,13.062962962963
"X1967",196.6,13.0592592592593
"X1968",196.7,13.2148148148148
"X1969",196.8,12.9518518518519
"X1970",196.9,13.4851851851852
"X1971",197,13.1740740740741
"X1972",197.1,13.1888888888889
"X1973",197.2,12.5666666666667
"X1974",197.3,12.7296296296296
"X1975",197.4,12.9259259259259
"X1976",197.5,13.4148148148148
"X1977",197.6,13.6666666666667
"X1978",197.7,13.362962962963
"X1979",197.8,13.7
"X1980",197.9,14.2081784386617
"X1981",198,13.4
"X1982",198.1,13.7259259259259
"X1983",198.2,14.0888888888889
"X1984",198.3,13.5148148148148
"X1985",198.4,13.3925925925926
"X1986",198.5,14.6481481481481
"X1987",198.6,16.0703703703704
"X1988",198.7,16.9555555555556
"X1989",198.8,16.2814814814815
"X1990",198.9,17.5925925925926
"X1991",199,18.1152416356877
"X1992",199.1,17.8407407407407
"X1993",199.2,17.4851851851852
"X1994",199.3,17.7740740740741
"X1995",199.4,18.3962962962963
"X1996",199.5,18.8777777777778
"X1997",199.6,19.7407407407407
"X1998",199.7,18.9407407407407
"X1999",199.8,17.6851851851852
"X2000",199.9,18.9219330855019
"X2001",200,19.6203007518797
"X2002",200.1,19.0716981132075
"X2003",200.2,18.6185185185185
"X2004",200.3,18.3259259259259
"X2005",200.4,18.4037037037037
"X2006",200.5,17.8777777777778
"X2007",200.6,17.4962962962963
"X2008",200.7,18.4307116104869
"X2009",200.8,18.6024096385542
"X2010",200.9,18.2489082969432
