"","depth_mm","Ti"
"X30",2.9,3.69832402234637
"X31",3,3.19526627218935
"X32",3.1,2.85955056179775
"X33",3.2,2.15243902439024
"X34",3.3,2.21111111111111
"X35",3.4,2.15286624203822
"X36",3.5,2.18888888888889
"X37",3.6,2.23204419889503
"X38",3.7,2.01754385964912
"X39",3.8,2.08720930232558
"X40",3.9,2.16129032258065
"X41",4,2.07386363636364
"X42",4.1,2.45454545454545
"X43",4.2,2.27485380116959
"X44",4.3,2.30769230769231
"X45",4.4,2.06179775280899
"X46",4.5,1.98295454545455
"X47",4.6,1.92571428571429
"X48",4.7,1.97765363128492
"X49",4.8,2.03488372093023
"X50",4.9,2.04597701149425
"X51",5,2.17441860465116
"X52",5.1,2.72826086956522
"X53",5.2,3
"X54",5.3,3.44973544973545
"X55",5.4,4.31666666666667
"X56",5.5,4.14720812182741
"X57",5.6,4.04245283018868
"X58",5.7,4.77722772277228
"X59",5.8,4.66839378238342
"X60",5.9,4.01851851851852
"X61",6,5.04081632653061
"X62",6.1,4.95360824742268
"X63",6.2,4.12
"X64",6.3,4.03517587939699
"X65",6.4,3.87634408602151
"X66",6.5,3.38693467336683
"X67",6.6,3.85641025641026
"X68",6.7,4.32474226804124
"X69",6.8,4.48421052631579
"X70",6.9,4.47761194029851
"X71",7,5.51741293532338
"X72",7.1,5.12980769230769
"X73",7.2,6.36649214659686
"X74",7.3,5.96059113300493
"X75",7.4,6.06435643564356
"X76",7.5,5.8780487804878
"X77",7.6,5.83248730964467
"X78",7.7,4.35602094240838
"X79",7.8,3.75247524752475
"X80",7.9,3.57070707070707
"X81",8,4.31219512195122
"X82",8.1,5.90291262135922
"X83",8.2,5.3960396039604
"X84",8.3,4.60386473429952
"X85",8.4,4.5320197044335
"X86",8.5,4.47846889952153
"X87",8.6,4.63551401869159
"X88",8.7,3.81159420289855
"X89",8.8,3.47
"X90",8.9,2.56122448979592
"X91",9,2.16580310880829
"X92",9.1,2.125
"X93",9.2,1.9009900990099
"X94",9.3,1.83173076923077
"X95",9.4,2.04020100502513
"X96",9.5,2.065
"X97",9.6,1.97115384615385
"X98",9.7,2.19902912621359
"X99",9.8,2.08947368421053
"X100",9.9,2.13397129186603
"X101",10,2.16746411483254
"X102",10.1,2.2047619047619
"X103",10.2,2.09859154929577
"X104",10.3,2.11320754716981
"X105",10.4,2.06862745098039
"X106",10.5,2.18316831683168
"X107",10.6,2.13679245283019
"X108",10.7,2.1413612565445
"X109",10.8,1.83009708737864
"X110",10.9,1.96534653465347
"X111",11,1.98907103825137
"X112",11.1,1.94736842105263
"X113",11.2,2.02139037433155
"X114",11.3,1.95833333333333
"X115",11.4,2.06467661691542
"X116",11.5,2.03465346534653
"X117",11.6,2.24509803921569
"X118",11.7,2.41293532338308
"X119",11.8,2.7286432160804
"X120",11.9,2.52682926829268
"X121",12,2.97142857142857
"X122",12.1,2.80769230769231
"X123",12.2,3.42465753424658
"X124",12.3,4.65502183406114
"X125",12.4,4.34389140271493
"X126",12.5,4.44541484716157
"X127",12.6,5.25663716814159
"X128",12.7,6.89787234042553
"X129",12.8,7.75308641975309
"X130",12.9,7.03688524590164
"X131",13,6.43231441048035
"X132",13.1,5.16113744075829
"X133",13.2,3.33695652173913
"X134",13.3,2.87628865979381
"X135",13.4,2.15909090909091
"X136",13.5,2.12
"X137",13.6,1.96571428571429
"X138",13.7,1.90857142857143
"X139",13.8,1.85365853658537
"X140",13.9,1.70454545454545
"X141",14,1.86549707602339
"X142",14.1,1.78616352201258
"X143",14.2,1.83240223463687
"X144",14.3,1.67901234567901
"X145",14.4,1.73410404624277
"X146",14.5,1.90384615384615
"X147",14.6,1.74585635359116
"X148",14.7,1.70440251572327
"X149",14.8,1.77439024390244
"X150",14.9,1.7639751552795
"X151",15,1.69186046511628
"X152",15.1,1.80446927374302
"X153",15.2,1.82608695652174
"X154",15.3,1.72455089820359
"X155",15.4,1.7514450867052
"X156",15.5,1.76363636363636
"X157",15.6,1.68181818181818
"X158",15.7,1.70588235294118
"X159",15.8,1.78378378378378
"X160",15.9,1.76646706586826
"X161",16,1.69032258064516
"X162",16.1,1.80368098159509
"X163",16.2,1.8
"X164",16.3,1.63924050632911
"X165",16.4,1.61176470588235
"X166",16.5,1.89221556886228
"X167",16.6,1.88311688311688
"X168",16.7,1.85310734463277
"X169",16.8,1.97041420118343
"X170",16.9,2.03723404255319
"X171",17,2.38947368421053
"X172",17.1,1.94179894179894
"X173",17.2,2.03296703296703
"X174",17.3,2.16908212560386
"X175",17.4,2.32663316582915
"X176",17.5,2.12562814070352
"X177",17.6,2.03389830508475
"X178",17.7,1.82758620689655
"X179",17.8,1.69270833333333
"X180",17.9,1.79411764705882
"X181",18,1.83333333333333
"X182",18.1,1.98477157360406
"X183",18.2,2.30208333333333
"X184",18.3,2.25603864734299
"X185",18.4,1.99492385786802
"X186",18.5,1.65608465608466
"X187",18.6,1.8735632183908
"X188",18.7,2.00564971751412
"X189",18.8,2.04591836734694
"X190",18.9,1.76649746192893
"X191",19,1.76190476190476
"X192",19.1,1.83707865168539
"X193",19.2,1.79661016949153
"X194",19.3,1.73410404624277
"X195",19.4,1.82857142857143
"X196",19.5,1.68604651162791
"X197",19.6,1.72571428571429
"X198",19.7,1.63354037267081
"X199",19.8,1.71508379888268
"X200",19.9,1.63687150837989
"X201",20,1.78443113772455
"X202",20.1,1.78089887640449
"X203",20.2,1.77844311377246
"X204",20.3,1.70108695652174
"X205",20.4,1.71508379888268
"X206",20.5,1.78947368421053
"X207",20.6,1.92441860465116
"X208",20.7,1.88414634146341
"X209",20.8,1.73529411764706
"X210",20.9,1.64367816091954
"X211",21,1.7554347826087
"X212",21.1,1.97126436781609
"X213",21.2,1.83707865168539
"X214",21.3,1.83060109289617
"X215",21.4,2.08720930232558
"X216",21.5,2.03954802259887
"X217",21.6,1.88888888888889
"X218",21.7,1.90957446808511
"X219",21.8,1.79518072289157
"X220",21.9,2.04545454545455
"X221",22,1.70760233918129
"X222",22.1,1.70175438596491
"X223",22.2,1.72972972972973
"X224",22.3,1.85955056179775
"X225",22.4,1.81460674157303
"X226",22.5,1.82941176470588
"X227",22.6,1.88372093023256
"X228",22.7,2.01063829787234
"X229",22.8,1.85119047619048
"X230",22.9,1.7202380952381
"X231",23,1.7
"X232",23.1,1.76571428571429
"X233",23.2,1.75460122699387
"X234",23.3,1.85263157894737
"X235",23.4,1.89010989010989
"X236",23.5,1.86413043478261
"X237",23.6,1.90721649484536
"X238",23.7,1.79470198675497
"X239",23.8,1.72619047619048
"X240",23.9,1.87845303867403
"X241",24,2.12790697674419
"X242",24.1,2.1055900621118
"X243",24.2,1.95977011494253
"X244",24.3,1.79444444444444
"X245",24.4,1.73809523809524
"X246",24.5,1.94736842105263
"X247",24.6,1.9559748427673
"X248",24.7,1.87349397590361
"X249",24.8,1.88732394366197
"X250",24.9,1.72560975609756
"X251",25,1.94219653179191
"X252",25.1,1.91017964071856
"X253",25.2,2.34939759036145
"X254",25.3,2.30687830687831
"X255",25.4,2.49122807017544
"X256",25.5,2.22751322751323
"X257",25.6,2
"X258",25.7,1.94943820224719
"X259",25.8,1.91411042944785
"X260",25.9,1.97619047619048
"X261",26,1.68531468531469
"X262",26.1,1.80357142857143
"X263",26.2,1.84
"X264",26.3,2.05521472392638
"X265",26.4,1.7125748502994
"X266",26.5,1.8705035971223
"X267",26.6,1.72327044025157
"X268",26.7,1.67123287671233
"X269",26.8,1.77333333333333
"X270",26.9,2.12883435582822
"X271",27,1.96894409937888
"X272",27.1,2.10625
"X273",27.2,2.01840490797546
"X274",27.3,1.8875
"X275",27.4,1.93373493975904
"X276",27.5,1.92142857142857
"X277",27.6,1.85802469135802
"X278",27.7,1.9559748427673
"X279",27.8,2.00581395348837
"X280",27.9,1.75838926174497
"X281",28,1.58757062146893
"X282",28.1,1.71428571428571
"X283",28.2,1.63793103448276
"X284",28.3,2.06285714285714
"X285",28.4,2.08536585365854
"X286",28.5,1.89032258064516
"X287",28.6,1.78231292517007
"X288",28.7,1.77018633540373
"X289",28.8,1.98214285714286
"X290",28.9,1.86144578313253
"X291",29,1.83950617283951
"X292",29.1,2.48214285714286
"X293",29.2,2.75294117647059
"X294",29.3,3.26923076923077
"X295",29.4,3.77049180327869
"X296",29.5,3.58333333333333
"X297",29.6,4.55555555555556
"X298",29.7,6.46632124352332
"X299",29.8,6.50761421319797
"X300",29.9,4.36813186813187
"X301",30,3.44186046511628
"X302",30.1,2.49700598802395
"X303",30.2,2.08433734939759
"X304",30.3,2.41111111111111
"X305",30.4,2.76373626373626
"X306",30.5,2.88202247191011
"X307",30.6,2.67630057803468
"X308",30.7,2.43604651162791
"X309",30.8,2.5
"X310",30.9,2.24468085106383
"X311",31,2.31791907514451
"X312",31.1,2.38251366120219
"X313",31.2,2.63297872340426
"X314",31.3,2.85245901639344
"X315",31.4,2.56497175141243
"X316",31.5,2.10344827586207
"X317",31.6,2.42328042328042
"X318",31.7,2.68229166666667
"X319",31.8,2.27979274611399
"X320",31.9,2.27179487179487
"X321",32,2.37912087912088
"X322",32.1,1.97237569060773
"X323",32.2,2.07428571428571
"X324",32.3,1.96969696969697
"X325",32.4,1.98477157360406
"X326",32.5,2.08196721311475
"X327",32.6,2.01639344262295
"X328",32.7,1.8
"X329",32.8,1.8936170212766
"X330",32.9,2.53846153846154
"X331",33,2.2817679558011
"X332",33.1,2.05952380952381
"X333",33.2,2.26086956521739
"X334",33.3,2.26519337016575
"X335",33.4,2.34042553191489
"X336",33.5,2.00571428571429
"X337",33.6,2.07262569832402
"X338",33.7,2.08888888888889
"X339",33.8,1.87113402061856
"X340",33.9,1.86206896551724
"X341",34,1.83977900552486
"X342",34.1,1.88165680473373
"X343",34.2,1.85549132947977
"X344",34.3,1.79190751445087
"X345",34.4,1.79896907216495
"X346",34.5,1.95454545454545
"X347",34.6,2.15168539325843
"X348",34.7,1.90452261306533
"X349",34.8,1.93333333333333
"X350",34.9,2.29
"X351",35,2.61658031088083
"X352",35.1,3.22842639593909
"X353",35.2,3.16326530612245
"X354",35.3,3.46276595744681
"X355",35.4,3
"X356",35.5,2.60989010989011
"X357",35.6,3.05714285714286
"X358",35.7,2.77058823529412
"X359",35.8,2.55555555555556
"X360",35.9,2.0054347826087
"X361",36,1.84571428571429
"X362",36.1,1.85474860335196
"X363",36.2,1.74431818181818
"X364",36.3,1.88135593220339
"X365",36.4,1.75438596491228
"X366",36.5,2.00540540540541
"X367",36.6,2.40350877192982
"X368",36.7,2.2625
"X369",36.8,1.84090909090909
"X370",36.9,2.01183431952663
"X371",37,1.92982456140351
"X372",37.1,2.09302325581395
"X373",37.2,2.31547619047619
"X374",37.3,2.51829268292683
"X375",37.4,2.62359550561798
"X376",37.5,2.17894736842105
"X377",37.6,2.07182320441989
"X378",37.7,2.17142857142857
"X379",37.8,2.38659793814433
"X380",37.9,2.5
"X381",38,2.46236559139785
"X382",38.1,2.7292817679558
"X383",38.2,2.92718446601942
"X384",38.3,3.23157894736842
"X385",38.4,2.95477386934673
"X386",38.5,2.73039215686275
"X387",38.6,2.59685863874346
"X388",38.7,2.52849740932642
"X389",38.8,2.55428571428571
"X390",38.9,3.06806282722513
"X391",39,2.63054187192118
"X392",39.1,2.78534031413613
"X393",39.2,2.75
"X394",39.3,2.70731707317073
"X395",39.4,2.605
"X396",39.5,2.71859296482412
"X397",39.6,3.09134615384615
"X398",39.7,2.73488372093023
"X399",39.8,3.09090909090909
"X400",39.9,3.22748815165877
"X401",40,3.42512077294686
"X402",40.1,2.90740740740741
"X403",40.2,3.74146341463415
"X404",40.3,2.94859813084112
"X405",40.4,2.81566820276498
"X406",40.5,2.91891891891892
"X407",40.6,2.69230769230769
"X408",40.7,2.68837209302326
"X409",40.8,2.85507246376812
"X410",40.9,2.77272727272727
"X411",41,3.1609756097561
"X412",41.1,3.18518518518519
"X413",41.2,3.22994652406417
"X414",41.3,2.62
"X415",41.4,2.50526315789474
"X416",41.5,2.64397905759162
"X417",41.6,2.37037037037037
"X418",41.7,2.14754098360656
"X419",41.8,2.22680412371134
"X420",41.9,2.78651685393258
"X421",42,2.73076923076923
"X422",42.1,2.36686390532544
"X423",42.2,2.11602209944751
"X424",42.3,2.45086705202312
"X425",42.4,1.77900552486188
"X426",42.5,2.08074534161491
"X427",42.6,2.03954802259887
"X428",42.7,2.19277108433735
"X429",42.8,2.13636363636364
"X430",42.9,2.06666666666667
"X431",43,1.90960451977401
"X432",43.1,1.75609756097561
"X433",43.2,1.90116279069767
"X434",43.3,1.88622754491018
"X435",43.4,2.07006369426752
"X436",43.5,2.35428571428571
"X437",43.6,2.25
"X438",43.7,2.17514124293785
"X439",43.8,2.72727272727273
"X440",43.9,2.8314606741573
"X441",44,2
"X442",44.1,2.13173652694611
"X443",44.2,2.22988505747126
"X444",44.3,2.19230769230769
"X445",44.4,2.37569060773481
"X446",44.5,2.64141414141414
"X447",44.6,2.775
"X448",44.7,3.03076923076923
"X449",44.8,2.91549295774648
"X450",44.9,3.30456852791878
"X451",45,2.31550802139037
"X452",45.1,2.42328042328042
"X453",45.2,2.6551724137931
"X454",45.3,2.80829015544041
"X455",45.4,3.06153846153846
"X456",45.5,4.2970297029703
"X457",45.6,4.68468468468468
"X458",45.7,4.64390243902439
"X459",45.8,4.47058823529412
"X460",45.9,3.0390243902439
"X461",46,2.78995433789954
"X462",46.1,3.36923076923077
"X463",46.2,2.88059701492537
"X464",46.3,2.63348416289593
"X465",46.4,3.77130044843049
"X466",46.5,7.71300448430493
"X467",46.6,9.27753303964758
"X468",46.7,8.60176991150442
"X469",46.8,9.31914893617021
"X470",46.9,8.31601731601732
"X471",47,8.07826086956522
"X472",47.1,6.40167364016736
"X473",47.2,4.90140845070423
"X474",47.3,4.24657534246575
"X475",47.4,3.75829383886256
"X476",47.5,3.89795918367347
"X477",47.6,3.64077669902913
"X478",47.7,3.4780487804878
"X479",47.8,3.71875
"X480",47.9,3.39613526570048
"X481",48,2.87755102040816
"X482",48.1,2.71634615384615
"X483",48.2,3.14814814814815
"X484",48.3,3.53301886792453
"X485",48.4,3.45673076923077
"X486",48.5,3.25247524752475
"X487",48.6,3.70283018867925
"X488",48.7,3.53181818181818
"X489",48.8,3.36986301369863
"X490",48.9,3.93693693693694
"X491",49,3.84070796460177
"X492",49.1,4.6
"X493",49.2,4.63380281690141
"X494",49.3,5.18867924528302
"X495",49.4,4.35849056603774
"X496",49.5,4.89150943396226
"X497",49.6,5.63720930232558
"X498",49.7,5.24644549763033
"X499",49.8,4.94258373205742
"X500",49.9,5.03553299492386
"X501",50,5.33846153846154
"X502",50.1,4.46634615384615
"X503",50.2,3.67632850241546
"X504",50.3,3.78804347826087
"X505",50.4,3.7027027027027
"X506",50.5,4.25
"X507",50.6,3.82323232323232
"X508",50.7,3.43434343434343
"X509",50.8,3.77297297297297
"X510",50.9,3.13368983957219
"X511",51,2.33689839572193
"X512",51.1,2.31958762886598
"X513",51.2,2.54455445544554
"X514",51.3,2.56852791878173
"X515",51.4,2.78494623655914
"X516",51.5,2.12637362637363
"X517",51.6,2.30167597765363
"X518",51.7,2.31443298969072
"X519",51.8,2.4375
"X520",51.9,2.75138121546961
"X521",52,2.4207650273224
"X522",52.1,2.39884393063584
"X523",52.2,2.17391304347826
"X524",52.3,2.625
"X525",52.4,2.84408602150538
"X526",52.5,2.5625
"X527",52.6,1.88304093567251
"X528",52.7,2.05649717514124
"X529",52.8,2.32941176470588
"X530",52.9,1.84408602150538
"X531",53,1.79881656804734
"X532",53.1,1.89502762430939
"X533",53.2,1.72881355932203
"X534",53.3,1.7797619047619
"X535",53.4,1.90963855421687
"X536",53.5,1.85964912280702
"X537",53.6,1.89502762430939
"X538",53.7,1.94610778443114
"X539",53.8,1.85245901639344
"X540",53.9,1.8
"X541",54,1.69620253164557
"X542",54.1,2.03614457831325
"X543",54.2,1.88648648648649
"X544",54.3,1.70689655172414
"X545",54.4,1.60115606936416
"X546",54.5,1.61764705882353
"X547",54.6,1.75925925925926
"X548",54.7,1.7037037037037
"X549",54.8,1.74301675977654
"X550",54.9,1.68823529411765
"X551",55,1.64705882352941
"X552",55.1,1.63583815028902
"X553",55.2,2.00584795321637
"X554",55.3,2.08333333333333
"X555",55.4,2.09289617486339
"X556",55.5,2.13829787234043
"X557",55.6,2.10285714285714
"X558",55.7,1.71597633136095
"X559",55.8,1.86187845303867
"X560",55.9,1.72670807453416
"X561",56,1.80898876404494
"X562",56.1,2.5625
"X563",56.2,2.1864406779661
"X564",56.3,2.2814371257485
"X565",56.4,3.15025906735751
"X566",56.5,4.74585635359116
"X567",56.6,4.6282722513089
"X568",56.7,2.84210526315789
"X569",56.8,2.73936170212766
"X570",56.9,2.61386138613861
"X571",57,2.47029702970297
"X572",57.1,2.88297872340426
"X573",57.2,2.89637305699482
"X574",57.3,3.285
"X575",57.4,2.9119170984456
"X576",57.5,3.06666666666667
"X577",57.6,2.92268041237113
"X578",57.7,2.41988950276243
"X579",57.8,2.06417112299465
"X580",57.9,1.96825396825397
"X581",58,1.84444444444444
"X582",58.1,1.86127167630058
"X583",58.2,2.10243902439024
"X584",58.3,2.04864864864865
"X585",58.4,2.52222222222222
"X586",58.5,2.55135135135135
"X587",58.6,2.18681318681319
"X588",58.7,1.81609195402299
"X589",58.8,1.73157894736842
"X590",58.9,1.81714285714286
"X591",59,2.16149068322981
"X592",59.1,2.07821229050279
"X593",59.2,2.13157894736842
"X594",59.3,1.98550724637681
"X595",59.4,1.8956043956044
"X596",59.5,1.93085106382979
"X597",59.6,2.0765306122449
"X598",59.7,2
"X599",59.8,2.00523560209424
"X600",59.9,2.10160427807487
"X601",60,2.10404624277457
"X602",60.1,2.21319796954315
"X603",60.2,2.04469273743017
"X604",60.3,2.18681318681319
"X605",60.4,1.93103448275862
"X606",60.5,2.06741573033708
"X607",60.6,2.234375
"X608",60.7,2.046875
"X609",60.8,2.22631578947368
"X610",60.9,2.04255319148936
"X611",61,1.86875
"X612",61.1,1.74157303370787
"X613",61.2,1.56024096385542
"X614",61.3,1.58181818181818
"X615",61.4,1.54651162790698
"X616",61.5,1.6144578313253
"X617",61.6,1.67515923566879
"X618",61.7,1.71140939597315
"X619",61.8,1.50649350649351
"X620",61.9,1.49397590361446
"X621",62,1.61313868613139
"X622",62.1,1.50993377483444
"X623",62.2,1.6530612244898
"X624",62.3,1.45945945945946
"X625",62.4,1.56291390728477
"X626",62.5,1.53289473684211
"X627",62.6,1.63803680981595
"X628",62.7,1.68354430379747
"X629",62.8,1.66225165562914
"X630",62.9,1.78481012658228
"X631",63,1.69182389937107
"X632",63.1,1.78857142857143
"X633",63.2,1.63483146067416
"X634",63.3,1.68789808917197
"X635",63.4,1.58620689655172
"X636",63.5,1.61271676300578
"X637",63.6,1.6280487804878
"X638",63.7,1.73099415204678
"X639",63.8,1.63057324840764
"X640",63.9,1.76966292134831
"X641",64,1.6878612716763
"X642",64.1,1.53260869565217
"X643",64.2,1.88826815642458
"X644",64.3,1.79234972677596
"X645",64.4,1.84126984126984
"X646",64.5,2.0225988700565
"X647",64.6,2.00510204081633
"X648",64.7,1.88
"X649",64.8,1.92934782608696
"X650",64.9,1.88068181818182
"X651",65,1.85567010309278
"X652",65.1,2.32085561497326
"X653",65.2,2.60752688172043
"X654",65.3,2.85263157894737
"X655",65.4,2.57142857142857
"X656",65.5,2.45744680851064
"X657",65.6,2.63297872340426
"X658",65.7,2.35483870967742
"X659",65.8,2.27368421052632
"X660",65.9,3.15789473684211
"X661",66,3.89756097560976
"X662",66.1,3.10204081632653
"X663",66.2,2.92227979274611
"X664",66.3,2.52659574468085
"X665",66.4,2.885
"X666",66.5,2.82843137254902
"X667",66.6,2.78048780487805
"X668",66.7,2.90686274509804
"X669",66.8,2.77941176470588
"X670",66.9,2.495
"X671",67,2.92344497607656
"X672",67.1,3.14423076923077
"X673",67.2,3.81914893617021
"X674",67.3,3.38341968911917
"X675",67.4,2.05759162303665
"X676",67.5,2.1063829787234
"X677",67.6,1.88333333333333
"X678",67.7,1.98913043478261
"X679",67.8,2.21538461538462
"X680",67.9,2.30978260869565
"X681",68,2.19402985074627
"X682",68.1,2.42131979695431
"X683",68.2,2.40487804878049
"X684",68.3,2.66666666666667
"X685",68.4,2.45876288659794
"X686",68.5,2.54945054945055
"X687",68.6,2.74384236453202
"X688",68.7,2.5
"X689",68.8,2.5
"X690",68.9,2.23958333333333
"X691",69,2.1005291005291
"X692",69.1,1.984375
"X693",69.2,1.88524590163934
"X694",69.3,2.11229946524064
"X695",69.4,1.99487179487179
"X696",69.5,2.09625668449198
"X697",69.6,1.89784946236559
"X698",69.7,2.23711340206186
"X699",69.8,2.46031746031746
"X700",69.9,2.68421052631579
"X701",70,2.57219251336898
"X702",70.1,2.50990099009901
"X703",70.2,2.48717948717949
"X704",70.3,2.43956043956044
"X705",70.4,2.62962962962963
"X706",70.5,2.48663101604278
"X707",70.6,2.78835978835979
"X708",70.7,2.72395833333333
"X709",70.8,2.64356435643564
"X710",70.9,2.30733944954128
"X711",71,2.39175257731959
"X712",71.1,2.45360824742268
"X713",71.2,2.64210526315789
"X714",71.3,2.84491978609626
"X715",71.4,2.734375
"X716",71.5,3.24630541871921
"X717",71.6,3.22279792746114
"X718",71.7,3.54301075268817
"X719",71.8,3.48325358851675
"X720",71.9,3.65
"X721",72,3.90909090909091
"X722",72.1,3.54976303317536
"X723",72.2,3.64
"X724",72.3,3.72549019607843
"X725",72.4,3.48768472906404
"X726",72.5,3.30845771144279
"X727",72.6,3.06878306878307
"X728",72.7,3.41346153846154
"X729",72.8,3.67171717171717
"X730",72.9,3.42857142857143
"X731",73,3.50746268656716
"X732",73.1,3.30331753554502
"X733",73.2,3.09047619047619
"X734",73.3,3.13065326633166
"X735",73.4,3.25380710659898
"X736",73.5,2.95408163265306
"X737",73.6,2.95979899497487
"X738",73.7,2.81592039800995
"X739",73.8,3.0969387755102
"X740",73.9,3.34
"X741",74,3.17277486910995
"X742",74.1,3.35748792270531
"X743",74.2,3.71428571428571
"X744",74.3,3.93119266055046
"X745",74.4,3.71065989847716
"X746",74.5,3.13170731707317
"X747",74.6,3.18483412322275
"X748",74.7,3.58536585365854
"X749",74.8,4.19742489270386
"X750",74.9,3.77358490566038
"X751",75,3.41552511415525
"X752",75.1,3.53703703703704
"X753",75.2,4.34579439252336
"X754",75.3,4.215859030837
"X755",75.4,3.55045871559633
"X756",75.5,3.29411764705882
"X757",75.6,3.49350649350649
"X758",75.7,3.23737373737374
"X759",75.8,3.16326530612245
"X760",75.9,3.5273631840796
"X761",76,3.57013574660634
"X762",76.1,3.58571428571429
"X763",76.2,3.25592417061611
"X764",76.3,3.85576923076923
"X765",76.4,3.06103286384977
"X766",76.5,3.24630541871921
"X767",76.6,2.63131313131313
"X768",76.7,2.47938144329897
"X769",76.8,2.62631578947368
"X770",76.9,2.43617021276596
"X771",77,2.34146341463415
"X772",77.1,2.11666666666667
"X773",77.2,2.02298850574713
"X774",77.3,2.07182320441989
"X775",77.4,2.29608938547486
"X776",77.5,2.61578947368421
"X777",77.6,2.63541666666667
"X778",77.7,2.38235294117647
"X779",77.8,1.95212765957447
"X780",77.9,1.96703296703297
"X781",78,1.98285714285714
"X782",78.1,1.93220338983051
"X783",78.2,1.95121951219512
"X784",78.3,1.89714285714286
"X785",78.4,1.85875706214689
"X786",78.5,1.88068181818182
"X787",78.6,1.88235294117647
"X788",78.7,2.09090909090909
"X789",78.8,1.92024539877301
"X790",78.9,1.70114942528736
"X791",79,1.65895953757225
"X792",79.1,1.75471698113208
"X793",79.2,1.79329608938547
"X794",79.3,1.90588235294118
"X795",79.4,1.88439306358382
"X796",79.5,2.13559322033898
"X797",79.6,2.15217391304348
"X798",79.7,1.95209580838323
"X799",79.8,2.17222222222222
"X800",79.9,2.62365591397849
"X801",80,3.07936507936508
"X802",80.1,2.56451612903226
"X803",80.2,2.24571428571429
"X804",80.3,2.01829268292683
"X805",80.4,2.03086419753086
"X806",80.5,1.87222222222222
"X807",80.6,1.85393258426966
"X808",80.7,2.78823529411765
"X809",80.8,2.12
"X810",80.9,1.80459770114943
"X811",81,1.84269662921348
"X812",81.1,1.92090395480226
"X813",81.2,1.98181818181818
"X814",81.3,2.12337662337662
"X815",81.4,1.73255813953488
"X816",81.5,2.16959064327485
"X817",81.6,1.83870967741935
"X818",81.7,1.67647058823529
"X819",81.8,2.34730538922156
"X820",81.9,2.84745762711864
"X821",82,2.08982035928144
"X822",82.1,1.92993630573248
"X823",82.2,1.74233128834356
"X824",82.3,1.64473684210526
"X825",82.4,1.9047619047619
"X826",82.5,1.69714285714286
"X827",82.6,1.86060606060606
"X828",82.7,1.83720930232558
"X829",82.8,1.80571428571429
"X830",82.9,1.97237569060773
"X831",83,1.7202380952381
"X832",83.1,1.92571428571429
"X833",83.2,2.12087912087912
"X834",83.3,2.43502824858757
"X835",83.4,2.02105263157895
"X836",83.5,2.03314917127072
"X837",83.6,2.12903225806452
"X838",83.7,2.2713567839196
"X839",83.8,2.47236180904523
"X840",83.9,2.17934782608696
"X841",84,2.54871794871795
"X842",84.1,2.32085561497326
"X843",84.2,2.41752577319588
"X844",84.3,2.66990291262136
"X845",84.4,2.32338308457711
"X846",84.5,2.18041237113402
"X847",84.6,3.48989898989899
"X848",84.7,4.26699029126214
"X849",84.8,4.795
"X850",84.9,4.63978494623656
"X851",85,4.75956284153005
"X852",85.1,4.11111111111111
"X853",85.2,4.28402366863905
"X854",85.3,4.6978021978022
"X855",85.4,4.3248730964467
"X856",85.5,4.25373134328358
"X857",85.6,4.08290155440415
"X858",85.7,4.31491712707182
"X859",85.8,3.7967032967033
"X860",85.9,4.33939393939394
"X861",86,4.84615384615385
"X862",86.1,5.91005291005291
"X863",86.2,5.77401129943503
"X864",86.3,4.31446540880503
"X865",86.4,4.22641509433962
"X866",86.5,4.07317073170732
"X867",86.6,4.26162790697674
"X868",86.7,3.32258064516129
"X869",86.8,2.45
"X870",86.9,2.25555555555556
"X871",87,1.95333333333333
"X872",87.1,2.08571428571429
"X873",87.2,2.03846153846154
"X874",87.3,2.0059880239521
"X875",87.4,2.03296703296703
"X876",87.5,1.72121212121212
"X877",87.6,1.72727272727273
"X878",87.7,1.70108695652174
"X879",87.8,1.49375
"X880",87.9,1.49142857142857
"X881",88,1.61963190184049
"X882",88.1,1.57046979865772
"X883",88.2,1.82080924855491
"X884",88.3,1.70658682634731
"X885",88.4,1.70949720670391
"X886",88.5,1.98203592814371
"X887",88.6,1.66489361702128
"X888",88.7,1.71428571428571
"X889",88.8,1.74742268041237
"X890",88.9,1.63793103448276
"X891",89,1.76923076923077
"X892",89.1,1.63684210526316
"X893",89.2,1.94148936170213
"X894",89.3,1.84444444444444
"X895",89.4,1.85365853658537
"X896",89.5,1.71354166666667
"X897",89.6,1.82323232323232
"X898",89.7,1.71676300578035
"X899",89.8,1.76884422110553
"X900",89.9,1.84736842105263
"X901",90,1.77319587628866
"X902",90.1,2.11594202898551
"X903",90.2,2.14646464646465
"X904",90.3,1.8030303030303
"X905",90.4,1.97872340425532
"X906",90.5,1.9047619047619
"X907",90.6,1.73584905660377
"X908",90.7,1.83769633507853
"X909",90.8,1.79899497487437
"X910",90.9,1.76328502415459
"X911",91,1.74871794871795
"X912",91.1,1.71634615384615
"X913",91.2,1.75238095238095
"X914",91.3,1.71875
"X915",91.4,1.96682464454976
"X916",91.5,1.76555023923445
"X917",91.6,1.81
"X918",91.7,1.71495327102804
"X919",91.8,1.75117370892019
"X920",91.9,1.68055555555556
"X921",92,1.94117647058824
"X922",92.1,1.93809523809524
"X923",92.2,1.94859813084112
"X924",92.3,1.89756097560976
"X925",92.4,1.91943127962085
"X926",92.5,2.70526315789474
"X927",92.6,3.06060606060606
"X928",92.7,2.28712871287129
"X929",92.8,1.98913043478261
"X930",92.9,1.74129353233831
"X931",93,1.79166666666667
"X932",93.1,1.77157360406091
"X933",93.2,1.79620853080569
"X934",93.3,2.02645502645503
"X935",93.4,1.85365853658537
"X936",93.5,1.77142857142857
"X937",93.6,1.69377990430622
"X938",93.7,1.57
"X939",93.8,1.43062200956938
"X940",93.9,1.47761194029851
"X941",94,1.62559241706161
"X942",94.1,1.69565217391304
"X943",94.2,1.50490196078431
"X944",94.3,1.61038961038961
"X945",94.4,1.63135593220339
"X946",94.5,1.57272727272727
"X947",94.6,1.6652719665272
"X948",94.7,1.74778761061947
"X949",94.8,1.92410714285714
"X950",94.9,1.94331983805668
"X951",95,1.96218487394958
"X952",95.1,2.04897959183673
"X953",95.2,2.11240310077519
"X954",95.3,1.84210526315789
"X955",95.4,2.09803921568627
"X956",95.5,2
"X957",95.6,2.08333333333333
"X958",95.7,2.03260869565217
"X959",95.8,2.0234375
"X960",95.9,2.79766536964981
"X961",96,3.24137931034483
"X962",96.1,3.23928571428571
"X963",96.2,3.29537366548043
"X964",96.3,2.61048689138577
"X965",96.4,2.29365079365079
"X966",96.5,2.67450980392157
"X967",96.6,2.69961977186312
"X968",96.7,2.02173913043478
"X969",96.8,1.76068376068376
"X970",96.9,1.7198275862069
"X971",97,1.54954954954955
"X972",97.1,1.65065502183406
"X973",97.2,1.99118942731278
"X974",97.3,1.80334728033473
"X975",97.4,1.73303167420814
"X976",97.5,1.89519650655022
"X977",97.6,1.69098712446352
"X978",97.7,1.64757709251101
"X979",97.8,1.80434782608696
"X980",97.9,1.84375
"X981",98,1.65094339622642
"X982",98.1,1.63865546218487
"X983",98.2,1.74152542372881
"X984",98.3,1.65909090909091
"X985",98.4,1.64319248826291
"X986",98.5,1.63318777292576
"X987",98.6,1.79148936170213
"X988",98.7,1.8394495412844
"X989",98.8,1.81735159817352
"X990",98.9,1.73469387755102
"X991",99,1.65502183406114
"X992",99.1,1.7972972972973
"X993",99.2,1.84166666666667
"X994",99.3,1.91739130434783
"X995",99.4,1.91479820627803
"X996",99.5,1.99145299145299
"X997",99.6,1.83111111111111
"X998",99.7,1.77350427350427
"X999",99.8,1.74137931034483
"X1000",99.9,1.67510548523207
"X1001",100,1.82017543859649
"X1002",100.1,1.76612903225806
"X1003",100.2,1.92511013215859
"X1004",100.3,1.94915254237288
"X1005",100.4,2.19341563786008
"X1006",100.5,2.25339366515837
"X1007",100.6,1.78813559322034
"X1008",100.7,1.91703056768559
"X1009",100.8,1.7563025210084
"X1010",100.9,1.75423728813559
"X1011",101,1.675
"X1012",101.1,1.78165938864629
"X1013",101.2,1.81923076923077
"X1014",101.3,1.95785440613027
"X1015",101.4,1.9601593625498
"X1016",101.5,1.6171875
"X1017",101.6,1.72573839662447
"X1018",101.7,1.72413793103448
"X1019",101.8,1.70833333333333
"X1020",101.9,1.70967741935484
"X1021",102,1.6986301369863
"X1022",102.1,1.66371681415929
"X1023",102.2,1.50232558139535
"X1024",102.3,1.69953051643192
"X1025",102.4,1.61016949152542
"X1026",102.5,1.75105485232068
"X1027",102.6,1.88510638297872
"X1028",102.7,1.74015748031496
"X1029",102.8,2.004329004329
"X1030",102.9,2.16141732283465
"X1031",103,2.10041841004184
"X1032",103.1,2.35245901639344
"X1033",103.2,2.43145161290323
"X1034",103.3,2.5859375
"X1035",103.4,2.188
"X1036",103.5,2.06538461538462
"X1037",103.6,2.37307692307692
"X1038",103.7,3.38076923076923
"X1039",103.8,3.3125
"X1040",103.9,2.90601503759398
"X1041",104,2.52029520295203
"X1042",104.1,2.38461538461538
"X1043",104.2,2.68846153846154
"X1044",104.3,2.84824902723735
"X1045",104.4,3.22761194029851
"X1046",104.5,3.16988416988417
"X1047",104.6,3.34387351778656
"X1048",104.7,3.31517509727626
"X1049",104.8,3.4469696969697
"X1050",104.9,2.78740157480315
"X1051",105,2.36016949152542
"X1052",105.1,1.96170212765957
"X1053",105.2,1.81651376146789
"X1054",105.3,1.59605911330049
"X1055",105.4,1.48557692307692
"X1056",105.5,1.54187192118227
"X1057",105.6,1.54054054054054
"X1058",105.7,1.42233009708738
"X1059",105.8,1.49779735682819
"X1060",105.9,1.47136563876652
"X1061",106,1.53333333333333
"X1062",106.1,1.49308755760369
"X1063",106.2,1.51785714285714
"X1064",106.3,1.51785714285714
"X1065",106.4,1.75313807531381
"X1066",106.5,1.65065502183406
"X1067",106.6,1.55172413793103
"X1068",106.7,1.61842105263158
"X1069",106.8,1.51982378854626
"X1070",106.9,1.5938864628821
"X1071",107,1.66203703703704
"X1072",107.1,1.64678899082569
"X1073",107.2,1.5875486381323
"X1074",107.3,1.77489177489177
"X1075",107.4,1.96052631578947
"X1076",107.5,1.93534482758621
"X1077",107.6,1.59493670886076
"X1078",107.7,1.85267857142857
"X1079",107.8,1.72222222222222
"X1080",107.9,1.67659574468085
"X1081",108,1.62555066079295
"X1082",108.1,1.57798165137615
"X1083",108.2,1.51555555555556
"X1084",108.3,1.5625
"X1085",108.4,1.56696428571429
"X1086",108.5,1.5377358490566
"X1087",108.6,1.63963963963964
"X1088",108.7,1.48039215686275
"X1089",108.8,1.54761904761905
"X1090",108.9,1.4952380952381
"X1091",109,1.47867298578199
"X1092",109.1,1.60576923076923
"X1093",109.2,1.54838709677419
"X1094",109.3,1.53153153153153
"X1095",109.4,1.54502369668246
"X1096",109.5,1.71078431372549
"X1097",109.6,1.81900452488688
"X1098",109.7,2.03211009174312
"X1099",109.8,2.11009174311927
"X1100",109.9,2.32420091324201
"X1101",110,2.61842105263158
"X1102",110.1,2.02631578947368
"X1103",110.2,1.72037914691943
"X1104",110.3,1.88362068965517
"X1105",110.4,1.91584158415842
"X1106",110.5,1.88571428571429
"X1107",110.6,2.06607929515418
"X1108",110.7,2.0521327014218
"X1109",110.8,1.72429906542056
"X1110",110.9,1.67757009345794
"X1111",111,1.82464454976303
"X1112",111.1,1.53
"X1113",111.2,1.76666666666667
"X1114",111.3,1.89814814814815
"X1115",111.4,1.85714285714286
"X1116",111.5,1.91866028708134
"X1117",111.6,2.28846153846154
"X1118",111.7,1.61711711711712
"X1119",111.8,1.58918918918919
"X1120",111.9,1.56281407035176
"X1121",112,1.52525252525253
"X1122",112.1,1.66304347826087
"X1123",112.2,1.60824742268041
"X1124",112.3,1.69832402234637
"X1125",112.4,1.58128078817734
"X1126",112.5,1.48947368421053
"X1127",112.6,1.58241758241758
"X1128",112.7,1.55497382198953
"X1129",112.8,1.50837988826816
"X1130",112.9,1.79781420765027
"X1131",113,1.6974358974359
"X1132",113.1,1.57954545454545
"X1133",113.2,1.50877192982456
"X1134",113.3,1.52777777777778
"X1135",113.4,1.70059880239521
"X1136",113.5,1.57894736842105
"X1137",113.6,1.77486910994764
"X1138",113.7,1.49726775956284
"X1139",113.8,1.66847826086957
"X1140",113.9,1.7797619047619
"X1141",114,1.49056603773585
"X1142",114.1,1.49112426035503
"X1143",114.2,1.47337278106509
"X1144",114.3,1.5
"X1145",114.4,1.54166666666667
"X1146",114.5,1.54970760233918
"X1147",114.6,1.68354430379747
"X1148",114.7,1.5379746835443
"X1149",114.8,1.50898203592814
"X1150",114.9,1.5672514619883
"X1151",115,1.53896103896104
"X1152",115.1,1.51162790697674
"X1153",115.2,1.60344827586207
"X1154",115.3,1.58988764044944
"X1155",115.4,1.47752808988764
"X1156",115.5,1.71186440677966
"X1157",115.6,1.98907103825137
"X1158",115.7,1.70165745856354
"X1159",115.8,1.3961038961039
"X1160",115.9,1.47878787878788
"X1161",116,1.51851851851852
"X1162",116.1,1.4585635359116
"X1163",116.2,3.15909090909091
"X1164",116.3,3.26347305389222
"X1165",116.4,4.52469135802469
"X1166",116.5,4.74233128834356
"X1167",116.6,3.56329113924051
"X1168",116.7,1.6775956284153
"X1169",116.8,1.69461077844311
"X1170",116.9,1.64473684210526
"X1171",117,1.64666666666667
"X1172",117.1,1.61676646706587
"X1173",117.2,1.69047619047619
"X1174",117.3,1.69822485207101
"X1175",117.4,1.74213836477987
"X1176",117.5,2.06936416184971
"X1177",117.6,2.14857142857143
"X1178",117.7,1.8121546961326
"X1179",117.8,1.71686746987952
"X1180",117.9,1.74705882352941
"X1181",118,1.71204188481675
"X1182",118.1,1.74444444444444
"X1183",118.2,1.58333333333333
"X1184",118.3,1.62424242424242
"X1185",118.4,1.65822784810127
"X1186",118.5,1.69090909090909
"X1187",118.6,1.62573099415205
"X1188",118.7,1.74358974358974
"X1189",118.8,1.79428571428571
"X1190",118.9,1.60975609756098
"X1191",119,1.67682926829268
"X1192",119.1,1.66860465116279
"X1193",119.2,1.6125
"X1194",119.3,1.80681818181818
"X1195",119.4,1.78616352201258
"X1196",119.5,1.64327485380117
"X1197",119.6,1.69230769230769
"X1198",119.7,1.72670807453416
"X1199",119.8,1.95321637426901
"X1200",119.9,1.6123595505618
"X1201",120,1.90340909090909
"X1202",120.1,1.72121212121212
"X1203",120.2,1.65730337078652
"X1204",120.3,1.77914110429448
"X1205",120.4,1.73714285714286
"X1206",120.5,1.86627906976744
"X1207",120.6,1.75151515151515
"X1208",120.7,1.57062146892655
"X1209",120.8,1.60227272727273
"X1210",120.9,1.72159090909091
"X1211",121,1.95808383233533
"X1212",121.1,1.81382978723404
"X1213",121.2,1.80213903743316
"X1214",121.3,1.83236994219653
"X1215",121.4,1.82122905027933
"X1216",121.5,1.84782608695652
"X1217",121.6,1.98192771084337
"X1218",121.7,1.92045454545455
"X1219",121.8,1.84567901234568
"X1220",121.9,1.71022727272727
"X1221",122,1.8855421686747
"X1222",122.1,1.83888888888889
"X1223",122.2,1.875
"X1224",122.3,1.97575757575758
"X1225",122.4,1.87431693989071
"X1226",122.5,1.86335403726708
"X1227",122.6,2.05056179775281
"X1228",122.7,1.68452380952381
"X1229",122.8,1.86163522012579
"X1230",122.9,2.03225806451613
"X1231",123,1.8525641025641
"X1232",123.1,1.65986394557823
"X1233",123.2,1.63694267515924
"X1234",123.3,1.72289156626506
"X1235",123.4,1.61224489795918
"X1236",123.5,1.55828220858896
"X1237",123.6,1.7625
"X1238",123.7,1.59375
"X1239",123.8,1.47204968944099
"X1240",123.9,1.84276729559748
"X1241",124,1.5776397515528
"X1242",124.1,1.77922077922078
"X1243",124.2,1.63924050632911
"X1244",124.3,1.64968152866242
"X1245",124.4,1.85964912280702
"X1246",124.5,1.69325153374233
"X1247",124.6,1.50306748466258
"X1248",124.7,1.61077844311377
"X1249",124.8,1.72455089820359
"X1250",124.9,2.12790697674419
"X1251",125,1.77215189873418
"X1252",125.1,1.67295597484277
"X1253",125.2,1.89265536723164
"X1254",125.3,1.9438202247191
"X1255",125.4,2.04624277456647
"X1256",125.5,2.10975609756098
"X1257",125.6,1.90909090909091
"X1258",125.7,1.81609195402299
"X1259",125.8,2.21081081081081
"X1260",125.9,2.09289617486339
"X1261",126,2.03333333333333
"X1262",126.1,1.84269662921348
"X1263",126.2,1.78823529411765
"X1264",126.3,1.75
"X1265",126.4,1.9030303030303
"X1266",126.5,1.77456647398844
"X1267",126.6,1.88636363636364
"X1268",126.7,1.67796610169492
"X1269",126.8,1.63803680981595
"X1270",126.9,1.73214285714286
"X1271",127,1.80120481927711
"X1272",127.1,1.84210526315789
"X1273",127.2,1.86470588235294
"X1274",127.3,1.83006535947712
"X1275",127.4,1.81656804733728
"X1276",127.5,1.73456790123457
"X1277",127.6,1.80487804878049
"X1278",127.7,1.66883116883117
"X1279",127.8,1.79310344827586
"X1280",127.9,1.9375
"X1281",128,1.73006134969325
"X1282",128.1,1.88607594936709
"X1283",128.2,1.86746987951807
"X1284",128.3,2.11904761904762
"X1285",128.4,1.73885350318471
"X1286",128.5,1.61142857142857
"X1287",128.6,1.78142076502732
"X1288",128.7,1.8433734939759
"X1289",128.8,2.10059171597633
"X1290",128.9,1.84
"X1291",129,1.91875
"X1292",129.1,2
"X1293",129.2,1.8
"X1294",129.3,1.8695652173913
"X1295",129.4,1.95031055900621
"X1296",129.5,1.96842105263158
"X1297",129.6,1.625
"X1298",129.7,1.81325301204819
"X1299",129.8,1.87577639751553
"X1300",129.9,1.80120481927711
"X1301",130,1.68789808917197
"X1302",130.1,1.62576687116564
"X1303",130.2,1.64285714285714
"X1304",130.3,1.72619047619048
"X1305",130.4,1.79881656804734
"X1306",130.5,1.6358024691358
"X1307",130.6,1.75842696629213
"X1308",130.7,1.73493975903614
"X1309",130.8,1.78823529411765
"X1310",130.9,1.52795031055901
"X1311",131,1.7962962962963
"X1312",131.1,1.81976744186047
"X1313",131.2,1.7375
"X1314",131.3,1.96571428571429
"X1315",131.4,1.78698224852071
"X1316",131.5,1.87349397590361
"X1317",131.6,1.8452380952381
"X1318",131.7,1.90173410404624
"X1319",131.8,1.87647058823529
"X1320",131.9,1.74418604651163
"X1321",132,1.78915662650602
"X1322",132.1,1.6078431372549
"X1323",132.2,1.78698224852071
"X1324",132.3,1.53472222222222
"X1325",132.4,1.72670807453416
"X1326",132.5,1.60810810810811
"X1327",132.6,1.69480519480519
"X1328",132.7,1.64556962025316
"X1329",132.8,1.67058823529412
"X1330",132.9,1.81012658227848
"X1331",133,1.56287425149701
"X1332",133.1,1.69277108433735
"X1333",133.2,1.76073619631902
"X1334",133.3,1.73939393939394
"X1335",133.4,1.67052023121387
"X1336",133.5,1.75796178343949
"X1337",133.6,1.72455089820359
"X1338",133.7,1.56410256410256
"X1339",133.8,2.3121387283237
"X1340",133.9,3.24096385542169
"X1341",134,3.15909090909091
"X1342",134.1,3.39393939393939
"X1343",134.2,2.9030303030303
"X1344",134.3,2.72222222222222
"X1345",134.4,3.40804597701149
"X1346",134.5,3.38993710691824
"X1347",134.6,5.51933701657459
"X1348",134.7,6.26380368098159
"X1349",134.8,3.38518518518519
"X1350",134.9,3.0546875
"X1351",135,3.05511811023622
"X1352",135.1,2.4921875
"X1353",135.2,2.85211267605634
"X1354",135.3,3
"X1355",135.4,3.94082840236686
"X1356",135.5,4.92746113989637
"X1357",135.6,4.42857142857143
"X1358",135.7,3.02439024390244
"X1359",135.8,2.39333333333333
"X1360",135.9,2.41333333333333
"X1361",136,2.55714285714286
"X1362",136.1,2.43396226415094
"X1363",136.2,2.31818181818182
"X1364",136.3,2.44594594594595
"X1365",136.4,2.33116883116883
"X1366",136.5,2.44444444444444
"X1367",136.6,2.45625
"X1368",136.7,2.71621621621622
"X1369",136.8,3.07482993197279
"X1370",136.9,3.94117647058824
"X1371",137,4.34437086092715
"X1372",137.1,5.26219512195122
"X1373",137.2,7.6264367816092
"X1374",137.3,6.62365591397849
"X1375",137.4,5.05555555555556
"X1376",137.5,3.75609756097561
"X1377",137.6,3.072
"X1378",137.7,3.36
"X1379",137.8,3.88235294117647
"X1380",137.9,3.41958041958042
"X1381",138,2.90845070422535
"X1382",138.1,3.04878048780488
"X1383",138.2,3.01986754966887
"X1384",138.3,2.86259541984733
"X1385",138.4,4.62121212121212
"X1386",138.5,3.45945945945946
"X1387",138.6,3.91975308641975
"X1388",138.7,2.57241379310345
"X1389",138.8,1.76865671641791
"X1390",138.9,1.66187050359712
"X1391",139,1.61805555555556
"X1392",139.1,1.65734265734266
"X1393",139.2,1.80281690140845
"X1394",139.3,1.59285714285714
"X1395",139.4,1.6969696969697
"X1396",139.5,1.97222222222222
"X1397",139.6,1.85294117647059
"X1398",139.7,2.11347517730496
"X1399",139.8,2.07926829268293
"X1400",139.9,1.93788819875776
"X1401",140,2.16981132075472
"X1402",140.1,1.92715231788079
"X1403",140.2,1.95
"X1404",140.3,2.43624161073825
"X1405",140.4,2.2969696969697
"X1406",140.5,2.03048780487805
"X1407",140.6,2.43030303030303
"X1408",140.7,2.2037037037037
"X1409",140.8,2.1377245508982
"X1410",140.9,1.80116959064327
"X1411",141,2.2
"X1412",141.1,2.00552486187845
"X1413",141.2,2.12568306010929
"X1414",141.3,2.00555555555556
"X1415",141.4,2.52972972972973
"X1416",141.5,2.40625
"X1417",141.6,2.35294117647059
"X1418",141.7,1.82105263157895
"X1419",141.8,2.46236559139785
"X1420",141.9,2.15555555555556
"X1421",142,2.36756756756757
"X1422",142.1,2.3953488372093
"X1423",142.2,2.64634146341463
"X1424",142.3,2.49180327868852
"X1425",142.4,2.97959183673469
"X1426",142.5,2.38172043010753
"X1427",142.6,1.93296089385475
"X1428",142.7,1.96407185628743
"X1429",142.8,1.96571428571429
"X1430",142.9,1.85802469135802
"X1431",143,1.98773006134969
"X1432",143.1,1.72514619883041
"X1433",143.2,1.81212121212121
"X1434",143.3,1.97005988023952
"X1435",143.4,1.8452380952381
"X1436",143.5,2.17791411042945
"X1437",143.6,2.08053691275168
"X1438",143.7,1.83870967741935
"X1439",143.8,1.93506493506494
"X1440",143.9,1.74850299401198
"X1441",144,1.64102564102564
"X1442",144.1,1.77397260273973
"X1443",144.2,1.89261744966443
"X1444",144.3,1.79268292682927
"X1445",144.4,1.79268292682927
"X1446",144.5,1.93670886075949
"X1447",144.6,1.81111111111111
"X1448",144.7,1.75316455696203
"X1449",144.8,1.96913580246914
"X1450",144.9,1.78534031413613
"X1451",145,1.96407185628743
"X1452",145.1,1.78947368421053
"X1453",145.2,1.66242038216561
"X1454",145.3,1.88888888888889
"X1455",145.4,1.75
"X1456",145.5,1.86075949367089
"X1457",145.6,2.09356725146199
"X1458",145.7,2.31395348837209
"X1459",145.8,2.21590909090909
"X1460",145.9,2.07738095238095
"X1461",146,1.84042553191489
"X1462",146.1,2.02906976744186
"X1463",146.2,1.60975609756098
"X1464",146.3,1.55696202531646
"X1465",146.4,1.93491124260355
"X1466",146.5,2.14465408805031
"X1467",146.6,2.16265060240964
"X1468",146.7,1.91715976331361
"X1469",146.8,2.06707317073171
"X1470",146.9,1.94303797468354
"X1471",147,1.86666666666667
"X1472",147.1,1.89411764705882
"X1473",147.2,2.01136363636364
"X1474",147.3,2.01829268292683
"X1475",147.4,2.20689655172414
"X1476",147.5,2.13186813186813
"X1477",147.6,2.0655737704918
"X1478",147.7,2.04301075268817
"X1479",147.8,2.01604278074866
"X1480",147.9,2.1027027027027
"X1481",148,2.17919075144509
"X1482",148.1,2.34972677595628
"X1483",148.2,2.5625
"X1484",148.3,2.66842105263158
"X1485",148.4,2.43589743589744
"X1486",148.5,2.625
"X1487",148.6,2.93157894736842
"X1488",148.7,2.92513368983957
"X1489",148.8,2.79120879120879
"X1490",148.9,2.75280898876404
"X1491",149,3.30612244897959
"X1492",149.1,2.64615384615385
"X1493",149.2,2.65816326530612
"X1494",149.3,2.20441988950276
"X1495",149.4,2.2
"X1496",149.5,2.11340206185567
"X1497",149.6,2.04232804232804
"X1498",149.7,1.89944134078212
"X1499",149.8,1.71428571428571
"X1500",149.9,1.70391061452514
"X1501",150,1.94186046511628
"X1502",150.1,2.04519774011299
"X1503",150.2,1.82872928176796
"X1504",150.3,1.90104166666667
"X1505",150.4,2.29281767955801
"X1506",150.5,2.26519337016575
"X1507",150.6,2.34920634920635
"X1508",150.7,2.65775401069519
"X1509",150.8,2.99435028248588
"X1510",150.9,3.04081632653061
"X1511",151,4.09550561797753
"X1512",151.1,4.13483146067416
"X1513",151.2,3.94972067039106
"X1514",151.3,3.09826589595376
"X1515",151.4,2.54545454545455
"X1516",151.5,2.4593023255814
"X1517",151.6,2.87349397590361
"X1518",151.7,2.89080459770115
"X1519",151.8,2.40625
"X1520",151.9,2.15151515151515
"X1521",152,2
"X1522",152.1,2.16666666666667
"X1523",152.2,2.64942528735632
"X1524",152.3,2.28220858895706
"X1525",152.4,3.14285714285714
"X1526",152.5,2.24516129032258
"X1527",152.6,1.63503649635036
"X1528",152.7,1.55625
"X1529",152.8,1.55172413793103
"X1530",152.9,1.49664429530201
"X1531",153,1.52173913043478
"X1532",153.1,1.5125
"X1533",153.2,1.68027210884354
"X1534",153.3,1.61797752808989
"X1535",153.4,1.79470198675497
"X1536",153.5,1.67484662576687
"X1537",153.6,1.86274509803922
"X1538",153.7,1.63157894736842
"X1539",153.8,1.71341463414634
"X1540",153.9,1.60810810810811
"X1541",154,1.49315068493151
"X1542",154.1,1.66013071895425
"X1543",154.2,1.56962025316456
"X1544",154.3,1.51677852348993
"X1545",154.4,1.57861635220126
"X1546",154.5,1.64335664335664
"X1547",154.6,1.47058823529412
"X1548",154.7,1.50675675675676
"X1549",154.8,1.60958904109589
"X1550",154.9,1.56944444444444
"X1551",155,1.71428571428571
"X1552",155.1,1.63576158940397
"X1553",155.2,1.52413793103448
"X1554",155.3,1.53846153846154
"X1555",155.4,1.58219178082192
"X1556",155.5,1.56375838926175
"X1557",155.6,1.58940397350993
"X1558",155.7,1.66666666666667
"X1559",155.8,1.59776536312849
"X1560",155.9,1.53246753246753
"X1561",156,1.3943661971831
"X1562",156.1,1.55395683453237
"X1563",156.2,1.47826086956522
"X1564",156.3,1.45398773006135
"X1565",156.4,1.56441717791411
"X1566",156.5,1.58333333333333
"X1567",156.6,1.72549019607843
"X1568",156.7,1.56976744186047
"X1569",156.8,1.51724137931034
"X1570",156.9,1.6013986013986
"X1571",157,1.47878787878788
"X1572",157.1,1.60402684563758
"X1573",157.2,1.69736842105263
"X1574",157.3,1.6158940397351
"X1575",157.4,1.45806451612903
"X1576",157.5,1.42446043165468
"X1577",157.6,1.6
"X1578",157.7,1.48275862068966
"X1579",157.8,1.57142857142857
"X1580",157.9,1.50955414012739
"X1581",158,1.57046979865772
"X1582",158.1,1.64238410596026
"X1583",158.2,1.60625
"X1584",158.3,1.62820512820513
"X1585",158.4,1.76219512195122
"X1586",158.5,1.62179487179487
"X1587",158.6,1.51948051948052
"X1588",158.7,2.08024691358025
"X1589",158.8,1.98387096774194
"X1590",158.9,2.25966850828729
"X1591",159,2.21022727272727
"X1592",159.1,2.35051546391753
"X1593",159.2,2.09039548022599
"X1594",159.3,1.88725490196078
"X1595",159.4,2.21243523316062
"X1596",159.5,2.33838383838384
"X1597",159.6,2.10989010989011
"X1598",159.7,2.1027027027027
"X1599",159.8,1.89017341040462
"X1600",159.9,1.76086956521739
"X1601",160,1.70792079207921
"X1602",160.1,1.65573770491803
"X1603",160.2,1.83977900552486
"X1604",160.3,1.78865979381443
"X1605",160.4,1.94021739130435
"X1606",160.5,1.72316384180791
"X1607",160.6,1.85164835164835
"X1608",160.7,1.81818181818182
"X1609",160.8,1.85454545454545
"X1610",160.9,1.71348314606742
"X1611",161,1.65730337078652
"X1612",161.1,1.65359477124183
"X1613",161.2,1.60869565217391
"X1614",161.3,1.58974358974359
"X1615",161.4,1.58441558441558
"X1616",161.5,1.50335570469799
"X1617",161.6,1.50632911392405
"X1618",161.7,1.59006211180124
"X1619",161.8,1.6374269005848
"X1620",161.9,1.57718120805369
"X1621",162,1.69318181818182
"X1622",162.1,1.6219512195122
"X1623",162.2,1.60645161290323
"X1624",162.3,1.61585365853659
"X1625",162.4,1.74193548387097
"X1626",162.5,1.73291925465839
"X1627",162.6,1.66467065868263
"X1628",162.7,1.60493827160494
"X1629",162.8,1.61963190184049
"X1630",162.9,1.58579881656805
"X1631",163,1.71176470588235
"X1632",163.1,1.64497041420118
"X1633",163.2,1.84883720930233
"X1634",163.3,1.67857142857143
"X1635",163.4,1.625
"X1636",163.5,1.58139534883721
"X1637",163.6,1.67796610169492
"X1638",163.7,1.72619047619048
"X1639",163.8,1.59876543209877
"X1640",163.9,1.74545454545455
"X1641",164,1.59537572254335
"X1642",164.1,1.80487804878049
"X1643",164.2,1.71428571428571
"X1644",164.3,1.63522012578616
"X1645",164.4,1.73154362416107
"X1646",164.5,1.63354037267081
"X1647",164.6,1.48809523809524
"X1648",164.7,1.56329113924051
"X1649",164.8,1.57232704402516
"X1650",164.9,1.63694267515924
"X1651",165,1.5375
"X1652",165.1,1.68243243243243
"X1653",165.2,1.71428571428571
"X1654",165.3,1.49315068493151
"X1655",165.4,1.71875
"X1656",165.5,1.61635220125786
"X1657",165.6,1.5125
"X1658",165.7,1.58940397350993
"X1659",165.8,1.57668711656442
"X1660",165.9,1.61783439490446
"X1661",166,1.88050314465409
"X1662",166.1,1.75956284153005
"X1663",166.2,1.76331360946746
"X1664",166.3,1.84615384615385
"X1665",166.4,1.81065088757396
"X1666",166.5,1.8546511627907
"X1667",166.6,1.78205128205128
"X1668",166.7,1.83888888888889
"X1669",166.8,2.23076923076923
"X1670",166.9,1.78804347826087
"X1671",167,2.35975609756098
"X1672",167.1,2.12426035502959
"X1673",167.2,1.76436781609195
"X1674",167.3,1.69753086419753
"X1675",167.4,1.67065868263473
"X1676",167.5,1.82911392405063
"X1677",167.6,1.79754601226994
"X1678",167.7,1.72455089820359
"X1679",167.8,1.45679012345679
"X1680",167.9,1.54819277108434
"X1681",168,1.69512195121951
"X1682",168.1,1.61878453038674
"X1683",168.2,1.73809523809524
"X1684",168.3,1.74853801169591
"X1685",168.4,1.73529411764706
"X1686",168.5,1.77483443708609
"X1687",168.6,1.89349112426035
"X1688",168.7,1.98765432098765
"X1689",168.8,1.69142857142857
"X1690",168.9,1.80239520958084
"X1691",169,1.71428571428571
"X1692",169.1,1.7037037037037
"X1693",169.2,1.74011299435028
"X1694",169.3,1.71351351351351
"X1695",169.4,1.7
"X1696",169.5,1.72
"X1697",169.6,1.72375690607735
"X1698",169.7,1.8
"X1699",169.8,1.95027624309392
"X1700",169.9,1.92045454545455
"X1701",170,1.64161849710983
"X1702",170.1,1.84491978609626
"X1703",170.2,1.79289940828402
"X1704",170.3,1.94610778443114
"X1705",170.4,1.72455089820359
"X1706",170.5,1.84153005464481
"X1707",170.6,1.74594594594595
"X1708",170.7,1.76608187134503
"X1709",170.8,1.91477272727273
"X1710",170.9,1.82954545454545
"X1711",171,1.79881656804734
"X1712",171.1,1.84782608695652
"X1713",171.2,1.73369565217391
"X1714",171.3,1.88268156424581
"X1715",171.4,1.77966101694915
"X1716",171.5,2.03684210526316
"X1717",171.6,1.98445595854922
"X1718",171.7,1.9238578680203
"X1719",171.8,1.95555555555556
"X1720",171.9,1.87244897959184
"X1721",172,1.88297872340426
"X1722",172.1,2.00515463917526
"X1723",172.2,2.1530612244898
"X1724",172.3,2.25888324873096
"X1725",172.4,2.47150259067358
"X1726",172.5,2.15897435897436
"X1727",172.6,2.29230769230769
"X1728",172.7,2.03571428571429
"X1729",172.8,1.97849462365591
"X1730",172.9,2.105
"X1731",173,2.08629441624365
"X1732",173.1,1.73958333333333
"X1733",173.2,1.82142857142857
"X1734",173.3,1.83510638297872
"X1735",173.4,1.93220338983051
"X1736",173.5,1.94152046783626
"X1737",173.6,2.20224719101124
"X1738",173.7,2.26470588235294
"X1739",173.8,2.45652173913043
"X1740",173.9,2.11627906976744
"X1741",174,1.87209302325581
"X1742",174.1,1.61413043478261
"X1743",174.2,1.77777777777778
"X1744",174.3,1.80346820809249
"X1745",174.4,1.61904761904762
"X1746",174.5,1.86335403726708
"X1747",174.6,2.04733727810651
"X1748",174.7,2.10240963855422
"X1749",174.8,2.05263157894737
"X1750",174.9,1.8728323699422
"X1751",175,1.87878787878788
"X1752",175.1,1.89595375722543
"X1753",175.2,1.93975903614458
"X1754",175.3,2.13736263736264
"X1755",175.4,1.96739130434783
"X1756",175.5,1.93373493975904
"X1757",175.6,2.1144578313253
"X1758",175.7,1.97802197802198
"X1759",175.8,2.21212121212121
"X1760",175.9,1.84971098265896
"X1761",176,1.92763157894737
"X1762",176.1,1.79141104294479
"X1763",176.2,1.89024390243902
"X1764",176.3,1.76875
"X1765",176.4,1.67816091954023
"X1766",176.5,1.50967741935484
"X1767",176.6,1.5875
"X1768",176.7,1.61702127659574
"X1769",176.8,1.55421686746988
"X1770",176.9,1.61538461538462
"X1771",177,1.55244755244755
"X1772",177.1,1.53378378378378
"X1773",177.2,1.52447552447552
"X1774",177.3,1.63013698630137
"X1775",177.4,1.66423357664234
"X1776",177.5,1.50359712230216
"X1777",177.6,1.59154929577465
"X1778",177.7,1.49044585987261
"X1779",177.8,1.48920863309353
"X1780",177.9,1.39583333333333
"X1781",178,1.68148148148148
"X1782",178.1,1.55
"X1783",178.2,1.58823529411765
"X1784",178.3,1.46853146853147
"X1785",178.4,1.54109589041096
"X1786",178.5,1.46621621621622
"X1787",178.6,1.60248447204969
"X1788",178.7,1.5472972972973
"X1789",178.8,1.59459459459459
"X1790",178.9,1.45578231292517
"X1791",179,1.71779141104294
"X1792",179.1,1.87341772151899
"X1793",179.2,1.66666666666667
"X1794",179.3,1.75949367088608
"X1795",179.4,1.90123456790123
"X1796",179.5,1.70588235294118
"X1797",179.6,1.55555555555556
"X1798",179.7,1.52229299363057
"X1799",179.8,1.68023255813953
"X1800",179.9,1.74509803921569
"X1801",180,1.65243902439024
"X1802",180.1,1.86184210526316
"X1803",180.2,1.61818181818182
"X1804",180.3,1.67088607594937
"X1805",180.4,1.57594936708861
"X1806",180.5,1.73972602739726
"X1807",180.6,1.79874213836478
"X1808",180.7,1.86
"X1809",180.8,1.70114942528736
"X1810",180.9,2.08092485549133
"X1811",181,1.92982456140351
"X1812",181.1,1.91111111111111
"X1813",181.2,1.76111111111111
"X1814",181.3,1.78313253012048
"X1815",181.4,1.74522292993631
"X1816",181.5,1.71612903225806
"X1817",181.6,1.92441860465116
"X1818",181.7,1.80110497237569
"X1819",181.8,1.67142857142857
"X1820",181.9,1.79768786127168
"X1821",182,1.84
"X1822",182.1,1.94152046783626
"X1823",182.2,1.99421965317919
"X1824",182.3,1.90957446808511
"X1825",182.4,1.94082840236686
"X1826",182.5,2.01036269430052
"X1827",182.6,1.99473684210526
"X1828",182.7,1.83243243243243
"X1829",182.8,1.6505376344086
"X1830",182.9,1.57386363636364
"X1831",183,1.9027027027027
"X1832",183.1,1.94871794871795
"X1833",183.2,1.97340425531915
"X1834",183.3,1.83333333333333
"X1835",183.4,1.89204545454545
"X1836",183.5,1.91176470588235
"X1837",183.6,1.96791443850267
"X1838",183.7,1.76687116564417
"X1839",183.8,1.57228915662651
"X1840",183.9,1.73456790123457
"X1841",184,1.86503067484663
"X1842",184.1,1.56172839506173
"X1843",184.2,1.70198675496689
"X1844",184.3,1.75974025974026
"X1845",184.4,1.49152542372881
"X1846",184.5,1.83132530120482
"X1847",184.6,1.64942528735632
"X1848",184.7,1.86046511627907
"X1849",184.8,1.90710382513661
"X1850",184.9,1.83529411764706
"X1851",185,1.96590909090909
"X1852",185.1,1.73595505617978
"X1853",185.2,1.70807453416149
"X1854",185.3,1.65384615384615
"X1855",185.4,1.83417085427136
"X1856",185.5,1.70879120879121
"X1857",185.6,1.80310880829016
"X1858",185.7,1.70652173913043
"X1859",185.8,1.80851063829787
"X1860",185.9,1.8159509202454
"X1861",186,1.74712643678161
"X1862",186.1,2.08928571428571
"X1863",186.2,1.62631578947368
"X1864",186.3,1.85798816568047
"X1865",186.4,2.04878048780488
"X1866",186.5,2.05487804878049
"X1867",186.6,1.63186813186813
"X1868",186.7,1.62285714285714
"X1869",186.8,1.69047619047619
"X1870",186.9,1.84939759036145
"X1871",187,1.82183908045977
"X1872",187.1,1.70520231213873
"X1873",187.2,1.86549707602339
"X1874",187.3,1.76300578034682
"X1875",187.4,1.81111111111111
"X1876",187.5,1.86111111111111
"X1877",187.6,1.87709497206704
"X1878",187.7,1.85964912280702
"X1879",187.8,1.87362637362637
"X1880",187.9,1.98901098901099
"X1881",188,1.82702702702703
"X1882",188.1,1.84472049689441
"X1883",188.2,1.81578947368421
"X1884",188.3,1.96174863387978
"X1885",188.4,1.94285714285714
"X1886",188.5,1.79888268156425
"X1887",188.6,1.68965517241379
"X1888",188.7,1.77173913043478
"X1889",188.8,1.92261904761905
"X1890",188.9,1.73248407643312
"X1891",189,1.81176470588235
"X1892",189.1,1.8972972972973
"X1893",189.2,1.78488372093023
"X1894",189.3,1.82352941176471
"X1895",189.4,1.65895953757225
"X1896",189.5,1.79558011049724
"X1897",189.6,1.84180790960452
"X1898",189.7,1.83720930232558
"X1899",189.8,1.68072289156627
"X1900",189.9,1.86885245901639
"X1901",190,1.84117647058824
"X1902",190.1,1.89830508474576
"X1903",190.2,2.03763440860215
"X1904",190.3,1.97126436781609
"X1905",190.4,1.91489361702128
"X1906",190.5,2.08426966292135
"X1907",190.6,2.19883040935673
"X1908",190.7,2.23783783783784
"X1909",190.8,1.97282608695652
"X1910",190.9,2.05294117647059
"X1911",191,2.21666666666667
"X1912",191.1,2.33502538071066
"X1913",191.2,2.23404255319149
"X1914",191.3,2.18032786885246
"X1915",191.4,2.23684210526316
"X1916",191.5,2.18716577540107
"X1917",191.6,2.12865497076023
"X1918",191.7,2.18421052631579
"X1919",191.8,2.34895833333333
"X1920",191.9,2.55729166666667
"X1921",192,2.15384615384615
"X1922",192.1,2.2979797979798
"X1923",192.2,2.20197044334975
"X1924",192.3,2.21978021978022
"X1925",192.4,2.27461139896373
"X1926",192.5,2.25603864734299
"X1927",192.6,2.18274111675127
"X1928",192.7,2.16748768472906
"X1929",192.8,1.93298969072165
"X1930",192.9,2.18536585365854
"X1931",193,2.27717391304348
"X1932",193.1,2.10471204188482
"X1933",193.2,2.125
"X1934",193.3,1.99014778325123
"X1935",193.4,2.12371134020619
"X1936",193.5,2.30143540669856
"X1937",193.6,2.43119266055046
"X1938",193.7,2.56585365853659
"X1939",193.8,2.3495145631068
"X1940",193.9,2.46118721461187
"X1941",194,2.25925925925926
"X1942",194.1,2.34905660377358
"X1943",194.2,2.56108597285068
"X1944",194.3,2.40182648401826
"X1945",194.4,3.28879310344828
"X1946",194.5,2.9581589958159
"X1947",194.6,3.4149377593361
"X1948",194.7,3.43589743589744
"X1949",194.8,3.83122362869198
"X1950",194.9,3.81739130434783
"X1951",195,3.83606557377049
"X1952",195.1,3.825
"X1953",195.2,3.31223628691983
"X1954",195.3,3.75313807531381
"X1955",195.4,3.86192468619247
"X1956",195.5,3.86160714285714
"X1957",195.6,4.27467811158798
"X1958",195.7,4.01239669421488
"X1959",195.8,4.30735930735931
"X1960",195.9,4.72173913043478
"X1961",196,4.79039301310044
"X1962",196.1,5.20089285714286
"X1963",196.2,5.40888888888889
"X1964",196.3,5.23893805309735
"X1965",196.4,5.24782608695652
"X1966",196.5,5.65638766519824
"X1967",196.6,4.88429752066116
"X1968",196.7,4.91880341880342
"X1969",196.8,5.40528634361233
"X1970",196.9,4.86324786324786
"X1971",197,5.79017857142857
"X1972",197.1,4.71244635193133
"X1973",197.2,5.18222222222222
"X1974",197.3,4.8640350877193
"X1975",197.4,5.38222222222222
"X1976",197.5,5.04032258064516
"X1977",197.6,5.6404958677686
"X1978",197.7,5.23577235772358
"X1979",197.8,5.72314049586777
"X1980",197.9,5.54471544715447
"X1981",198,5.18067226890756
"X1982",198.1,5.40425531914894
"X1983",198.2,4.775
"X1984",198.3,4.61637931034483
"X1985",198.4,4.32786885245902
"X1986",198.5,4.975
"X1987",198.6,5.73461538461538
"X1988",198.7,6.27099236641221
"X1989",198.8,6.3587786259542
"X1990",198.9,6.44106463878327
"X1991",199,7.21348314606742
"X1992",199.1,8.26217228464419
"X1993",199.2,8.15355805243446
"X1994",199.3,7.41509433962264
"X1995",199.4,7.30970149253731
"X1996",199.5,6.75471698113208
"X1997",199.6,6.20224719101124
"X1998",199.7,6.0634328358209
"X1999",199.8,5.37827715355805
"X2000",199.9,5.52808988764045
"X2001",200,5.86872586872587
"X2002",200.1,5.84790874524715
"X2003",200.2,5.67547169811321
"X2004",200.3,5.18250950570342
"X2005",200.4,5.54545454545455
"X2006",200.5,5.28294573643411
"X2007",200.6,5.6412213740458
"X2008",200.7,6.08300395256917
"X2009",200.8,6.4149377593361
"X2010",200.9,6.63111111111111
