"","depth_mm","Ca"
"X30",2.9,604.787878787879
"X31",3,636.405857740586
"X32",3.1,679.416666666667
"X33",3.2,700.016806722689
"X34",3.3,699.768924302789
"X35",3.4,698.6
"X36",3.5,688.359375
"X37",3.6,696.06640625
"X38",3.7,702.322957198444
"X39",3.8,692.553846153846
"X40",3.9,709.280769230769
"X41",4,685.216730038023
"X42",4.1,672.122222222222
"X43",4.2,688.366666666667
"X44",4.3,691.951851851852
"X45",4.4,692.077777777778
"X46",4.5,695.611111111111
"X47",4.6,714.925925925926
"X48",4.7,710.492592592593
"X49",4.8,715.855555555556
"X50",4.9,719.681481481481
"X51",5,705.988888888889
"X52",5.1,696.551851851852
"X53",5.2,675.401486988848
"X54",5.3,670.87037037037
"X55",5.4,643.396296296296
"X56",5.5,653.218518518519
"X57",5.6,645.451851851852
"X58",5.7,593.014814814815
"X59",5.8,595.674074074074
"X60",5.9,626.762081784387
"X61",6,599.907407407407
"X62",6.1,593.550185873606
"X63",6.2,617.714814814815
"X64",6.3,614.481481481482
"X65",6.4,621.296296296296
"X66",6.5,645.362962962963
"X67",6.6,643.148148148148
"X68",6.7,609.014814814815
"X69",6.8,604.277777777778
"X70",6.9,600.366666666667
"X71",7,588
"X72",7.1,596.57037037037
"X73",7.2,571.8
"X74",7.3,564.511111111111
"X75",7.4,579.451851851852
"X76",7.5,591.114814814815
"X77",7.6,601.540740740741
"X78",7.7,632.359259259259
"X79",7.8,660.155555555556
"X80",7.9,671.185185185185
"X81",8,625.468401486989
"X82",8.1,592.122222222222
"X83",8.2,602.22962962963
"X84",8.3,603.748148148148
"X85",8.4,614.092592592593
"X86",8.5,612.459259259259
"X87",8.6,614.351851851852
"X88",8.7,630.02962962963
"X89",8.8,650.881481481482
"X90",8.9,671.144444444444
"X91",9,674.077777777778
"X92",9.1,682.088888888889
"X93",9.2,683.251851851852
"X94",9.3,692.92962962963
"X95",9.4,693.844444444444
"X96",9.5,690.162962962963
"X97",9.6,691.248148148148
"X98",9.7,687.844444444444
"X99",9.8,695.066666666667
"X100",9.9,702.666666666667
"X101",10,688.122222222222
"X102",10.1,683.681481481481
"X103",10.2,679.266666666667
"X104",10.3,666.033333333333
"X105",10.4,671.866666666667
"X106",10.5,675.488888888889
"X107",10.6,684.511111111111
"X108",10.7,688.903703703704
"X109",10.8,682.818518518519
"X110",10.9,690.314814814815
"X111",11,682.425925925926
"X112",11.1,694.67037037037
"X113",11.2,685.088888888889
"X114",11.3,690.381481481482
"X115",11.4,690.481481481482
"X116",11.5,693.825925925926
"X117",11.6,686.362962962963
"X118",11.7,670.718518518519
"X119",11.8,662.67037037037
"X120",11.9,675.351851851852
"X121",12,663.433333333333
"X122",12.1,650.681481481481
"X123",12.2,643.844444444444
"X124",12.3,611.87037037037
"X125",12.4,593.085185185185
"X126",12.5,575.981481481482
"X127",12.6,557.222222222222
"X128",12.7,488.440740740741
"X129",12.8,426.405204460967
"X130",12.9,441.460966542751
"X131",13,500.898496240602
"X132",13.1,569.421052631579
"X133",13.2,627.329457364341
"X134",13.3,656.531835205992
"X135",13.4,697.348148148148
"X136",13.5,703.607407407407
"X137",13.6,717.537037037037
"X138",13.7,722.762962962963
"X139",13.8,730.096296296296
"X140",13.9,743.718518518519
"X141",14,733.662962962963
"X142",14.1,731.525925925926
"X143",14.2,741.633333333333
"X144",14.3,742.892592592593
"X145",14.4,737.248148148148
"X146",14.5,748.437037037037
"X147",14.6,764.859259259259
"X148",14.7,740.685185185185
"X149",14.8,733.414814814815
"X150",14.9,742.125925925926
"X151",15,725.685185185185
"X152",15.1,734.774074074074
"X153",15.2,733.522222222222
"X154",15.3,728.385185185185
"X155",15.4,722.62962962963
"X156",15.5,724.1
"X157",15.6,733.044444444444
"X158",15.7,714.281481481481
"X159",15.8,713.337037037037
"X160",15.9,735.851851851852
"X161",16,726.185185185185
"X162",16.1,731.977777777778
"X163",16.2,743.144444444444
"X164",16.3,737.666666666667
"X165",16.4,732.540740740741
"X166",16.5,741.248148148148
"X167",16.6,748.67037037037
"X168",16.7,736.177777777778
"X169",16.8,744.766666666667
"X170",16.9,741.959259259259
"X171",17,703.048148148148
"X172",17.1,715.603703703704
"X173",17.2,704.581481481481
"X174",17.3,699.648148148148
"X175",17.4,701.051851851852
"X176",17.5,711.233333333333
"X177",17.6,711.644444444444
"X178",17.7,703.27037037037
"X179",17.8,714.462962962963
"X180",17.9,723.2
"X181",18,703.859259259259
"X182",18.1,700.807407407407
"X183",18.2,704.959259259259
"X184",18.3,699.244444444444
"X185",18.4,705.6
"X186",18.5,722.57037037037
"X187",18.6,723.377777777778
"X188",18.7,721.766666666667
"X189",18.8,724.859259259259
"X190",18.9,728.081481481481
"X191",19,732.3
"X192",19.1,744.066666666667
"X193",19.2,726.437037037037
"X194",19.3,726.503703703704
"X195",19.4,734.644444444444
"X196",19.5,727.707407407407
"X197",19.6,739.72962962963
"X198",19.7,729.214814814815
"X199",19.8,725.148148148148
"X200",19.9,740.333333333333
"X201",20,723.651851851852
"X202",20.1,726.744444444444
"X203",20.2,730.122222222222
"X204",20.3,725.944444444444
"X205",20.4,728.362962962963
"X206",20.5,734.703703703704
"X207",20.6,735.407407407407
"X208",20.7,728.359259259259
"X209",20.8,726.359259259259
"X210",20.9,731.722222222222
"X211",21,730.755555555556
"X212",21.1,735.822222222222
"X213",21.2,724.155555555556
"X214",21.3,737.048148148148
"X215",21.4,727.044444444444
"X216",21.5,715.081481481481
"X217",21.6,728.496296296296
"X218",21.7,720.355555555556
"X219",21.8,717.3
"X220",21.9,742.044444444444
"X221",22,719.011111111111
"X222",22.1,722.766666666667
"X223",22.2,733.874074074074
"X224",22.3,724.703703703704
"X225",22.4,719.488888888889
"X226",22.5,717.7
"X227",22.6,725.711111111111
"X228",22.7,723.792592592593
"X229",22.8,731.059259259259
"X230",22.9,740.462962962963
"X231",23,727.203703703704
"X232",23.1,727.685185185185
"X233",23.2,730.937037037037
"X234",23.3,735.103703703704
"X235",23.4,731.640740740741
"X236",23.5,745.125925925926
"X237",23.6,749.737037037037
"X238",23.7,727.392592592593
"X239",23.8,725.748148148148
"X240",23.9,746.096296296296
"X241",24,727.481481481482
"X242",24.1,731.2
"X243",24.2,742.259259259259
"X244",24.3,735.67037037037
"X245",24.4,725.959259259259
"X246",24.5,723.348148148148
"X247",24.6,739.885185185185
"X248",24.7,728.396296296296
"X249",24.8,724.640740740741
"X250",24.9,735.348148148148
"X251",25,726.711111111111
"X252",25.1,732.766666666667
"X253",25.2,715.925925925926
"X254",25.3,708.803703703704
"X255",25.4,710.714814814815
"X256",25.5,727.951851851852
"X257",25.6,742.207407407407
"X258",25.7,734.685185185185
"X259",25.8,753.966666666667
"X260",25.9,761.025925925926
"X261",26,732.277777777778
"X262",26.1,736.959259259259
"X263",26.2,747.07037037037
"X264",26.3,731.059259259259
"X265",26.4,735.888888888889
"X266",26.5,732.851851851852
"X267",26.6,748.274074074074
"X268",26.7,739.1
"X269",26.8,739.333333333333
"X270",26.9,736.140740740741
"X271",27,717.837037037037
"X272",27.1,725.255555555556
"X273",27.2,725.111111111111
"X274",27.3,729.555555555556
"X275",27.4,739.614814814815
"X276",27.5,746.266666666667
"X277",27.6,745.022222222222
"X278",27.7,730.522222222222
"X279",27.8,740.607407407407
"X280",27.9,754.274074074074
"X281",28,751.488888888889
"X282",28.1,750
"X283",28.2,748.262962962963
"X284",28.3,737.766666666667
"X285",28.4,737.492592592593
"X286",28.5,735.540740740741
"X287",28.6,741.174074074074
"X288",28.7,729.266666666667
"X289",28.8,724.6
"X290",28.9,728.1
"X291",29,719.607407407407
"X292",29.1,726.533333333333
"X293",29.2,693.188888888889
"X294",29.3,671.27037037037
"X295",29.4,667.855555555556
"X296",29.5,682.862962962963
"X297",29.6,669.107407407407
"X298",29.7,616.477777777778
"X299",29.8,608.303703703704
"X300",29.9,680.292592592593
"X301",30,702.288888888889
"X302",30.1,723.9
"X303",30.2,740.82962962963
"X304",30.3,738.451851851852
"X305",30.4,717.274074074074
"X306",30.5,700.596296296296
"X307",30.6,720.67037037037
"X308",30.7,713.403703703704
"X309",30.8,707.237037037037
"X310",30.9,718.637037037037
"X311",31,704.32962962963
"X312",31.1,711.788888888889
"X313",31.2,698.555555555556
"X314",31.3,707.866666666667
"X315",31.4,704.57037037037
"X316",31.5,703.792592592593
"X317",31.6,706.414814814815
"X318",31.7,689.303703703704
"X319",31.8,701.522222222222
"X320",31.9,714.840740740741
"X321",32,708.325925925926
"X322",32.1,710.188888888889
"X323",32.2,721.062962962963
"X324",32.3,723.537037037037
"X325",32.4,723.440740740741
"X326",32.5,726.07037037037
"X327",32.6,743.007407407407
"X328",32.7,723.67037037037
"X329",32.8,719.203703703704
"X330",32.9,714
"X331",33,699.1
"X332",33.1,724.955555555556
"X333",33.2,721.403703703704
"X334",33.3,706.451851851852
"X335",33.4,699.018518518518
"X336",33.5,716.014814814815
"X337",33.6,725.951851851852
"X338",33.7,706.537037037037
"X339",33.8,712.748148148148
"X340",33.9,726.2
"X341",34,729.162962962963
"X342",34.1,729.974074074074
"X343",34.2,729.255555555556
"X344",34.3,728.607407407407
"X345",34.4,724.737037037037
"X346",34.5,725.766666666667
"X347",34.6,729.151851851852
"X348",34.7,721.177777777778
"X349",34.8,731.125925925926
"X350",34.9,720.014814814815
"X351",35,681.066666666667
"X352",35.1,675.548148148148
"X353",35.2,676.162962962963
"X354",35.3,672.940740740741
"X355",35.4,695.425925925926
"X356",35.5,702.037037037037
"X357",35.6,699.377777777778
"X358",35.7,688.47037037037
"X359",35.8,712.72962962963
"X360",35.9,718.707407407407
"X361",36,712.985185185185
"X362",36.1,718.866666666667
"X363",36.2,734.466666666667
"X364",36.3,738.974074074074
"X365",36.4,731.081481481481
"X366",36.5,728.144444444444
"X367",36.6,724.848148148148
"X368",36.7,724.074074074074
"X369",36.8,742.333333333333
"X370",36.9,750.411111111111
"X371",37,745.355555555556
"X372",37.1,754.9
"X373",37.2,727.748148148148
"X374",37.3,714.377777777778
"X375",37.4,715.255555555556
"X376",37.5,714.085185185185
"X377",37.6,730.188888888889
"X378",37.7,717.255555555556
"X379",37.8,704.392592592593
"X380",37.9,710.881481481482
"X381",38,696.785185185185
"X382",38.1,680.703703703704
"X383",38.2,672.788888888889
"X384",38.3,665.362962962963
"X385",38.4,655.548148148148
"X386",38.5,671.133333333333
"X387",38.6,697.474074074074
"X388",38.7,692.955555555556
"X389",38.8,685.87037037037
"X390",38.9,692.511111111111
"X391",39,690.07037037037
"X392",39.1,690.918518518519
"X393",39.2,686.892592592593
"X394",39.3,696.840740740741
"X395",39.4,688.32962962963
"X396",39.5,663.688888888889
"X397",39.6,671.707407407407
"X398",39.7,661.940740740741
"X399",39.8,655.785185185185
"X400",39.9,654.951851851852
"X401",40,639.47037037037
"X402",40.1,641.318518518519
"X403",40.2,648.762962962963
"X404",40.3,647.537037037037
"X405",40.4,636.985185185185
"X406",40.5,634.988888888889
"X407",40.6,645.044444444444
"X408",40.7,647.518518518518
"X409",40.8,644.581481481481
"X410",40.9,655.47037037037
"X411",41,645.12962962963
"X412",41.1,658.996296296296
"X413",41.2,670.077777777778
"X414",41.3,693.677777777778
"X415",41.4,684.396296296296
"X416",41.5,705.27037037037
"X417",41.6,723.733333333333
"X418",41.7,703.251851851852
"X419",41.8,702.077777777778
"X420",41.9,724.503703703704
"X421",42,710.218518518519
"X422",42.1,718.52962962963
"X423",42.2,735.748148148148
"X424",42.3,712.011111111111
"X425",42.4,712.444444444444
"X426",42.5,720.359259259259
"X427",42.6,733.511111111111
"X428",42.7,723.796296296296
"X429",42.8,721.507407407407
"X430",42.9,734.696296296296
"X431",43,739.051851851852
"X432",43.1,751.092592592593
"X433",43.2,742.474074074074
"X434",43.3,733.392592592593
"X435",43.4,733.418518518519
"X436",43.5,742.081481481481
"X437",43.6,745.196296296296
"X438",43.7,719.714814814815
"X439",43.8,718.422222222222
"X440",43.9,724.548148148148
"X441",44,717.292592592593
"X442",44.1,718.344444444444
"X443",44.2,723.125925925926
"X444",44.3,705.225925925926
"X445",44.4,700.562962962963
"X446",44.5,682.525925925926
"X447",44.6,665.7
"X448",44.7,654.859259259259
"X449",44.8,655.42962962963
"X450",44.9,679.692592592593
"X451",45,673.088888888889
"X452",45.1,678.651851851852
"X453",45.2,680.237037037037
"X454",45.3,683.407407407407
"X455",45.4,677.033333333333
"X456",45.5,633.292592592593
"X457",45.6,619.87037037037
"X458",45.7,597.507407407407
"X459",45.8,613.72962962963
"X460",45.9,671.855555555556
"X461",46,676.951672862454
"X462",46.1,663.366666666667
"X463",46.2,666.488888888889
"X464",46.3,656.37037037037
"X465",46.4,647.696296296296
"X466",46.5,547.181481481481
"X467",46.6,492.851851851852
"X468",46.7,476.618867924528
"X469",46.8,483.071428571429
"X470",46.9,497.477272727273
"X471",47,499.041509433962
"X472",47.1,542.014869888476
"X473",47.2,587.748148148148
"X474",47.3,613.07063197026
"X475",47.4,617.877777777778
"X476",47.5,630.19776119403
"X477",47.6,639.676579925651
"X478",47.7,633.137037037037
"X479",47.8,628.781481481481
"X480",47.9,653.32962962963
"X481",48,675.018518518518
"X482",48.1,669.974074074074
"X483",48.2,659.603703703704
"X484",48.3,651.844444444444
"X485",48.4,644.581481481481
"X486",48.5,633.407407407407
"X487",48.6,637.8
"X488",48.7,626.381481481482
"X489",48.8,613.111111111111
"X490",48.9,619.151851851852
"X491",49,606.922222222222
"X492",49.1,594.625925925926
"X493",49.2,589.518518518518
"X494",49.3,588.588888888889
"X495",49.4,599.096296296296
"X496",49.5,593.088888888889
"X497",49.6,581.477777777778
"X498",49.7,584.52962962963
"X499",49.8,597.866666666667
"X500",49.9,608.574074074074
"X501",50,607.155555555556
"X502",50.1,613.992592592593
"X503",50.2,655.788888888889
"X504",50.3,673.511111111111
"X505",50.4,665.792592592593
"X506",50.5,663.918518518519
"X507",50.6,676.040740740741
"X508",50.7,656.748148148148
"X509",50.8,654.4
"X510",50.9,681.148148148148
"X511",51,694.72962962963
"X512",51.1,707.814814814815
"X513",51.2,697.614814814815
"X514",51.3,680.096296296296
"X515",51.4,668.874074074074
"X516",51.5,693.637037037037
"X517",51.6,713.392592592593
"X518",51.7,696.288888888889
"X519",51.8,693.666666666667
"X520",51.9,704.2
"X521",52,710.244444444444
"X522",52.1,712.044444444444
"X523",52.2,724.966666666667
"X524",52.3,702.955555555556
"X525",52.4,699.018518518518
"X526",52.5,718.625925925926
"X527",52.6,740.985185185185
"X528",52.7,732.17037037037
"X529",52.8,736.803703703704
"X530",52.9,744.766666666667
"X531",53,721.185185185185
"X532",53.1,731.277777777778
"X533",53.2,730.814814814815
"X534",53.3,729.433333333333
"X535",53.4,729.322222222222
"X536",53.5,720.42962962963
"X537",53.6,731.981481481482
"X538",53.7,723.774074074074
"X539",53.8,720.12962962963
"X540",53.9,732.148148148148
"X541",54,722.103703703704
"X542",54.1,722.092592592593
"X543",54.2,741.055555555556
"X544",54.3,734.414814814815
"X545",54.4,732.318518518519
"X546",54.5,732.148148148148
"X547",54.6,733.288888888889
"X548",54.7,738.374074074074
"X549",54.8,734.033333333333
"X550",54.9,748.359259259259
"X551",55,749.759259259259
"X552",55.1,755.218518518519
"X553",55.2,733.974074074074
"X554",55.3,726.766666666667
"X555",55.4,724.777777777778
"X556",55.5,719.366666666667
"X557",55.6,744.118518518518
"X558",55.7,723.937037037037
"X559",55.8,722.088888888889
"X560",55.9,745.3
"X561",56,725.914814814815
"X562",56.1,696.544444444444
"X563",56.2,712.614814814815
"X564",56.3,711.388888888889
"X565",56.4,686.674074074074
"X566",56.5,642.111111111111
"X567",56.6,647.77037037037
"X568",56.7,673.944444444444
"X569",56.8,677.718518518519
"X570",56.9,694.244444444444
"X571",57,703.559259259259
"X572",57.1,701.614814814815
"X573",57.2,679.792592592593
"X574",57.3,672.633333333333
"X575",57.4,692.333333333333
"X576",57.5,669.388888888889
"X577",57.6,678.537037037037
"X578",57.7,694.092592592593
"X579",57.8,711.7
"X580",57.9,729.351851851852
"X581",58,722.47037037037
"X582",58.1,719.688888888889
"X583",58.2,725.303703703704
"X584",58.3,707.355555555556
"X585",58.4,702.874074074074
"X586",58.5,686.442379182156
"X587",58.6,711.82962962963
"X588",58.7,730.718518518519
"X589",58.8,728.385185185185
"X590",58.9,739.137037037037
"X591",59,711.222222222222
"X592",59.1,708.537037037037
"X593",59.2,703.303703703704
"X594",59.3,709.714814814815
"X595",59.4,720.718518518519
"X596",59.5,732.82962962963
"X597",59.6,739.333333333333
"X598",59.7,709.766666666667
"X599",59.8,709.766666666667
"X600",59.9,715.977777777778
"X601",60,692.992592592593
"X602",60.1,678.577777777778
"X603",60.2,706.996296296296
"X604",60.3,699.888888888889
"X605",60.4,693.685185185185
"X606",60.5,685.207407407407
"X607",60.6,683.455555555556
"X608",60.7,668.851851851852
"X609",60.8,663.688888888889
"X610",60.9,697.296296296296
"X611",61,712.87037037037
"X612",61.1,741.755555555556
"X613",61.2,746.751851851852
"X614",61.3,744.788888888889
"X615",61.4,749.407407407407
"X616",61.5,762.177777777778
"X617",61.6,766.948148148148
"X618",61.7,755.977777777778
"X619",61.8,773.192592592593
"X620",61.9,776.640740740741
"X621",62,756.340740740741
"X622",62.1,756.033333333333
"X623",62.2,761.833333333333
"X624",62.3,750.411111111111
"X625",62.4,762.248148148148
"X626",62.5,754.885185185185
"X627",62.6,754.692592592593
"X628",62.7,740.959259259259
"X629",62.8,741.92962962963
"X630",62.9,744.218518518519
"X631",63,727.492592592593
"X632",63.1,736.548148148148
"X633",63.2,735.744444444444
"X634",63.3,745.077777777778
"X635",63.4,741.759259259259
"X636",63.5,739.496296296296
"X637",63.6,743.877777777778
"X638",63.7,738.907407407407
"X639",63.8,746.455555555556
"X640",63.9,753.792592592593
"X641",64,755.922222222222
"X642",64.1,753.37037037037
"X643",64.2,741.648148148148
"X644",64.3,725.074074074074
"X645",64.4,720.759259259259
"X646",64.5,713.966666666667
"X647",64.6,715.951851851852
"X648",64.7,716.866666666667
"X649",64.8,714.851851851852
"X650",64.9,722.966666666667
"X651",65,709.992592592593
"X652",65.1,713.403703703704
"X653",65.2,688.477777777778
"X654",65.3,699.085185185185
"X655",65.4,694.274074074074
"X656",65.5,699.388888888889
"X657",65.6,707.12962962963
"X658",65.7,686.437037037037
"X659",65.8,688.796296296296
"X660",65.9,678.762962962963
"X661",66,653.737037037037
"X662",66.1,659.366666666667
"X663",66.2,676.159259259259
"X664",66.3,687.677777777778
"X665",66.4,675.674074074074
"X666",66.5,651.974074074074
"X667",66.6,653.781481481481
"X668",66.7,657.503703703704
"X669",66.8,664.774074074074
"X670",66.9,676.459259259259
"X671",67,673.288888888889
"X672",67.1,675.848148148148
"X673",67.2,651.325925925926
"X674",67.3,673.307407407407
"X675",67.4,700.425925925926
"X676",67.5,690.548148148148
"X677",67.6,706.388888888889
"X678",67.7,698.933333333333
"X679",67.8,704.733333333333
"X680",67.9,689.218518518519
"X681",68,676.314814814815
"X682",68.1,672.274074074074
"X683",68.2,688.274074074074
"X684",68.3,692.262962962963
"X685",68.4,685.911111111111
"X686",68.5,683.977777777778
"X687",68.6,686.537037037037
"X688",68.7,685.296296296296
"X689",68.8,681.185185185185
"X690",68.9,704.262962962963
"X691",69,694.32962962963
"X692",69.1,705.414814814815
"X693",69.2,711.7
"X694",69.3,716.866666666667
"X695",69.4,706.662962962963
"X696",69.5,714.207407407407
"X697",69.6,720.240740740741
"X698",69.7,691.444444444444
"X699",69.8,686.840740740741
"X700",69.9,697.907407407407
"X701",70,695.933333333333
"X702",70.1,689.225925925926
"X703",70.2,692.8
"X704",70.3,679.759259259259
"X705",70.4,683.733333333333
"X706",70.5,693.359259259259
"X707",70.6,710.266666666667
"X708",70.7,701.72962962963
"X709",70.8,685.103703703704
"X710",70.9,695.162962962963
"X711",71,679.862962962963
"X712",71.1,695.492592592593
"X713",71.2,689.32962962963
"X714",71.3,678.611111111111
"X715",71.4,681.133333333333
"X716",71.5,667.814814814815
"X717",71.6,668.740740740741
"X718",71.7,655.7
"X719",71.8,653.644444444444
"X720",71.9,654.733333333333
"X721",72,640.640740740741
"X722",72.1,633.907407407407
"X723",72.2,651.75092936803
"X724",72.3,648.654275092937
"X725",72.4,644.460966542751
"X726",72.5,653.488888888889
"X727",72.6,659.843866171004
"X728",72.7,648.885185185185
"X729",72.8,647.111111111111
"X730",72.9,651.796296296296
"X731",73,645.408921933085
"X732",73.1,659.408239700375
"X733",73.2,644.263940520446
"X734",73.3,652.162962962963
"X735",73.4,665.518518518518
"X736",73.5,658.503703703704
"X737",73.6,668.414814814815
"X738",73.7,657.407407407407
"X739",73.8,645.018518518518
"X740",73.9,649.133333333333
"X741",74,644.285185185185
"X742",74.1,624.922222222222
"X743",74.2,628.646840148699
"X744",74.3,599
"X745",74.4,592.088888888889
"X746",74.5,609.114814814815
"X747",74.6,608.625925925926
"X748",74.7,590.255555555556
"X749",74.8,547.240740740741
"X750",74.9,555.1
"X751",75,565.063197026022
"X752",75.1,569.151851851852
"X753",75.2,553.92962962963
"X754",75.3,577.711111111111
"X755",75.4,566.007434944238
"X756",75.5,587.768656716418
"X757",75.6,613.546468401487
"X758",75.7,610.074074074074
"X759",75.8,626.277777777778
"X760",75.9,627.085185185185
"X761",76,589.42750929368
"X762",76.1,607.635687732342
"X763",76.2,629.055762081784
"X764",76.3,608.171003717472
"X765",76.4,620.876404494382
"X766",76.5,623.275092936803
"X767",76.6,658.188888888889
"X768",76.7,664.42962962963
"X769",76.8,693.103703703704
"X770",76.9,705.088888888889
"X771",77,692.655555555556
"X772",77.1,700.014814814815
"X773",77.2,706.87037037037
"X774",77.3,712.625925925926
"X775",77.4,701.781481481481
"X776",77.5,692.222222222222
"X777",77.6,705.396296296296
"X778",77.7,687.125925925926
"X779",77.8,707.966666666667
"X780",77.9,739.877777777778
"X781",78,726.362962962963
"X782",78.1,725.307407407407
"X783",78.2,745.162962962963
"X784",78.3,720.207407407407
"X785",78.4,722.37037037037
"X786",78.5,719.951851851852
"X787",78.6,730.37037037037
"X788",78.7,717.57037037037
"X789",78.8,714.992592592593
"X790",78.9,739.122222222222
"X791",79,747.37037037037
"X792",79.1,745.177777777778
"X793",79.2,743.966666666667
"X794",79.3,730.788888888889
"X795",79.4,728.725925925926
"X796",79.5,736.488888888889
"X797",79.6,741.62962962963
"X798",79.7,734.033333333333
"X799",79.8,735.625925925926
"X800",79.9,726.481481481482
"X801",80,680.855555555556
"X802",80.1,700.885185185185
"X803",80.2,719.074074074074
"X804",80.3,719.796296296296
"X805",80.4,730.759259259259
"X806",80.5,724.351851851852
"X807",80.6,718.707407407407
"X808",80.7,697.744444444444
"X809",80.8,711.433333333333
"X810",80.9,731.685185185185
"X811",81,712.107407407407
"X812",81.1,727.474074074074
"X813",81.2,729.488888888889
"X814",81.3,734.792592592593
"X815",81.4,742.033333333333
"X816",81.5,738.148148148148
"X817",81.6,740.781481481481
"X818",81.7,732.811111111111
"X819",81.8,730.02962962963
"X820",81.9,725.681481481481
"X821",82,732.688888888889
"X822",82.1,750.222222222222
"X823",82.2,753.548148148148
"X824",82.3,735.388888888889
"X825",82.4,732.107407407407
"X826",82.5,726.903703703704
"X827",82.6,738.537037037037
"X828",82.7,726.52962962963
"X829",82.8,723.151851851852
"X830",82.9,731.140740740741
"X831",83,722.803703703704
"X832",83.1,731.803703703704
"X833",83.2,713.218518518519
"X834",83.3,699.594795539033
"X835",83.4,711.274074074074
"X836",83.5,727.266666666667
"X837",83.6,730.018518518518
"X838",83.7,708.092592592593
"X839",83.8,703.388888888889
"X840",83.9,714.962962962963
"X841",84,715.825925925926
"X842",84.1,703.537037037037
"X843",84.2,708.759259259259
"X844",84.3,698.57037037037
"X845",84.4,707.6
"X846",84.5,696.496296296296
"X847",84.6,679.892592592593
"X848",84.7,649.97037037037
"X849",84.8,623.712598425197
"X850",84.9,625.456790123457
"X851",85,604.36563876652
"X852",85.1,617.75799086758
"X853",85.2,606.559633027523
"X854",85.3,593.280172413793
"X855",85.4,597.356
"X856",85.5,606.318725099602
"X857",85.6,629.484126984127
"X858",85.7,611.968253968254
"X859",85.8,623.808510638298
"X860",85.9,643.84140969163
"X861",86,611.944680851064
"X862",86.1,577.102880658436
"X863",86.2,598.095238095238
"X864",86.3,643.916279069767
"X865",86.4,655.162995594714
"X866",86.5,668.596774193548
"X867",86.6,685.12927756654
"X868",86.7,684.772388059701
"X869",86.8,694.88679245283
"X870",86.9,721.872586872587
"X871",87,721.87984496124
"X872",87.1,721.340823970037
"X873",87.2,724.277777777778
"X874",87.3,727.607407407407
"X875",87.4,731.351851851852
"X876",87.5,736.248148148148
"X877",87.6,750.996296296296
"X878",87.7,730.613970588235
"X879",87.8,740.43956043956
"X880",87.9,754.532846715328
"X881",88,748.054347826087
"X882",88.1,745.364620938628
"X883",88.2,756.007168458781
"X884",88.3,734.307142857143
"X885",88.4,733.288256227758
"X886",88.5,735.356890459364
"X887",88.6,744.611307420495
"X888",88.7,738.329824561403
"X889",88.8,743.815331010453
"X890",88.9,751.968858131488
"X891",89,733.434482758621
"X892",89.1,733.711340206186
"X893",89.2,728.092150170648
"X894",89.3,726.159863945578
"X895",89.4,729.128813559322
"X896",89.5,717.703703703704
"X897",89.6,726.791946308725
"X898",89.7,717.578595317726
"X899",89.8,723.847176079734
"X900",89.9,731.927152317881
"X901",90,709.595394736842
"X902",90.1,702.514754098361
"X903",90.2,721.960912052117
"X904",90.3,723.107142857143
"X905",90.4,722.860841423948
"X906",90.5,723.980707395498
"X907",90.6,730.137820512821
"X908",90.7,726.926751592357
"X909",90.8,729.819047619048
"X910",90.9,747.411392405063
"X911",91,732.544025157233
"X912",91.1,740.648902821317
"X913",91.2,736.790625
"X914",91.3,723.313664596273
"X915",91.4,733.879256965944
"X916",91.5,733.913580246914
"X917",91.6,742.89263803681
"X918",91.7,731.522935779817
"X919",91.8,728.267477203647
"X920",91.9,744.7
"X921",92,731.746223564955
"X922",92.1,733.672672672673
"X923",92.2,744.898203592814
"X924",92.3,734.659701492537
"X925",92.4,741.299703264095
"X926",92.5,734.340236686391
"X927",92.6,736.641176470588
"X928",92.7,745.730205278592
"X929",92.8,758.215743440233
"X930",92.9,770.822674418605
"X931",93,765.446376811594
"X932",93.1,771.417867435159
"X933",93.2,772.810344827586
"X934",93.3,767.851428571429
"X935",93.4,766.205128205128
"X936",93.5,749.076704545455
"X937",93.6,760.78813559322
"X938",93.7,746.591549295775
"X939",93.8,750.963483146067
"X940",93.9,765.349162011173
"X941",94,748.144846796657
"X942",94.1,744.005555555556
"X943",94.2,752.941988950276
"X944",94.3,746.807162534435
"X945",94.4,742.298630136986
"X946",94.5,734.68306010929
"X947",94.6,743.861035422343
"X948",94.7,741.644986449865
"X949",94.8,731.056756756757
"X950",94.9,741.269541778976
"X951",95,730.536193029491
"X952",95.1,724.344919786096
"X953",95.2,722.574468085106
"X954",95.3,732.636604774536
"X955",95.4,726.785714285714
"X956",95.5,733.6
"X957",95.6,740.963254593176
"X958",95.7,714.497382198953
"X959",95.8,708.4453125
"X960",95.9,715.062337662338
"X961",96,679.870466321243
"X962",96.1,662.657216494845
"X963",96.2,676.768637532134
"X964",96.3,689.416879795396
"X965",96.4,710.283163265306
"X966",96.5,714.923664122137
"X967",96.6,718.555837563452
"X968",96.7,726.76844783715
"X969",96.8,736.493638676845
"X970",96.9,755.149746192893
"X971",97,755.5
"X972",97.1,760.043147208122
"X973",97.2,751.86329113924
"X974",97.3,754.521518987342
"X975",97.4,758.121827411167
"X976",97.5,747.00253164557
"X977",97.6,758.66835443038
"X978",97.7,749.022727272727
"X979",97.8,750.606060606061
"X980",97.9,761.766497461929
"X981",98,749.643939393939
"X982",98.1,746.623737373737
"X983",98.2,753.042929292929
"X984",98.3,745.169191919192
"X985",98.4,742.065656565657
"X986",98.5,737.891139240506
"X987",98.6,738.857868020305
"X988",98.7,734.20253164557
"X989",98.8,733.174242424242
"X990",98.9,742.111111111111
"X991",99,728.954659949622
"X992",99.1,735.730478589421
"X993",99.2,745.211586901763
"X994",99.3,744.460957178841
"X995",99.4,743.758793969849
"X996",99.5,746.530150753769
"X997",99.6,763.178841309824
"X998",99.7,749.962311557789
"X999",99.8,754.957286432161
"X1000",99.9,767.793969849246
"X1001",100,752.062972292191
"X1002",100.1,756.989924433249
"X1003",100.2,746.085427135678
"X1004",100.3,725.694235588972
"X1005",100.4,723.96725440806
"X1006",100.5,730.346733668342
"X1007",100.6,742.644110275689
"X1008",100.7,730.601503759398
"X1009",100.8,723.73
"X1010",100.9,732.485
"X1011",101,727.0625
"X1012",101.1,735.94
"X1013",101.2,733.5
"X1014",101.3,732.134663341646
"X1015",101.4,733.0575
"X1016",101.5,744.840399002494
"X1017",101.6,759.60349127182
"X1018",101.7,757.192019950125
"X1019",101.8,763.805970149254
"X1020",101.9,776.514925373134
"X1021",102,768.022388059701
"X1022",102.1,769.708955223881
"X1023",102.2,762.421836228288
"X1024",102.3,764.255583126551
"X1025",102.4,770.037220843672
"X1026",102.5,753.271144278607
"X1027",102.6,755.808457711443
"X1028",102.7,754.588089330025
"X1029",102.8,742.409429280397
"X1030",102.9,744.861386138614
"X1031",103,730.254950495049
"X1032",103.1,727
"X1033",103.2,729.633663366337
"X1034",103.3,728.814356435644
"X1035",103.4,726.266666666667
"X1036",103.5,728.716049382716
"X1037",103.6,726.613861386139
"X1038",103.7,704.066666666667
"X1039",103.8,702.362962962963
"X1040",103.9,710.315270935961
"X1041",104,724.687192118227
"X1042",104.1,733.620689655172
"X1043",104.2,719.73645320197
"X1044",104.3,715.633004926108
"X1045",104.4,704.108374384236
"X1046",104.5,698.508641975309
"X1047",104.6,704.179802955665
"X1048",104.7,705.416256157635
"X1049",104.8,700.004914004914
"X1050",104.9,723.108108108108
"X1051",105,737.155172413793
"X1052",105.1,752.847665847666
"X1053",105.2,759.457002457002
"X1054",105.3,768.737745098039
"X1055",105.4,760.395577395577
"X1056",105.5,766.670761670762
"X1057",105.6,778.53431372549
"X1058",105.7,764.15931372549
"X1059",105.8,763.237745098039
"X1060",105.9,775.553921568627
"X1061",106,772.740196078431
"X1062",106.1,773.281173594132
"X1063",106.2,772.007334963325
"X1064",106.3,785.422982885086
"X1065",106.4,773.674816625917
"X1066",106.5,762.435207823961
"X1067",106.6,775.342298288509
"X1068",106.7,770.239608801956
"X1069",106.8,767.977995110024
"X1070",106.9,775.921951219512
"X1071",107,753.80243902439
"X1072",107.1,757.814180929095
"X1073",107.2,763.442542787286
"X1074",107.3,760.198529411765
"X1075",107.4,749.189189189189
"X1076",107.5,745.471604938272
"X1077",107.6,759.435643564356
"X1078",107.7,745.019851116625
"X1079",107.8,744.606965174129
"X1080",107.9,763.563591022444
"X1081",108,753.333333333333
"X1082",108.1,755.27135678392
"X1083",108.2,765.380352644836
"X1084",108.3,772.55303030303
"X1085",108.4,768.677664974619
"X1086",108.5,778.531806615776
"X1087",108.6,777.913265306122
"X1088",108.7,760.828644501279
"X1089",108.8,769.046272493573
"X1090",108.9,779.976804123711
"X1091",109,770.09819121447
"X1092",109.1,772.730569948186
"X1093",109.2,774.387012987013
"X1094",109.3,760.033942558747
"X1095",109.4,758.34554973822
"X1096",109.5,751.309711286089
"X1097",109.6,761.657894736842
"X1098",109.7,744.304232804233
"X1099",109.8,734.883289124668
"X1100",109.9,734.585106382979
"X1101",110,732.94385026738
"X1102",110.1,748.847184986595
"X1103",110.2,752.465053763441
"X1104",110.3,748.264150943396
"X1105",110.4,750.216216216216
"X1106",110.5,753.415760869565
"X1107",110.6,740.068119891008
"X1108",110.7,738.715846994535
"X1109",110.8,753.81043956044
"X1110",110.9,755.906077348066
"X1111",111,748.520775623269
"X1112",111.1,751.490304709141
"X1113",111.2,753.559888579387
"X1114",111.3,753.888579387187
"X1115",111.4,757.417366946779
"X1116",111.5,736.162921348315
"X1117",111.6,744.712676056338
"X1118",111.7,752.57507082153
"X1119",111.8,751.508522727273
"X1120",111.9,764.780626780627
"X1121",112,747.734285714286
"X1122",112.1,754.372492836676
"X1123",112.2,751.850144092219
"X1124",112.3,765.708092485549
"X1125",112.4,763.257971014493
"X1126",112.5,762.061046511628
"X1127",112.6,764.822157434402
"X1128",112.7,766.00293255132
"X1129",112.8,767.791176470588
"X1130",112.9,772.377581120944
"X1131",113,781.627218934911
"X1132",113.1,785.869047619048
"X1133",113.2,779.438805970149
"X1134",113.3,773.895209580838
"X1135",113.4,776.262048192771
"X1136",113.5,767.256797583082
"X1137",113.6,774.227272727273
"X1138",113.7,767.021276595745
"X1139",113.8,754.452599388379
"X1140",113.9,760.101226993865
"X1141",114,759.731481481482
"X1142",114.1,763.422839506173
"X1143",114.2,753.052631578947
"X1144",114.3,755.03738317757
"X1145",114.4,757.415625
"X1146",114.5,760.131661442006
"X1147",114.6,768.24213836478
"X1148",114.7,762.680379746835
"X1149",114.8,761.520634920635
"X1150",114.9,770.850318471338
"X1151",115,768.166666666667
"X1152",115.1,763.390322580645
"X1153",115.2,770.070967741936
"X1154",115.3,777.566343042071
"X1155",115.4,773.394136807818
"X1156",115.5,753.09477124183
"X1157",115.6,766.734426229508
"X1158",115.7,761.200657894737
"X1159",115.8,752.26402640264
"X1160",115.9,769.119205298013
"X1161",116,754.49
"X1162",116.1,753.645484949833
"X1163",116.2,738.56711409396
"X1164",116.3,753.807432432432
"X1165",116.4,753.576271186441
"X1166",116.5,743.292517006803
"X1167",116.6,747.467576791809
"X1168",116.7,754.650684931507
"X1169",116.8,753.693103448276
"X1170",116.9,762.968858131488
"X1171",117,756.018518518518
"X1172",117.1,745.233333333333
"X1173",117.2,756.996296296296
"X1174",117.3,748.67037037037
"X1175",117.4,744.025925925926
"X1176",117.5,749.362962962963
"X1177",117.6,749.111111111111
"X1178",117.7,739.237037037037
"X1179",117.8,730.292592592593
"X1180",117.9,742.696296296296
"X1181",118,722.274074074074
"X1182",118.1,743.662962962963
"X1183",118.2,738.992592592593
"X1184",118.3,743.425925925926
"X1185",118.4,740.651851851852
"X1186",118.5,740.166666666667
"X1187",118.6,740.462962962963
"X1188",118.7,734.937037037037
"X1189",118.8,735.051851851852
"X1190",118.9,747.403703703704
"X1191",119,745.625925925926
"X1192",119.1,742.796296296296
"X1193",119.2,745.411111111111
"X1194",119.3,740.659259259259
"X1195",119.4,740.422222222222
"X1196",119.5,749.111111111111
"X1197",119.6,747.87037037037
"X1198",119.7,749.033333333333
"X1199",119.8,754.107407407407
"X1200",119.9,756.748148148148
"X1201",120,729.137037037037
"X1202",120.1,748.222222222222
"X1203",120.2,731.548148148148
"X1204",120.3,732.2
"X1205",120.4,746.322222222222
"X1206",120.5,730.522222222222
"X1207",120.6,731.02962962963
"X1208",120.7,734.944444444444
"X1209",120.8,734.003703703704
"X1210",120.9,732.225925925926
"X1211",121,722.718518518519
"X1212",121.1,717.366666666667
"X1213",121.2,719.903703703704
"X1214",121.3,732.225925925926
"X1215",121.4,734.72962962963
"X1216",121.5,728.159259259259
"X1217",121.6,729.785185185185
"X1218",121.7,734.340740740741
"X1219",121.8,733.251851851852
"X1220",121.9,739.281481481481
"X1221",122,743.733333333333
"X1222",122.1,757.459259259259
"X1223",122.2,736.074074074074
"X1224",122.3,734.577777777778
"X1225",122.4,745.633333333333
"X1226",122.5,729.966666666667
"X1227",122.6,742.362962962963
"X1228",122.7,740.744444444444
"X1229",122.8,734.433333333333
"X1230",122.9,732.362962962963
"X1231",123,740.044444444444
"X1232",123.1,744.12962962963
"X1233",123.2,750.362962962963
"X1234",123.3,745.92962962963
"X1235",123.4,740.244444444444
"X1236",123.5,732.985185185185
"X1237",123.6,753.822222222222
"X1238",123.7,750.822222222222
"X1239",123.8,742.344444444444
"X1240",123.9,751.044444444444
"X1241",124,746.403703703704
"X1242",124.1,752.914814814815
"X1243",124.2,742.707407407407
"X1244",124.3,768.796296296296
"X1245",124.4,759.488888888889
"X1246",124.5,743.088888888889
"X1247",124.6,755.666666666667
"X1248",124.7,748.733333333333
"X1249",124.8,737.074074074074
"X1250",124.9,755.662962962963
"X1251",125,736.759259259259
"X1252",125.1,728.303703703704
"X1253",125.2,749.214814814815
"X1254",125.3,726.985185185185
"X1255",125.4,721.581481481481
"X1256",125.5,712.166666666667
"X1257",125.6,721.537037037037
"X1258",125.7,730.285185185185
"X1259",125.8,724.433333333333
"X1260",125.9,734.27037037037
"X1261",126,724.948148148148
"X1262",126.1,729.274074074074
"X1263",126.2,729.488888888889
"X1264",126.3,742.096296296296
"X1265",126.4,739.918518518519
"X1266",126.5,754.425925925926
"X1267",126.6,758.607407407407
"X1268",126.7,740.662962962963
"X1269",126.8,742.32962962963
"X1270",126.9,756.537037037037
"X1271",127,738.681481481481
"X1272",127.1,731.381481481482
"X1273",127.2,747.374074074074
"X1274",127.3,728.937037037037
"X1275",127.4,730.722222222222
"X1276",127.5,731
"X1277",127.6,744.07037037037
"X1278",127.7,735.237037037037
"X1279",127.8,724.707407407407
"X1280",127.9,733.318518518519
"X1281",128,735.862962962963
"X1282",128.1,752.288888888889
"X1283",128.2,733.862962962963
"X1284",128.3,736.974074074074
"X1285",128.4,743.233333333333
"X1286",128.5,742.42962962963
"X1287",128.6,738.485185185185
"X1288",128.7,747.018518518518
"X1289",128.8,755.396296296296
"X1290",128.9,753.833333333333
"X1291",129,733.214814814815
"X1292",129.1,734.681481481481
"X1293",129.2,744.844444444444
"X1294",129.3,729.414814814815
"X1295",129.4,735.885185185185
"X1296",129.5,730.188888888889
"X1297",129.6,738.577777777778
"X1298",129.7,741.262962962963
"X1299",129.8,734.440740740741
"X1300",129.9,741.848148148148
"X1301",130,726.933333333333
"X1302",130.1,743.551851851852
"X1303",130.2,737.211111111111
"X1304",130.3,742.418518518519
"X1305",130.4,752.8
"X1306",130.5,749.937037037037
"X1307",130.6,743.355555555556
"X1308",130.7,741.422222222222
"X1309",130.8,745.451851851852
"X1310",130.9,748.203703703704
"X1311",131,759.533333333333
"X1312",131.1,755.274074074074
"X1313",131.2,749.107407407407
"X1314",131.3,738.696296296296
"X1315",131.4,745.4
"X1316",131.5,734.903703703704
"X1317",131.6,749.211111111111
"X1318",131.7,749.685185185185
"X1319",131.8,734.192592592593
"X1320",131.9,743.411111111111
"X1321",132,733.203703703704
"X1322",132.1,743.688888888889
"X1323",132.2,725.237037037037
"X1324",132.3,735.525925925926
"X1325",132.4,745.940740740741
"X1326",132.5,743.911111111111
"X1327",132.6,753.177777777778
"X1328",132.7,743.311111111111
"X1329",132.8,741.381481481482
"X1330",132.9,756.977777777778
"X1331",133,754.918518518519
"X1332",133.1,747.1
"X1333",133.2,759.392592592593
"X1334",133.3,769.27037037037
"X1335",133.4,767.411111111111
"X1336",133.5,734.748148148148
"X1337",133.6,752.314814814815
"X1338",133.7,759.411111111111
"X1339",133.8,723.544444444444
"X1340",133.9,718.877777777778
"X1341",134,694.751851851852
"X1342",134.1,685.888888888889
"X1343",134.2,683.947955390335
"X1344",134.3,705.958490566038
"X1345",134.4,683.867924528302
"X1346",134.5,659.992307692308
"X1347",134.6,614.418604651163
"X1348",134.7,575.724279835391
"X1349",134.8,634.182692307692
"X1350",134.9,676.31
"X1351",135,664.985221674877
"X1352",135.1,667.449275362319
"X1353",135.2,680.628959276018
"X1354",135.3,654.392405063291
"X1355",135.4,630.336
"X1356",135.5,598.405204460967
"X1357",135.6,642.120754716981
"X1358",135.7,686.903100775194
"X1359",135.8,710.2421875
"X1360",135.9,730.674509803922
"X1361",136,718.27734375
"X1362",136.1,727.470817120623
"X1363",136.2,719.670542635659
"X1364",136.3,722.5078125
"X1365",136.4,730.619607843137
"X1366",136.5,723.137254901961
"X1367",136.6,730.342519685039
"X1368",136.7,715.818181818182
"X1369",136.8,700.587301587302
"X1370",136.9,673.085271317829
"X1371",137,673.426877470356
"X1372",137.1,653.784
"X1373",137.2,597.127490039841
"X1374",137.3,552.34
"X1375",137.4,569.256637168142
"X1376",137.5,631.251282051282
"X1377",137.6,654.102702702703
"X1378",137.7,657.164835164835
"X1379",137.8,649.365591397849
"X1380",137.9,638.105263157895
"X1381",138,667.689814814815
"X1382",138.1,659.364806866953
"X1383",138.2,672.115555555556
"X1384",138.3,677.373333333333
"X1385",138.4,684.171673819743
"X1386",138.5,672.723577235772
"X1387",138.6,669.466926070039
"X1388",138.7,702.657692307692
"X1389",138.8,717.950757575758
"X1390",138.9,730.07037037037
"X1391",139,733.874074074074
"X1392",139.1,731.077777777778
"X1393",139.2,737.902985074627
"X1394",139.3,744.112359550562
"X1395",139.4,738.503731343284
"X1396",139.5,734.732342007435
"X1397",139.6,741.582089552239
"X1398",139.7,730.7
"X1399",139.8,724.211111111111
"X1400",139.9,729.940520446097
"X1401",140,738.442379182156
"X1402",140.1,766.466666666667
"X1403",140.2,735.092592592593
"X1404",140.3,730.100371747212
"X1405",140.4,732.97037037037
"X1406",140.5,716.925925925926
"X1407",140.6,716.807407407407
"X1408",140.7,718.233333333333
"X1409",140.8,716.177777777778
"X1410",140.9,720.355555555556
"X1411",141,715.218518518519
"X1412",141.1,717.996296296296
"X1413",141.2,713.462962962963
"X1414",141.3,710.925925925926
"X1415",141.4,695.588888888889
"X1416",141.5,681.240740740741
"X1417",141.6,700.807407407407
"X1418",141.7,717.296296296296
"X1419",141.8,702.185185185185
"X1420",141.9,715.637037037037
"X1421",142,721.592592592593
"X1422",142.1,726.777777777778
"X1423",142.2,718.537037037037
"X1424",142.3,735.3
"X1425",142.4,710.688888888889
"X1426",142.5,708.796296296296
"X1427",142.6,732.955555555556
"X1428",142.7,727.603703703704
"X1429",142.8,729.996296296296
"X1430",142.9,738.27037037037
"X1431",143,729.596296296296
"X1432",143.1,728.796296296296
"X1433",143.2,742.711111111111
"X1434",143.3,734.707407407407
"X1435",143.4,728.018518518518
"X1436",143.5,710.540740740741
"X1437",143.6,727.062962962963
"X1438",143.7,744.111111111111
"X1439",143.8,741.488888888889
"X1440",143.9,759.981481481482
"X1441",144,751.531598513011
"X1442",144.1,749.12962962963
"X1443",144.2,756.259259259259
"X1444",144.3,751.044444444444
"X1445",144.4,741.659259259259
"X1446",144.5,753.344444444444
"X1447",144.6,760.888888888889
"X1448",144.7,734.67037037037
"X1449",144.8,732.137037037037
"X1450",144.9,753.333333333333
"X1451",145,735.418518518519
"X1452",145.1,736.940740740741
"X1453",145.2,752.3
"X1454",145.3,730.892592592593
"X1455",145.4,733.89219330855
"X1456",145.5,731.527881040892
"X1457",145.6,737.533333333333
"X1458",145.7,724.451851851852
"X1459",145.8,716.455555555556
"X1460",145.9,729.711111111111
"X1461",146,731.87037037037
"X1462",146.1,745.474074074074
"X1463",146.2,739.162962962963
"X1464",146.3,741.451851851852
"X1465",146.4,745.62962962963
"X1466",146.5,734.777777777778
"X1467",146.6,736.222222222222
"X1468",146.7,736.140740740741
"X1469",146.8,737.185185185185
"X1470",146.9,752.718518518519
"X1471",147,730.403703703704
"X1472",147.1,734.859259259259
"X1473",147.2,739.962962962963
"X1474",147.3,717.040740740741
"X1475",147.4,728.196296296296
"X1476",147.5,717.440740740741
"X1477",147.6,717.514814814815
"X1478",147.7,716.614814814815
"X1479",147.8,706.703703703704
"X1480",147.9,712.219330855019
"X1481",148,700.412639405204
"X1482",148.1,709.792592592593
"X1483",148.2,693.8
"X1484",148.3,688.851851851852
"X1485",148.4,711.881481481482
"X1486",148.5,698.211895910781
"X1487",148.6,692.618518518518
"X1488",148.7,704.511194029851
"X1489",148.8,701.408921933085
"X1490",148.9,704.029739776952
"X1491",149,717.457249070632
"X1492",149.1,713.048148148148
"X1493",149.2,700.189591078067
"X1494",149.3,702.226923076923
"X1495",149.4,711.388888888889
"X1496",149.5,707.762962962963
"X1497",149.6,715.216417910448
"X1498",149.7,725.761194029851
"X1499",149.8,712.622222222222
"X1500",149.9,726.092592592593
"X1501",150,713.87037037037
"X1502",150.1,726.362962962963
"X1503",150.2,706.490706319703
"X1504",150.3,708.222222222222
"X1505",150.4,711.543071161049
"X1506",150.5,706.381132075472
"X1507",150.6,702.585820895522
"X1508",150.7,697.301115241636
"X1509",150.8,690.007407407407
"X1510",150.9,707.324626865672
"X1511",151,695.096153846154
"X1512",151.1,644.66796875
"X1513",151.2,638.056818181818
"X1514",151.3,675.244444444444
"X1515",151.4,687
"X1516",151.5,701.902985074627
"X1517",151.6,729.580524344569
"X1518",151.7,707.771535580524
"X1519",151.8,692.82156133829
"X1520",151.9,729.418518518519
"X1521",152,715.717472118959
"X1522",152.1,719.233333333333
"X1523",152.2,706.3
"X1524",152.3,718.097378277154
"X1525",152.4,692.614814814815
"X1526",152.5,691.298507462687
"X1527",152.6,709.692592592593
"X1528",152.7,742.359259259259
"X1529",152.8,755.107407407407
"X1530",152.9,764.255555555556
"X1531",153,753.525925925926
"X1532",153.1,748.577777777778
"X1533",153.2,761.555555555556
"X1534",153.3,752.351851851852
"X1535",153.4,755.385185185185
"X1536",153.5,753.518518518518
"X1537",153.6,761.7
"X1538",153.7,747.651851851852
"X1539",153.8,749.814814814815
"X1540",153.9,765.196296296296
"X1541",154,747.951851851852
"X1542",154.1,766.981481481482
"X1543",154.2,756.659259259259
"X1544",154.3,753.933333333333
"X1545",154.4,756.374074074074
"X1546",154.5,750.807407407407
"X1547",154.6,763.951851851852
"X1548",154.7,752.014814814815
"X1549",154.8,745.996296296296
"X1550",154.9,759.933333333333
"X1551",155,761.02962962963
"X1552",155.1,763.818518518519
"X1553",155.2,767.67037037037
"X1554",155.3,763.466666666667
"X1555",155.4,769.337037037037
"X1556",155.5,762.185185185185
"X1557",155.6,768.048148148148
"X1558",155.7,771.574074074074
"X1559",155.8,776.048148148148
"X1560",155.9,783.359259259259
"X1561",156,757.4
"X1562",156.1,771.696296296296
"X1563",156.2,755.774074074074
"X1564",156.3,756.225925925926
"X1565",156.4,764.485185185185
"X1566",156.5,746.492592592593
"X1567",156.6,741.514814814815
"X1568",156.7,737.718518518519
"X1569",156.8,740.818518518519
"X1570",156.9,756.485185185185
"X1571",157,747.622222222222
"X1572",157.1,742.255555555556
"X1573",157.2,760.711111111111
"X1574",157.3,758.337037037037
"X1575",157.4,764.37037037037
"X1576",157.5,756.318518518519
"X1577",157.6,762.52962962963
"X1578",157.7,769.833333333333
"X1579",157.8,765.203703703704
"X1580",157.9,768.796296296296
"X1581",158,772.233333333333
"X1582",158.1,780.888888888889
"X1583",158.2,750.22962962963
"X1584",158.3,749.448148148148
"X1585",158.4,764.974074074074
"X1586",158.5,749.007407407407
"X1587",158.6,756.751851851852
"X1588",158.7,740.803703703704
"X1589",158.8,718.203703703704
"X1590",158.9,715.962962962963
"X1591",159,716.588888888889
"X1592",159.1,709.077777777778
"X1593",159.2,719.018518518518
"X1594",159.3,705.181481481481
"X1595",159.4,702.855555555556
"X1596",159.5,704.114814814815
"X1597",159.6,719.914814814815
"X1598",159.7,729.025925925926
"X1599",159.8,725.744444444444
"X1600",159.9,737.62962962963
"X1601",160,733.440740740741
"X1602",160.1,739.288888888889
"X1603",160.2,732.722222222222
"X1604",160.3,750.681481481481
"X1605",160.4,747.011111111111
"X1606",160.5,718.474074074074
"X1607",160.6,736.596296296296
"X1608",160.7,732.762962962963
"X1609",160.8,730.751851851852
"X1610",160.9,749.455555555556
"X1611",161,741.240740740741
"X1612",161.1,732.848148148148
"X1613",161.2,752.118518518518
"X1614",161.3,741.818518518519
"X1615",161.4,737.918518518519
"X1616",161.5,730.088888888889
"X1617",161.6,747.262962962963
"X1618",161.7,746.637037037037
"X1619",161.8,743.62962962963
"X1620",161.9,759.407407407407
"X1621",162,746.277777777778
"X1622",162.1,753.162962962963
"X1623",162.2,746.285185185185
"X1624",162.3,751.714814814815
"X1625",162.4,749.988888888889
"X1626",162.5,764.307407407407
"X1627",162.6,767.225925925926
"X1628",162.7,743.607407407407
"X1629",162.8,735.592592592593
"X1630",162.9,754.611111111111
"X1631",163,741.425925925926
"X1632",163.1,734.840740740741
"X1633",163.2,748.818518518519
"X1634",163.3,741.640740740741
"X1635",163.4,728.692592592593
"X1636",163.5,729.518518518518
"X1637",163.6,740.803703703704
"X1638",163.7,737.255555555556
"X1639",163.8,724.492592592593
"X1640",163.9,744.244444444444
"X1641",164,736.555555555556
"X1642",164.1,755.744444444444
"X1643",164.2,742.444444444444
"X1644",164.3,741.962962962963
"X1645",164.4,760.877777777778
"X1646",164.5,756.459259259259
"X1647",164.6,756.788888888889
"X1648",164.7,764.233333333333
"X1649",164.8,777.981481481482
"X1650",164.9,778.485185185185
"X1651",165,761.462962962963
"X1652",165.1,758.822222222222
"X1653",165.2,763.837037037037
"X1654",165.3,750.774074074074
"X1655",165.4,757.518518518518
"X1656",165.5,743.237037037037
"X1657",165.6,746.703703703704
"X1658",165.7,748.644444444444
"X1659",165.8,736.655555555556
"X1660",165.9,744.737037037037
"X1661",166,728.177777777778
"X1662",166.1,732.888888888889
"X1663",166.2,730.811111111111
"X1664",166.3,734.433333333333
"X1665",166.4,739.525925925926
"X1666",166.5,733.759259259259
"X1667",166.6,735.377777777778
"X1668",166.7,735.707407407407
"X1669",166.8,734.496296296296
"X1670",166.9,730.9
"X1671",167,744.644444444444
"X1672",167.1,744.62962962963
"X1673",167.2,746.644444444444
"X1674",167.3,741.344444444444
"X1675",167.4,749.077777777778
"X1676",167.5,739.818518518519
"X1677",167.6,753.925925925926
"X1678",167.7,757.651851851852
"X1679",167.8,734.114814814815
"X1680",167.9,742.874074074074
"X1681",168,735.292592592593
"X1682",168.1,745.044444444444
"X1683",168.2,724.162962962963
"X1684",168.3,731.840740740741
"X1685",168.4,736.92962962963
"X1686",168.5,731.27037037037
"X1687",168.6,738.733333333333
"X1688",168.7,726.396296296296
"X1689",168.8,730.37037037037
"X1690",168.9,744.625925925926
"X1691",169,746.9
"X1692",169.1,734.181481481481
"X1693",169.2,739.362962962963
"X1694",169.3,750.044444444444
"X1695",169.4,739.896296296296
"X1696",169.5,718.559259259259
"X1697",169.6,732.133333333333
"X1698",169.7,737.066666666667
"X1699",169.8,718.22962962963
"X1700",169.9,738.155555555556
"X1701",170,721.492592592593
"X1702",170.1,726.97037037037
"X1703",170.2,715.52962962963
"X1704",170.3,724.174074074074
"X1705",170.4,729.981481481482
"X1706",170.5,713.662962962963
"X1707",170.6,720.348148148148
"X1708",170.7,722.092592592593
"X1709",170.8,721.392592592593
"X1710",170.9,729.507407407407
"X1711",171,727.618518518518
"X1712",171.1,721.581481481481
"X1713",171.2,734.240740740741
"X1714",171.3,725.12962962963
"X1715",171.4,721.688888888889
"X1716",171.5,719.848148148148
"X1717",171.6,737.8
"X1718",171.7,713.822222222222
"X1719",171.8,704.222222222222
"X1720",171.9,719.592592592593
"X1721",172,700.837037037037
"X1722",172.1,715.355555555556
"X1723",172.2,708.777777777778
"X1724",172.3,700.796296296296
"X1725",172.4,706.588888888889
"X1726",172.5,696.474074074074
"X1727",172.6,706.625925925926
"X1728",172.7,698.533333333333
"X1729",172.8,696.859259259259
"X1730",172.9,709.240740740741
"X1731",173,700.62962962963
"X1732",173.1,709.655555555556
"X1733",173.2,721.696296296296
"X1734",173.3,713.474074074074
"X1735",173.4,717.02962962963
"X1736",173.5,715.762962962963
"X1737",173.6,722.666666666667
"X1738",173.7,719.396296296296
"X1739",173.8,727.659259259259
"X1740",173.9,742.759259259259
"X1741",174,714.866666666667
"X1742",174.1,738.003703703704
"X1743",174.2,733.537037037037
"X1744",174.3,727.022222222222
"X1745",174.4,751.181481481481
"X1746",174.5,729.037037037037
"X1747",174.6,733.977777777778
"X1748",174.7,724.82962962963
"X1749",174.8,729.244444444444
"X1750",174.9,741.355555555556
"X1751",175,730.096296296296
"X1752",175.1,723.92962962963
"X1753",175.2,735.981481481482
"X1754",175.3,719.637037037037
"X1755",175.4,729.118518518518
"X1756",175.5,721.933333333333
"X1757",175.6,726.12962962963
"X1758",175.7,732.688888888889
"X1759",175.8,725.996296296296
"X1760",175.9,737.140740740741
"X1761",176,746.07037037037
"X1762",176.1,763.5
"X1763",176.2,740.688888888889
"X1764",176.3,745.048148148148
"X1765",176.4,760.474074074074
"X1766",176.5,743
"X1767",176.6,758.781481481481
"X1768",176.7,756.188888888889
"X1769",176.8,749.037037037037
"X1770",176.9,760.418518518519
"X1771",177,757.962962962963
"X1772",177.1,751.033333333333
"X1773",177.2,759.9
"X1774",177.3,740.603703703704
"X1775",177.4,745.159259259259
"X1776",177.5,748.82962962963
"X1777",177.6,757.896296296296
"X1778",177.7,766.185185185185
"X1779",177.8,755.037037037037
"X1780",177.9,768.092592592593
"X1781",178,764.622222222222
"X1782",178.1,764.474074074074
"X1783",178.2,762.581481481481
"X1784",178.3,783.648148148148
"X1785",178.4,775.340740740741
"X1786",178.5,745.325925925926
"X1787",178.6,765.977777777778
"X1788",178.7,753.540740740741
"X1789",178.8,749.914814814815
"X1790",178.9,768.785185185185
"X1791",179,740.52962962963
"X1792",179.1,736.811111111111
"X1793",179.2,749.651851851852
"X1794",179.3,725.725925925926
"X1795",179.4,720.87037037037
"X1796",179.5,725.574074074074
"X1797",179.6,740.007407407407
"X1798",179.7,743.77037037037
"X1799",179.8,736.72962962963
"X1800",179.9,757.359259259259
"X1801",180,744.533333333333
"X1802",180.1,742.237037037037
"X1803",180.2,738.692592592593
"X1804",180.3,756.155555555556
"X1805",180.4,761.503703703704
"X1806",180.5,764.862962962963
"X1807",180.6,771.840740740741
"X1808",180.7,746.833333333333
"X1809",180.8,747.807407407407
"X1810",180.9,761.440740740741
"X1811",181,731.896296296296
"X1812",181.1,725.566666666667
"X1813",181.2,755.62962962963
"X1814",181.3,734.503703703704
"X1815",181.4,736.222222222222
"X1816",181.5,735.196296296296
"X1817",181.6,740.344444444444
"X1818",181.7,727.562962962963
"X1819",181.8,717
"X1820",181.9,726.251851851852
"X1821",182,722.440740740741
"X1822",182.1,737.322222222222
"X1823",182.2,724.237037037037
"X1824",182.3,718.511111111111
"X1825",182.4,740.014814814815
"X1826",182.5,715.140740740741
"X1827",182.6,715.148148148148
"X1828",182.7,721.859259259259
"X1829",182.8,735.303703703704
"X1830",182.9,744.851851851852
"X1831",183,720.866666666667
"X1832",183.1,723.233333333333
"X1833",183.2,730.940520446097
"X1834",183.3,717.574074074074
"X1835",183.4,726.82962962963
"X1836",183.5,702.048148148148
"X1837",183.6,717.811111111111
"X1838",183.7,728.922222222222
"X1839",183.8,725.092592592593
"X1840",183.9,733.174721189591
"X1841",184,716.862453531598
"X1842",184.1,727.903703703704
"X1843",184.2,723.077777777778
"X1844",184.3,727.345724907063
"X1845",184.4,739.82156133829
"X1846",184.5,722.282527881041
"X1847",184.6,725.744444444444
"X1848",184.7,720.085185185185
"X1849",184.8,718.687732342007
"X1850",184.9,734.085501858736
"X1851",185,742.85447761194
"X1852",185.1,738.5
"X1853",185.2,735.488805970149
"X1854",185.3,721.014869888476
"X1855",185.4,724.848148148148
"X1856",185.5,712.825925925926
"X1857",185.6,727.874074074074
"X1858",185.7,724.433333333333
"X1859",185.8,705.725925925926
"X1860",185.9,717.244444444444
"X1861",186,702.4
"X1862",186.1,714.577777777778
"X1863",186.2,713.896296296296
"X1864",186.3,709.033333333333
"X1865",186.4,724.051851851852
"X1866",186.5,722.081481481481
"X1867",186.6,735.088888888889
"X1868",186.7,717.655555555556
"X1869",186.8,710.511111111111
"X1870",186.9,724.759259259259
"X1871",187,727.457249070632
"X1872",187.1,728.662962962963
"X1873",187.2,740.159259259259
"X1874",187.3,736.3
"X1875",187.4,734.892592592593
"X1876",187.5,707.814814814815
"X1877",187.6,715.22962962963
"X1878",187.7,712.059259259259
"X1879",187.8,698.548148148148
"X1880",187.9,718.588888888889
"X1881",188,708.396296296296
"X1882",188.1,708.059479553903
"X1883",188.2,700.828996282528
"X1884",188.3,701.68029739777
"X1885",188.4,703.485185185185
"X1886",188.5,693.588888888889
"X1887",188.6,713.488888888889
"X1888",188.7,713.486988847584
"X1889",188.8,715.2156133829
"X1890",188.9,723.458955223881
"X1891",189,711.093283582089
"X1892",189.1,708.014925373134
"X1893",189.2,721.35687732342
"X1894",189.3,716.585820895522
"X1895",189.4,719.423791821561
"X1896",189.5,725.03717472119
"X1897",189.6,733.660447761194
"X1898",189.7,722.526119402985
"X1899",189.8,705.526119402985
"X1900",189.9,710.955390334572
"X1901",190,701.041044776119
"X1902",190.1,704.921641791045
"X1903",190.2,699.533582089552
"X1904",190.3,688.104089219331
"X1905",190.4,688.066666666667
"X1906",190.5,682.718518518519
"X1907",190.6,681.921933085502
"X1908",190.7,670.048327137546
"X1909",190.8,681.348148148148
"X1910",190.9,698.57037037037
"X1911",191,673.088888888889
"X1912",191.1,655.474074074074
"X1913",191.2,670.914814814815
"X1914",191.3,653.936802973978
"X1915",191.4,672.368029739777
"X1916",191.5,673.282527881041
"X1917",191.6,677.311111111111
"X1918",191.7,680.962962962963
"X1919",191.8,675.962686567164
"X1920",191.9,668.758364312268
"X1921",192,648.802973977695
"X1922",192.1,661.24907063197
"X1923",192.2,655.218518518519
"X1924",192.3,654.677777777778
"X1925",192.4,674.171003717472
"X1926",192.5,664.657992565056
"X1927",192.6,675.092936802974
"X1928",192.7,673.836431226766
"X1929",192.8,672.744444444444
"X1930",192.9,681.8
"X1931",193,664.092592592593
"X1932",193.1,661.92936802974
"X1933",193.2,674.460966542751
"X1934",193.3,664.211895910781
"X1935",193.4,662.256505576208
"X1936",193.5,646.151851851852
"X1937",193.6,651.082089552239
"X1938",193.7,659.602996254682
"X1939",193.8,645.718045112782
"X1940",193.9,641.690298507463
"X1941",194,650.40074906367
"X1942",194.1,663.126394052045
"X1943",194.2,632.212686567164
"X1944",194.3,615.702602230483
"X1945",194.4,610.818518518519
"X1946",194.5,571.742537313433
"X1947",194.6,558.779850746269
"X1948",194.7,535.089219330855
"X1949",194.8,519.448148148148
"X1950",194.9,533.125925925926
"X1951",195,531.788104089219
"X1952",195.1,529.494423791822
"X1953",195.2,535.588888888889
"X1954",195.3,522.492592592593
"X1955",195.4,511.162962962963
"X1956",195.5,516.022304832714
"X1957",195.6,521.962962962963
"X1958",195.7,510.048148148148
"X1959",195.8,509.651851851852
"X1960",195.9,512.759259259259
"X1961",196,513.551851851852
"X1962",196.1,499.618518518518
"X1963",196.2,491.196296296296
"X1964",196.3,498.67037037037
"X1965",196.4,497.133333333333
"X1966",196.5,473.118518518518
"X1967",196.6,479.151851851852
"X1968",196.7,476.962962962963
"X1969",196.8,465.788888888889
"X1970",196.9,480.877777777778
"X1971",197,471.407407407407
"X1972",197.1,472.822222222222
"X1973",197.2,493.8
"X1974",197.3,465.333333333333
"X1975",197.4,448.948148148148
"X1976",197.5,438.555555555556
"X1977",197.6,424.033333333333
"X1978",197.7,424.011111111111
"X1979",197.8,412.722222222222
"X1980",197.9,425.459259259259
"X1981",198,434.640740740741
"X1982",198.1,445.566666666667
"X1983",198.2,474.366666666667
"X1984",198.3,483.137037037037
"X1985",198.4,482.322222222222
"X1986",198.5,467.87037037037
"X1987",198.6,413.066666666667
"X1988",198.7,382.722222222222
"X1989",198.8,383.814814814815
"X1990",198.9,372.451851851852
"X1991",199,340.951672862454
"X1992",199.1,360.666666666667
"X1993",199.2,380.222222222222
"X1994",199.3,374.444444444444
"X1995",199.4,376.437037037037
"X1996",199.5,375.42962962963
"X1997",199.6,374.855555555556
"X1998",199.7,397.951851851852
"X1999",199.8,411.1
"X2000",199.9,459.881040892193
"X2001",200,476.304511278195
"X2002",200.1,468.637735849057
"X2003",200.2,458.207407407407
"X2004",200.3,444.348148148148
"X2005",200.4,467.4
"X2006",200.5,463.1
"X2007",200.6,438.837037037037
"X2008",200.7,408.988764044944
"X2009",200.8,409.722891566265
"X2010",200.9,390.7903930131
